score,source,code,pi,org,amount,year,title,why,id
10,NIH,R41,"YARAGHI, NIAM ",INTELLIDENT SYSTEMS INC,304974,2026,Communication Optimization via Artificial Intelligence for Dentistry (CoAID):  Validating a Three-Stage Digital Health Platform to Enhance Dental Care  Communication,software in title; STTR: university partner required; university named; Phase I: early; small early award,1R41DE035767-01
10,NIH,R41,"ELSER, JEREMY A","SHIP OF THESEUS, LLC",399739,2025,Preclinical development of a tandem CART / HSC transplantation platform for hematologic malignancies,software in title; STTR: university partner required; university named; Phase I: early; small early award,1R41CA310331-01
8,NIH,R41,"NARAYAN, DREW GHIRVAN","COLLECTIVE GOOD DX, INC.",349322,2026,Enhancing Peer Diagnostic Support for Rural Clinicians via Collective Intelligence and Adaptive Machine Learning,software in title; STTR: university partner required; Phase I: early; small early award,1R41MD021420-01
8,NIH,R41,"OH, HYUNKYOUNG ",YOUNG TECH SOLUTIONS LLC,313354,2026,Developing a Learning Platform to Support Minimally Verbal Individuals with Autism,software in title; STTR: university partner required; Phase I: early; small early award,1R41DC023812-01
8,NIH,R41,"ZURAW, MATTHEW ","CAREVIRTUE TECHNOLOGIES, INC.",498170,2026,KNOW Dementia: An Evidence-based Intervention with Artificial Intelligence to Support the Unique Mealtime Management Needs of AD/ADRD Care Partners,software in title; STTR: university partner required; Phase I: early; small early award,1R41AG091950-01A1
8,NIH,R41,"HARRIS, BILL ","OMEGAQUANT ANALYTICS, LLC",320864,2026,Developing blood fatty acid-based algorithms as early predictors of macular degeneration and glaucoma: Applying machine learning to harmonized data from prospective cohort studies,software in title; STTR: university partner required; Phase I: early; small early award,1R41EY038578-01
8,NIH,R41,"TSAY, KAREN ",EZ DIAGNOSTICS INC.,312740,2026,Low-Cost Software-based Solution for Commercial Application of PDS,software in title; STTR: university partner required; Phase I: early; small early award,1R41GM165229-01
8,NIH,R41,"GUYETTE, FRANCIS X.",NOMA AI INC.,315149,2026,A real-time decision support software tool for enhancing ED triage and disposition decisions,software in title; STTR: university partner required; Phase I: early; small early award,1R41GM170768-01
8,NIH,R41,"RAHIMPOUR JOUNGHANI, ALI ","WALNOT, INC.",439764,2026,A precision functional neuroimaging platform to enable collection of highly-sampled data at home,software in title; STTR: university partner required; Phase I: early; small early award,5R41MH139347-02
8,NIH,R41,"CHO, DANIEL YOUNGWHAN",CRANIOSURE LLC,302853,2026,Development and Validation of a Novel AI-Augmented Mobile Platform for Early Head Shape Screening in Infants.,software in title; STTR: university partner required; Phase I: early; small early award,1R41DE036130-01
8,NIH,R42,"COURTNEY, ADAM ","CONTINUUM EDUCATIONAL TECHNOLOGIES, PBC",887778,2026,Scaling the Continuum Platform to Support Commercialization and Federal Grant Training Across Central IDeA State Region Institutions,software in title; STTR: university partner required; university named,2R42GM148086-04
8,NIH,R41,"LANDAU, DANIELLA ","MCC HEALTH, INC",201112,2026,Improving patient outcomes through a digital health delivered intervention to monitor and manage symptoms after chimeric antigen receptor T-cell therapy,software in title; STTR: university partner required; Phase I: early; small early award,1R41CA314618-01
8,NIH,R41,"BLAND, TYLER ",PANACEA INTERACTIVE LLC,350000,2025,Mnemonic-based digital platform for improved health literacy amount secondary students.,software in title; STTR: university partner required; Phase I: early; small early award,1R41GM161136-01
8,NIH,R41,"DELGADO, RAFAEL E",INTELLIGENT HEARING SYSTEMS,308712,2025,"Improving accessibility, accuracy, and efficiency of auditory evoked response testing using a telehealth and artificial intelligence approach",software in title; STTR: university partner required; Phase I: early; small early award,1R41DC022808-01
8,NIH,R41,"ZHANG, ALICE ",ANISE HEALTH INC,289773,2025,Anise Health: Digital Mental Health for Asian Americans,software in title; STTR: university partner required; Phase I: early; small early award,5R41MH134727-02
8,NIH,R41,"REINEKE, SEAN ","AROMHA, INC.",493964,2025,Digital Accessible Remote Olfactory Mediated Health Assessments for Lewy Body Disease,software in title; STTR: university partner required; Phase I: early; small early award,1R41AG091992-01A1
8,NIH,R41,"RAHIMPOUR JOUNGHANI, ALI ","WALNOT, INC.",449390,2025,A precision functional neuroimaging platform to enable collection of highly-sampled data at home,software in title; STTR: university partner required; Phase I: early; small early award,1R41MH139347-01A1
8,NIH,R41,"MORRIS, JONATHAN M",DEEP REASONING AI INC,350000,2025,Deep Reasoning AI Virtual Anatomical Technology & Augmented Reasoning Platform: Application to Craniomaxillofacial Reconstruction,software in title; STTR: university partner required; Phase I: early; small early award,1R41DE034646-01
8,NIH,R41,"PLATKIN, CHARLES ",POPCOM HEALTH INC,396605,2025,Project GAME ON!: Empowering urban children to engage in healthy behaviors to reduce obesity risk through an interactive digital comic tool,software in title; STTR: university partner required; Phase I: early; small early award,1R41MD020611-01A1
8,NIH,R41,"COLLINS, SUSAN ELIZABETH",HART3S - A SOCIAL PURPOSE CORPORATION,306678,2025,Building and testing the Life Enhancement and Advocacy Programming digital training tool (LEAPLink) to better serve people with lived experience of homelessness and substance use disorder,software in title; STTR: university partner required; Phase I: early; small early award,1R41DA062292-01
8,NIH,R41,"WRAY, TYLER BLAKE","REAL RECOVERY VR, INC.",309452,2025,A virtual reality (VR) platform that counselors can use to enhance treatment techniques and improve outcomes among those with alcohol use disorder,software in title; STTR: university partner required; Phase I: early; small early award,1R41AA032946-01
7,NIH,R43,"MICHAELIS, JAKOB ",AUXIGEN LLC,308890,2026,"Auxigen: BIO – An Adaptive, AI-Driven Commercialization Training Platform for Biomedical Researchers",software in title; university named; Phase I: early; small early award,1R43GM163460-01
7,NIH,R42,"SURINACH, DANIEL A","OBJECTIVE BIOTECHNOLOGY, INC.",479794,2026,Bionic Imaging Platform (BIP) for high performance functional imaging in freely navigating rodents,software in title; STTR: university partner required; small early award,1R42NS147759-01
7,NIH,R42,"TERSKIKH, ALEXEY V",EPITUNE LLC,350000,2025,Novel imaging-based platform for cell quality and identity control,software in title; STTR: university partner required; small early award,1R42GM159493-01
6,NIH,R42,"MAHAJAN, AMAN ","PIP CARE, INC.",1026003,2026,Novel Digital Health Platform with Virtual Health Coach for Improving Perioperative Patient Outcomes and Care Coordination,software in title; STTR: university partner required,5R42HL174371-03
6,NIH,R42,"REINEKE, SEAN ","AROMHA, INC.",1243304,2026,Digital Accessible Remote Olfactory Mediated Health Assessments forPreclinical AD,software in title; STTR: university partner required,5R42AG062130-06
6,NIH,R42,"BOOHER, KEITH ",ZYMO RESEARCH CORPORATION,907735,2026,A Novel Xenon Delivery Platform for Cerebroprotection During Stroke,software in title; STTR: university partner required,5R42NS098918-06
6,NIH,R42,"REITER, LISA ANN",NORTHWEST PREVENTION SCIENCE INC,870724,2026,A Digital Health Technology to Prevent Family Violence and Improve Child Mental Health,software in title; STTR: university partner required,5R42MH132191-04
6,NIH,R42,"HONG, DAVID S",MAINSQUARE CO,1044386,2026,Engagement and clinical impact of the Teleo virtual therapy platform in clinical settings,software in title; STTR: university partner required,5R42MH136878-03
6,NIH,R42,"MAHAJAN, AMAN ",SENSYDIA CORPORATION,816106,2026,"A non-invasive, automated platform for hemodynamic assessment of patients at risk of heart failure or pulmonary hypertension",software in title; STTR: university partner required,5R42HL167342-03
6,NIH,R42,"PHONGPREECHA, THANAPHONG ","TAKEOFF41, INC.",903784,2026,An AI-driven total parenteral nutrition platform for cost-effective and scientifically personalized nutrition for premature newborns,software in title; STTR: university partner required,5R42HD115517-03
6,NIH,R42,"HAYNES, DAVID A","XANTHOSHEALTH, INC.",925504,2025,ConnectedNest: a digital platform connecting individuals with cancer to social care,software in title; STTR: university partner required,5R42CA295106-02
6,NIH,R42,"MAHAJAN, AMAN ","PIP CARE, INC.",1003059,2025,Novel Digital Health Platform with Virtual Health Coach for Improving Perioperative Patient Outcomes and Care Coordination,software in title; STTR: university partner required,4R42HL174371-02
6,NIH,R42,"TAXMAN, FAYE S","Q2I, LLC",882962,2025,PARCA (a digital tool) to improve Justice and Health,software in title; STTR: university partner required,5R42DA056255-03
6,NIH,R42,"REINEKE, SEAN ","AROMHA, INC.",1249670,2025,Digital Accessible Remote Olfactory Mediated Health Assessments forPreclinical AD,software in title; STTR: university partner required,2R42AG062130-05
6,NIH,R42,"BOOHER, KEITH ",ZYMO RESEARCH CORPORATION,980725,2025,A Novel Xenon Delivery Platform for Cerebroprotection During Stroke,software in title; STTR: university partner required,5R42NS098918-05
6,NIH,R42,"MILLER, DAVID P","DIGITAL HEALTH NAVIGATION SOLUTIONS, LLC",1013300,2025,A cloud-based digital health navigation program for colorectal cancer screening,software in title; STTR: university partner required,5R42CA275665-03
6,NIH,R42,"REITER, LISA ANN",NORTHWEST PREVENTION SCIENCE INC,967170,2025,A Digital Health Technology to Prevent Family Violence and Improve Child Mental Health,software in title; STTR: university partner required,5R42MH132191-03
6,NIH,R42,"HONG, DAVID S",MAINSQUARE CO,1240774,2025,Engagement and clinical impact of the Teleo virtual therapy platform in clinical settings,software in title; STTR: university partner required,4R42MH136878-02
6,NIH,R42,"MAHAJAN, AMAN ",SENSYDIA CORPORATION,1607970,2025,"A non-invasive, automated platform for hemodynamic assessment of patients at risk of heart failure or pulmonary hypertension",software in title; STTR: university partner required,4R42HL167342-02
6,NIH,R42,"PHONGPREECHA, THANAPHONG ","TAKEOFF41, INC.",1061217,2025,An AI-driven total parenteral nutrition platform for cost-effective and scientifically personalized nutrition for premature newborns,software in title; STTR: university partner required,4R42HD115517-02
5,NIH,R43,"SANDLER, ROMAN ",ICARDIO.AI,290142,2026,Artificial Intelligence Enabled Diagnostic Support for Echocardiography,software in title; Phase I: early; small early award,1R43HL184598-01
5,NIH,R43,"SEIFERT, SARA ",MINNESOTA HEALTHSOLUTIONS CORPORATION,353306,2026,Digital platform to support parents of teen drivers with ADHD,software in title; Phase I: early; small early award,1R43MH143321-01
5,NIH,R43,"BEHM, GREGORY PAUL",AI SOLUTIONS 87 LLC,259415,2026,"AIS Comprehensive Radon Intelligence Platform: A Connected Ecosystem for Radon Awareness, Decision Support, and Mitigation.",software in title; Phase I: early; small early award,1R43ES038793-01
5,NIH,R43,"SMITH, DAVID RANDOLPH",OREGON RES BEHAVIORAL INTERVENTION STRAT,314362,2026,Addressing Rising Mental Health Concerns in Youth: Development of an Digital Evidence-Based App for Providers and Teens,software in title; Phase I: early; small early award,1R43MH143566-01
5,NIH,R43,"BERG, MATT ",PURE SOMNI CORPORATION,309881,2026,Somni: A Randomized Trial of an Integrated Digital Platform for Treating Insomnia and Insufficient Sleep Duration,software in title; Phase I: early; small early award,1R43HL184797-01A1
5,NIH,R43,"CREIGHTON, FRANCIS MILTON","UNANDUP, LLC",289177,2026,Magnetic Rotational Platform for Coronary Lesions,software in title; Phase I: early; small early award,5R43HL178364-02
5,NIH,R43,"KIM, INKI ",MEDULATE LLC,339866,2026,Optimizing Central Venous Catheterization Training with Affordable Platform Technology,software in title; Phase I: early; small early award,1R43EB037507-01A1
5,NIH,R43,"STEIN, RISA ",SEEINME INC,173498,2026,SeeInMe: Digital Profiles Facilitating Person-centered Coordinated Care for People with Dementia,software in title; Phase I: early; small early award,5R43AG090142-02
5,NIH,R43,"BATCHELDER, KENDRA ","MEDARA, INC",399860,2026,A Longitudinal Multimodal Risk Prediction Platform for Personalized Breast Cancer Screening,software in title; Phase I: early; small early award,1R43CA314667-01
5,NIH,R43,"SHU, I-WEI ",BIOSIGNAL SOLUTIONS LLC,453695,2026,BrainGain: a neurofeedback platform to improve memory from home in individuals with schizophrenia,software in title; Phase I: early; small early award,1R43MH142174-01
5,NIH,R41,"KEMP, JOSHUA ",PARC INNOVATIONS LLC,407411,2026,Interactive E-Learning for Therapist Training in Exposure Therapy,STTR: university partner required; Phase I: early; small early award,5R41MH139194-02
5,NIH,R43,"BEVILACQUA, DANA MICHELLE","VIBILLER, LLC",324115,2026,A Novel Platform to Measure Motor and Reward Biomarkers in Music-Based Stroke Therapy,software in title; Phase I: early; small early award,1R43NS149895-01
5,NIH,R43,"BACCELLIERI, ANNA ",RENALIS HEALTH INC.,327593,2026,Culturally Adapted Digital Behavioral Therapy for Overactive Bladder in Black Women: An Innovative AI-Assisted Approach,software in title; Phase I: early; small early award,1R43MD021396-01
5,NIH,R43,"LIU, JIAYUN ",ENDLESS VECTORS BIOSCIENCE,306872,2026,A Novel Cell-Cycle Dependent Replicating AAV platform for Neonatal Inborn Errors of Metabolism,software in title; Phase I: early; small early award,1R43TR006346-01
5,NIH,R43,"JAIN, TILAK ","37DEGREES, INC.",456902,2026,"InVitreON: A compact and integrated platform for long-term neuronal culture incubation, recording and closed-loop stimulation",software in title; Phase I: early; small early award,1R43MH139167-01A1
5,NIH,R43,"HARRIS, KIMYA ","TRICAN HEALTH, INC",405870,2026,Overcoming Access Barriers to Cancer Clinical Trials via an Innovative Platform for Matching Patients to Trials and Resources,software in title; Phase I: early; small early award,1R43CA309958-01
5,NIH,R43,"HOWARD, ELISABETH ",FLOURISH COLLECTIVE INC,306798,2026,AI-Driven Risk Prediction and Action Platform to Reduce Maternal Health Risks Among Expecting Mothers Enrolled in Medicaid,software in title; Phase I: early; small early award,1R43MD021438-01
5,NIH,R43,"ST. BERNARD, TIFFANY ","HAIRDAYS, INC.",306872,2026,Hybrid telehealth platform to facilitate dermatologist referrals through AI-assisted image screening and collaboration between hair professionals and dermatologists.,software in title; Phase I: early; small early award,1R43MD021402-01
5,NIH,R43,"YANKEN, MADISON ","IRB ASSIST, LLC",314141,2026,"IRB-Assist: AI-powered decision support platform that enhances the speed, consistency, and accuracy of Institutional Review Board reviews",software in title; Phase I: early; small early award,1R43TR006311-01
5,NIH,R43,"JOSHI, SAMEER ",DATANOVA SCIENTIFIC LLC,306969,2026,"Technology-Driven Root cause Analysis and Clinical Enhancement for Clostridioides difficile Infection (TRACE-CDI), a Digital Thread to trace Hospital-acquired Infections",software in title; Phase I: early; small early award,1R43AI192167-01
5,NIH,R41,"KOLOKYTHAS, ANTONIA ","ARPHION, LTD",309391,2026,Use of neural networks and deep learning to construct a miRNA classifier to differentiate with high accuracy and noninvasively oral squamous cell carcinoma from benign leukoplakia,STTR: university partner required; Phase I: early; small early award,1R41CA302214-01A1
5,NIH,R43,"MALAKOUTI, SALIM ",NOMA AI INC.,305292,2025,"A Real-time, Automated Maternal Hemorrhage Risk Assessment Platform Using Artificial Intelligence",software in title; Phase I: early; small early award,1R43HD117484-01
5,NIH,R43,"ELL, BRIAN ","EDVOTEK, INC.",304862,2025,The STEMfluidics Platform: Inspiring STEM Learning and Career Exploration with Microfluidics,software in title; Phase I: early; small early award,1R43GM161144-01
5,NIH,R43,"REDDY, ANUPAMA ",VINDHYA DATA SCIENCE INC.,54992,2025,Developing entrepreneurial skills for the BIOCLIN software platform to support biomarker clinical trials,software in title; Phase I: early; small early award,3R43TR005143-01S1
5,NIH,R44,"ROOZEBOOM, CLIFTON LEE","MYRIAD SENSORS, INC.",794771,2025,Heat Viz: An interactive digital platform for heat island investigations for K-12 STEM students,software in title; university named,5R44GM150307-03
5,NIH,R43,"WEBSTER, COURTNEY ",MAE HEALTH INC,303389,2025,Reducing Black Maternal Health Disparities in Medicaid through a Culturally-Competent Digital Health Platform and Integrated Doula Community Care,software in title; Phase I: early; small early award,1R43MD020238-01A1
5,NIH,R43,"FENG, XUE ","CARINA MEDICAL, LLC",304215,2025,Development of Validation of a Novel Software Platform for Decentralized Clinical Trial in Substance Use Disorder Incorporating Large Language Models,software in title; Phase I: early; small early award,1R43DA062307-01
5,NIH,R43,"HOMAN, HARVEY D",METASTX LLC,399954,2025,Epithelial-Mesenchymal Transition Signature Markers (EMTsm) with Machine Learning-Based Analysis as a Predictor of Metastatic Prostate Cancer,software in title; Phase I: early; small early award,1R43CA298410-01
5,NIH,R43,"CREIGHTON, FRANCIS MILTON","UNANDUP, LLC",413595,2025,Magnetic Rotational Platform for Coronary Lesions,software in title; Phase I: early; small early award,1R43HL178364-01
5,NIH,R43,"MUENCH, FREDERICK JOHN",MOBILE HEALTH INTERVENTIONS LLC,280207,2025,A Digital Intervention to Reduce Youth Cannabis Use,software in title; Phase I: early; small early award,1R43DA062420-01
5,NIH,R43,"FERNANDEZ, GERARDO ",VIEWMIND INC,495731,2025,"Evaluation of ViewMind's ability to detect beta-amyloid and tau burden consistent with Alzheimer's disease in persons with MCI using Machine Learning, VR, and eye-tracking technology",software in title; Phase I: early; small early award,1R43AG097131-01
5,NIH,R43,"BRISTER, PAUL CLIFTON","FOUNDATION INSTRUMENTS, INC.",309285,2025,"SBIR Phase I: Evaluating the Feasibility of a HAA-Meter for Affordable, Onsite Monitoring of Haloacetic Acids in Drinking Water Plants with Advanced Machine Learning Chromatographic Interpretation",software in title; Phase I: early; small early award,1R43ES037584-01
5,NIH,R43,"MA, JINGSEN ","DYNAFLOW, INC.",55000,2025,ICorps- A Numerical Platform for Microbubble Enhanced Sonothrombolysis,software in title; Phase I: early; small early award,3R43HL172528-01S1
5,NIH,R43,"MUJEEB-U-RAHMAN, MUHAMMAD ",INTEGRATED MEDICAL SENSORS,275275,2025,A Miniaturized and Flexible Continuous Glucose Monitoring Platform,software in title; Phase I: early; small early award,1R43DK143120-01
5,NIH,R43,"BAUTISTA, CARL TIM","SPECTRAL LABS, INC.",95059,2025,AI HazMat Specialist for Supplemental Learning,software in title; Phase I: early; small early award,1R43ES037505-01
5,NIH,R43,"DRISCOLL, MARK DAVID",INTUS BIOSCIENCES LLC,405973,2025,"Breakthrough High-Accuracy, High-Throughput Colorectal Cancer Screening Platform",software in title; Phase I: early; small early award,1R43CA298515-01
5,NIH,R43,"MODAYUR, BHARATH ","BSOLUTIONS, INC.",66700,2025,Cribsy: A platform for home-based automated developmental risk screening,software in title; Phase I: early; small early award,5R43HD115478-02
5,NIH,R43,"HUANG, BIN ","BRAINCHECK, INC.",497782,2025,A Primary Care eConsult Platform for Dementia Diagnosis and Care Management,software in title; Phase I: early; small early award,1R43AG094410-01A1
5,NIH,R43,"STEIN, RISA ",SEEINME INC,326382,2025,SeeInMe: Digital Profiles Facilitating Person-centered Coordinated Care for People with Dementia,software in title; Phase I: early; small early award,1R43AG090142-01A1
5,NIH,R43,"ONI, OLUMUYIWA ",ALTRUMED LLC,404078,2025,Device-Agnostic Hypoxia Detection Software for Overdose Prediction and Positive Reversal Monitoring,software in title; Phase I: early; small early award,1R43DA064271-01
5,NIH,R43,"REDDY, ANUPAMA ",VINDHYA DATA SCIENCE INC.,174107,2025,BIOCLIN: A precision medicine platform to support biomarker-driven clinical trials,software in title; Phase I: early; small early award,5R43TR005143-02
5,NIH,R43,"SHEKARRIZ, REZA ","EXHALIX, LLC",350000,2025,Genie:S: On-Demand Sulfide Synthesis and Delivery Platform Technology for Ischemia Therapy,software in title; Phase I: early; small early award,1R43TR005284-01A1
5,NIH,R41,"KEMP, JOSHUA ",PARC INNOVATIONS LLC,442074,2025,Interactive E-Learning for Therapist Training in Exposure Therapy,STTR: university partner required; Phase I: early; small early award,1R41MH139194-01
5,NIH,R43,"MADANAHALLY DIVAKAR, KIRAN ","KASA BIO, L.L.C.",345285,2025,A probe-based higher order multiplex technology to expand the capacity of digital PCR systems,software in title; Phase I: early; small early award,1R43GM160998-01
5,NIH,R43,"MCQUIGGAN, SCOTT ","SOCIAL CASCADE, LLC",378893,2025,Integrating AI nowcasting models with digital communications to reduce RSV infections in rural areas,software in title; Phase I: early; small early award,1R43NR021380-01A1
5,NIH,R43,"GUTTMAN, JEREMY ","BIOMOTIVATE, LLC",306872,2025,PEACE Platform for Non-Invasive Narrative Neuromodulation (Personalized Evocative Audiovisual Content for Everyone),software in title; Phase I: early; small early award,1R43DA062438-01
5,NIH,R43,"TRYNER, JESSICA ","ACCESS SENSOR TECHNOLOGIES, LLC",306341,2025,High-Throughput Automated Air Sample Analysis Platform for Exposomics and Precision Environmental Health Research,software in title; Phase I: early; small early award,1R43ES038045-01
5,NIH,R43,"KIM, KATHERINE K",HEALTH TEQUITY LLC,384883,2025,ACTIVATE: An AI-Enabled Multilingual Platform for Connected and Accessible Care Coordination and Remote Monitoring.,software in title; Phase I: early; small early award,1R43MD021142-01
5,NIH,R41,"CHILDS, CHARLIE ",INTERO BIOSYSTEMS INC.,349952,2025,A Novel Multi-Lineage Human Intestinal Organoid Screening Platform for Drug Discovery and Preclinical Testing,software in title; STTR: university partner required; university named; Phase I: early; small early award; PENALTY: wet-lab/therapeutic,1R41TR005379-01A1
5,NIH,R43,"HONARVAR NAZARI, NARGES ",INTEGRATED MEDICAL SENSORS,284999,2025,Development and Validation of Efficient Algorithms for Real-Time Glucose Monitoring on a Multi-Sensor Integrated Platform,software in title; Phase I: early; small early award,1R43DK143874-01
5,NIH,R43,"SEIMETZ, JOSEPH ",RICOVR HEALTHCARE INC.,54382,2025,Advancement of a Point-of-Need (PoN) platform device for accurate and destigmatized detection of recent cannabis use,software in title; Phase I: early; small early award,3R43DA059318-01S1
5,NIH,R43,"SANDERS, LISBETH ",LIFEBIO INC,61825,2025,LifeBioTALK: Digital Engagement with a Pre-Scripted Avatar for People with Alzheimer's Disease to Reduce Challenging Behaviors and Caregiver Burden,software in title; Phase I: early; small early award,5R43AG082588-02
5,NIH,R43,"SMITH, DAVID RANDOLPH",OREGON RES BEHAVIORAL INTERVENTION STRAT,313554,2025,Digital CBT to Address Parental Depression and Enhance Family Well-Being in Low-Income Households with Young Children,software in title; Phase I: early; small early award,1R43MH142139-01
5,NIH,R43,"FISHER, JONATHAN ","SNORKLE, INC.",270040,2025,"A generative-AI-assisted platform for rapidly creating interactive,accurate 3D explainers for all of biomedical science and medicine",software in title; Phase I: early; small early award,1R43GM157949-01
5,NIH,R41,"BASAVARAJ, CHINMAI ",AMAHEALTH LLC,313180,2025,Accurate and actionable prediction of impending labor using deep learning on maternal physiological data,STTR: university partner required; Phase I: early; small early award,1R41HD117576-01A1
5,NIH,R43,"NADIMPALLI, SARAH BERGMAN","BOOKLILLICARES, LLC",306872,2025,Implementing a tech platform for training & consumer access to nanny agency sourced caregivers; a nascent elder companion care workforce,software in title; Phase I: early; small early award,1R43AG097252-01
5,NIH,R43,"KELLY, TYLER ","LAZARUS 3D, INC.",400016,2025,Development and Validation of a High-Fidelity Cardiac Presurgical Planning Platform for Congenital Heart Defects Using 3D Printing Technology,software in title; Phase I: early; small early award,1R43HL182462-01
5,NIH,R43,"ROSLYAKOV, STANISLAV ","ADDINEX TECHNOLOGIES, INC.",6500,2025,"Integration of an opioid dispensing, monitoring, and disposal platform with a hospital pharmacy to reduce opioid use by discharged emergency department patients",software in title; Phase I: early; small early award,3R43DA060717-01S1
5,NIH,R43,"FISHER, JONATHAN ","SNORKLE, INC.",6500,2025,"A generative-AI-assisted platform for rapidly creating interactive,accurate 3D explainers for all of biomedical science and medicine (TABA Supplement)",software in title; Phase I: early; small early award,3R43GM157949-01S1
5,NIH,R43,"GAO, XIANG ",SCIENTIFIC HORIZONS CONSULTING LLC,55000,2025,A Novel Aerosolization and Inhalation Platform for the Pulmonary Delivery of Anti-inflammatory Agents to Distal Airways for the Enhanced Pain Management in Chronic Obstructive Pulmonary Disease (COPD),software in title; Phase I: early; small early award,3R43HL172316-01S1
5,NSF,SBIR,"Reyes-Umana, Victor",IZOTE BIOSCIENCES INC.,304950,2026,SBIR Phase I: An Energy-Efficient Fermentation Platform to Lower the Cost of Industrial Biomanufacturing,software in title; Phase I: early; small early award,2605185
5,NSF,SBIR,"Whelan, Gregory",Teradio Inc.,305000,2026,SBIR Phase I: Wireless Sidestep Network: Harnessing Sub-terahertz to Enable New Degrees of Freedom in AI Data Center Architectures,software in title; Phase I: early; small early award,2604939
5,NSF,SBIR,"Tur, Aman",REACHAMY INC.,304950,2026,SBIR Phase I: Agentic Artificial Intelligence System,software in title; Phase I: early; small early award,2537722
5,NSF,SBIR,"Tyner, Alexander","TAILWATER INFORMATICS HOLDINGS, CORP.",304905,2026,SBIR Phase I: AI-Driven Cloud Application Programming Interface for Quantum-Accurate Materials Simulation,software in title; Phase I: early; small early award,2603825
5,NSF,SBIR,"Yip, Michael","CHANNEL ROBOTICS, INC.",305000,2026,SBIR Phase I: AI-Enhanced Robotic Continuum Robotic Instruments for use in Endoscopic Surgery,software in title; Phase I: early; small early award,2527887
5,NSF,SBIR,"Covington, Joshua","GRADED GAMING, LLC",304991,2026,SBIR Phase I: Introducing Riley: A Co-Designed AI Teacher Powered by Natural Language Processing for CTE Success,software in title; Phase I: early; small early award,2533900
5,NSF,SBIR,"Jahanshahi, Mohammad Reza",PAVEX LLC,305000,2026,SBIR Phase I: AI-enabled Affordable and Autonomous Road Condition Assessment System,software in title; Phase I: early; small early award,2537992
5,NSF,SBIR,"Davis, Ronald",VECTORWAVE CORPORATION,304638,2025,SBIR Phase I: Spectrum Coexistence Digital Twin,software in title; Phase I: early; small early award,2528405
5,NSF,SBIR,"Lan, Hao-Yu",ATOMOS 3D LLC,304994,2025,SBIR Phase I: Developing Energy-Efficient 3D Memory Using Advanced Indium Gallium Zinc Oxide Transistors for Next-Generation AI Chips,software in title; Phase I: early; small early award,2528261
5,NSF,SBIR,"Loucks, Jeff","PRICING SERVICE, INC.",299700,2025,SBIR Phase I: Scalable AI-Enabled Automated Pricing Tool for Service Industries,software in title; Phase I: early; small early award,2451100
5,NSF,SBIR,"BASNYAT, BIPENDRA",AI SENSE LLC,304996,2025,SBIR Phase I: AI Powered Invisible Fence to Foster Human-Wildlife Harmony,software in title; Phase I: early; small early award,2507344
5,NSF,STTR,"Degraff, Joshua",FEEL WITH ME LLC,187378,2025,STTR Phase I: Flexible Sensor Arrays for Smart Fabrics and Surfaces using Ink-jet Printing and a Practical Approach to Nanotechnology,STTR: university partner required; Phase I: early; small early award,2451363
5,NSF,SBIR,"Tan, See-Mong",PANGEA LLC,304997,2025,SBIR Phase I: Cloud-Based Platform for Comprehensive AI Robustness Assessment with Dual Optimization for Accuracy and Robustness,software in title; Phase I: early; small early award,2505703
5,NSF,SBIR,"Li, Da",YOTTA LABS INC,296736,2025,SBIR Phase I: Decentralized Artificial Intelligence (AI) Computing Operating System for Accessible and Cost-Effective AI,software in title; Phase I: early; small early award,2527080
5,NSF,SBIR,"Gibson, Jason",QUANTUM FORMATICS CORP.,305000,2025,SBIR Phase I: AI-Accelerate Superconductor Discovery for High-Field Magnets,software in title; Phase I: early; small early award,2528312
5,NSF,SBIR,"Upshaw, Joshua","HIDALGA TECHNOLOGIES, LLC",304935,2025,SBIR Phase I: AI-Driven Platform for Prior Authorization Automation and Workflow Optimization in Oncology Specialty Healthcare,software in title; Phase I: early; small early award,2507367
5,NSF,SBIR,"Fujita, Ray","SEGMEDIX, CO.",305000,2025,SBIR Phase I: AI-Powered Prostate MRI Analysis Software,software in title; Phase I: early; small early award,2528273
5,NSF,STTR,"Jaworski, Elizabeth",XN HEALTH INC.,274841,2025,STTR Phase I:  Tracheal Phrenic Nerve Stimulation Device To Support Lung And DiaphrAgm Protective Ventilation,STTR: university partner required; Phase I: early; small early award,2432754
5,NSF,SBIR,"Chowdhury, Alisha",MONGO APP INC.,304903,2025,SBIR Phase I: Intelligent Financial Coaching Platform Powered by AI and Behavioral Science,software in title; Phase I: early; small early award,2526351
5,NSF,STTR,"Gillette, Amani","SELIGHT, LLC",304733,2025,STTR Phase I: Developing an optical metabolic flow cytometer to screen T cell fitness for Chimeric Antigen Receptor (CAR) T-cell Therapy,STTR: university partner required; Phase I: early; small early award,2451768
5,NSF,SBIR,"Puigmal, Nuria",LYBRA BIO INC.,304450,2025,SBIR Phase I: Microneedle-Based Platform for Treatment of Autoimmune Skin Diseases,software in title; Phase I: early; small early award,2506886
5,NSF,SBIR,"Srinivasa, Ganapati",CAUSALIT LLC,304929,2025,"SBIR Phase I:  Two-stage Causal AI modeling for Causally-Aware, Edge-Deployable Healthcare AI",software in title; Phase I: early; small early award,2451320
5,NSF,SBIR,"Tamsitt, Veronica",SUBMARINE SCIENTIFIC LLC,294759,2025,SBIR Phase I: Automatically Configurable Graphical Processing Unit Optimized Ocean Carbon Modeling Platform,software in title; Phase I: early; small early award,2507717
5,NSF,SBIR,"Urban, Luke",MAGNOLIA ELECTRONICS INC,304900,2025,SBIR Phase I: Machine-Learning Enabled Analog-to-Digital Converter,software in title; Phase I: early; small early award,2507707
5,NSF,STTR,"Burns, Wen","CICADEA BIOTECH, LLC",305000,2025,STTR Phase I:  A Urine Test for Kidney Cancer Detection,STTR: university partner required; Phase I: early; small early award,2451001
5,NSF,SBIR,"Mosharraf, Maryam",TALK COACHES INC,305000,2025,"SBIR Phase I:  AI-Enhanced Feedback to Accelerate Literacy, Creativity, and Student Engagement",software in title; Phase I: early; small early award,2507435
5,NSF,SBIR,"Avery, Amber",NEXTGENEDU INC,304993,2025,SBIR Phase I:  An Adaptive AI-Driven Career Exploration Platform,software in title; Phase I: early; small early award,2507751
5,NSF,SBIR,"Kaiser, Isaiah",AUXILIUM HEALTH INC,275000,2025,"SBIR Phase I: An Aerogel Wound Dressing Material Platform with Mechanical Fluid Management, Biofilm Prevention, and pH based Infection Detection Properties",software in title; Phase I: early; small early award,2421214
5,NSF,SBIR,"Jones, Matthew","RESONANTIA DIAGNOSTICS, INC.",305000,2025,SBIR Phase I: Acoustic Sensor Based Point of Care Diagnostic Platform for Rapid Identification and Antimicrobial Susceptibility Testing,software in title; Phase I: early; small early award,2451554
5,NSF,SBIR,"Gutierrez, Carlos",BIRED IMAGING INC,305000,2025,SBIR Phase I: Efficient Thermal-Spatial Point-Cloud Extraction and Rapid Assessment of Physics-Based AI Algorithm from Infrared Images to Increase Early Detection of Breast Cancer,software in title; Phase I: early; small early award,2451205
5,NSF,SBIR,"Mina, Michael",RT MICRODX INC.,274362,2025,SBIR Phase I:  Development of a Molecular Diagnostic Platform for Use at Home without an Expensive Table-top Device,software in title; Phase I: early; small early award,2423045
5,NSF,SBIR,"Yeboah, Amy","YEBOAH, AMY",303226,2025,SBIR Phase I:  World of Hello: Using artificial intelligence (AI) for an interactive language-learning process designed for young children,software in title; Phase I: early; small early award,2451489
4,NIH,R43,"BARRY, SAMANTHA ","PEDIATRIC PSYCHOLOGY PARTNERS, PC D/B/A STREAMIND HEALTH",657113,2026,A Digital Therapy Platform to Improve Access to Cognitive Behavioral Treatment for Youth with Chronic Headaches,software in title; Phase I: early,1R43AT013908-01
4,NIH,R44,"CRESWELL, JOHN DAVID","EQUA HEALTH, INC.",325417,2026,Live Coaching Support Integration in Digital Mindfulness Training,software in title; small early award,1R44DK145303-01A1
4,NIH,R44,"MCQUIGGAN, SCOTT ","SOCIAL CASCADE, LLC",312873,2026,Integrating nowcasting models with digital communications to reduce the asthma burden in rural areas,software in title; small early award,1R44HL180233-01A1
4,NIH,R44,"SPUHLER, PHILIPP STEFAN","SANSIMEON, INC",382798,2026,A Fully Integrated Platform for Reproducible and Scalable Single-Cell Sequencing in Clinical Research,software in title; small early award,1R44GM163418-01
4,NIH,R43,"CORKEY, JON ANDREW","AMISSA, INC.",504222,2026,HERMOSA: Understanding the Perimenopausal Health Experience of Latina Women Using Digital Biomarkers from Apple Watch.,software in title; Phase I: early,1R43MD021449-01
4,NIH,R44,"CHRISTENSON, MATTHIAS ","MOUNTAIN BIOMETRICS, INC",306721,2026,"Unlocking Medical AI: A Scalable, Privacy-Preserving Annotation Platform for Clinical and Physiological Data",software in title; small early award,1R44LM015020-01
4,NIH,R42,"MASON, JEREMY ","CANSERA, INC.",290828,2026,CellLogic: Deep Learning Identification and Characterization of Rare Events in Fluorescent Whole Slide Imaging,STTR: university partner required; small early award,1R42CA314789-01
4,NIH,R44,"VAZIRI, ASHKAN ","BIOSENSICS, LLC",50000,2025,"Software Platform for Automatic, Opportunistic Screening of Vertebral Compression Fractures",software in title; small early award,3R44AG084327-02S1
4,NIH,R44,"NANJI, KAREN C","GUIDED CLINICAL SOLUTIONS, INC.",313819,2025,GuidedOR: A Real-Time Medication Safety Software Platform for the Operating Room,software in title; small early award,1R44LM014736-01
4,NIH,R44,"FISHER, JAY KENNETH","REDBUD LABS, INC.",48000,2025,System for unitary automation of library preparation,software in title; small early award,3R44GM145194-03S1
4,NIH,R44,"KOEUTH, SOKHA ",PLANS4CARE INC.,490262,2025,Activites4Care: A Digital Platform to Enhance Caregiver Well-being by Providing Customized Activities that Improve Quality of Life for People Living with Dementia,software in title; small early award,1R44AG091857-01
4,NIH,R44,"GONZALEZ, LAURA LYNN","DYNAMOID, INC.",124120,2025,10k: A platform for immersive science education,software in title; small early award,3R44GM146471-03S1
4,NIH,R44,"ROOTS, MONIKA DRUMMOND","BEND HEALTH, INC",291491,2025,Progressing Bend Health’s Digital Rapid Crisis Support for Adolescents and Caregivers,software in title; small early award,1R44MH139104-01A1
4,NIH,R44,"OBERLEITNER, RONALD OBERLEITNER","CARING TECHNOLOGIES, INC.",50000,2025,Transforming Hospitalizations of Autistic Adolescents via a Novel ABA Telehealth Platform,software in title; small early award,3R44MH134706-02S1
4,NIH,R44,"PRINCE, ROBIN ","VIVID BIOINNOVATIONS, PBC",306872,2025,A Universal Platform for Ultrahigh-Throughput Biocatalyst Evolution With micro-Mass Spectrometry,software in title; small early award,1R44GM161309-01
4,NIH,R44,"ZAX, JACOB MELLMAN",EDIFY,50000,2025,MusiQuest STEAM: interactive digital media for K-5 STEM education integrating audio and music,software in title; small early award,3R44GM156157-02S1
4,NIH,R44,"LEE, JIN ",ONE HEALTH STUDIO LLC,474092,2025,Flourish All: Women's Integrated Stress Reduction for Alzheimer's Risk Prevention Using Digital Tools and Biomarker Monitoring,software in title; small early award,1R44AG097057-01
4,NIH,R44,"CINER, JARED PHILLIP",SPIRIT FIT & HEALTH INC,50000,2025,SPIRIT Club CBI Pathway: A novel streaming platform for physical activity and wellness promotion for chronic brain injury survivors,software in title; small early award,3R44HD112248-02S1
4,NIH,R44,"EDDY, MIKA ","MALAMA HEALTH, INC.",313955,2025,A Specialized Risk-Stratification Platform and Tailored Diabetes Prevention Program for Post-Partum to Reduce Progression to Type 2 Diabetes,software in title; small early award,1R44MD021154-01
4,NIH,R44,"DUTTA, DEBOLEENA ",VIORA HEALTH INC,486883,2025,Wraparound digital health support system to improve engagement and health outcomes of minority populations who are disadvantaged by social determinants of health in evidence-based protocols,software in title; small early award,5R44MD015981-03
4,NSF,SBIR,"Li, Peter","SUFFICIENTLY ADVANCED, INC.",312500,2026,SBIR Phase II: AI Generated Robotic Behavior,software in title; small early award,2537458
4,NSF,SBIR,"Wu, Sean",SIGNAL-WISE LLC,312500,2026,"SBIR Phase II: AI-Enabled Acoustic Signal Interpretation for Automated, Standardized Quality Control Testing",software in title; small early award,2537270
4,NSF,SBIR,"ZHANG, HAIYONG","ILAMBDA, INC.",312393,2026,"SBIR Phase II:  Upstyled Design: AI-Powered Innovation for Sustainable, Customized Product Design in US Apparel, Printing, and Packaging Manufacturing",software in title; small early award,2523840
4,NSF,SBIR,"Grezmak, John",CRABLINE ROBOTICS LLC,312500,2026,SBIR Phase II: Robotic Platforms for Managing Submerged Structures,software in title; small early award,2537962
4,NSF,SBIR,"Fortuna, Christopher",AMIE HEALTH INC.,312500,2026,SBIR Phase II: Decision Support Language Model and Electronic Data Platform for Early Screening and Management,software in title; small early award,2538293
4,NSF,SBIR,"Perea Lopez, Nestor",Virolock Technologies Limited Liability Company,312500,2025,SBIR Phase II: Development of a Universal Platform for the Rapid Enrichment and Isolation of Viruses,software in title; small early award,2537182
4,NSF,SBIR,"Baidak, Bella",PRJCT B CO.,0,2025,"SBIR Phase I: End-to-End Platform to Generate Custom-Fitted Garments Via Body Scanning, Shape Analysis and Fit Algorithms, and On-Demand 3D Knitting",software in title; Phase I: early,2451586
3,NIH,R44,"SANDERS, LISBETH ",LIFEBIO INC,1029947,2026,LifeBio Memory: Development of a reminiscence therapy online platform with machine learning to increase engagement,software in title,5R44AG069566-04
3,NIH,R44,"HAVELKA, JIM ","INFORMAI, INC.",992164,2026,Artificial Intelligence Tool to Optimize Organ Transplantation Outcomes (Transplant-AI),software in title,5R44HL172564-03
3,NIH,R44,"ZOBI, AHMED NABIL","SYNTR HEALTH TECHNOLOGIES, LLC",1000251,2026,Device Automation of an FDA-cleared CD-Microfluidic Platform for Rapid Tissue Microsizing,software in title,5R44TR004975-03
3,NIH,R44,"BECK, JASON GREGORY","ESPIRA, INC.",1020000,2026,"Fluorescence-solid phase Extraction (F-SPE) Microfluidic Platform for Rapid,  Onsite Detection and Identification of PFAS with Machine Learning",software in title,5R44ES035349-03
3,NIH,R44,"NANJI, KAREN C","GUIDED CLINICAL SOLUTIONS, INC.",1085406,2026,GuidedOR: A Real-Time Medication Safety Software Platform for the Operating Room,software in title,4R44LM014736-02
3,NIH,R44,"SHAABAN, SAMI ",NURELM E-BUSINESS SOFTWARE,587897,2026,Using Machine Learning and Sensing to Contextualize Hyperactivity Measurement on Wearable Devices,software in title,5R44MH138145-03
3,NIH,R44,"HARFOUCHE, MARK ","RAMONA OPTICS, INC.",1000000,2026,A parallelized computational microscope platform for high-throughput live imaging of patient-derived organoids,software in title,5R44CA285197-03
3,NIH,R44,"KOEUTH, SOKHA ",PLANS4CARE INC.,1190509,2026,Activites4Care: A Digital Platform to Enhance Caregiver Well-being by Providing Customized Activities that Improve Quality of Life for People Living with Dementia,software in title,4R44AG091857-02
3,NIH,R44,"GOTSHALK, ANDREW ","NEUROLOGIC SOLUTIONS, INC.",524517,2026,EpiScalp: An EEG Analytics Solution to Improve Diagnosis of Epilepsy,software in title,5R44NS137845-03
3,NIH,R44,"SPURLOCK, CHARLES FLOYD","DECODE HEALTH, INC.",979138,2026,Multivariate machine learning analysis of blood-based RNA expression profiles to distinguish relapsing-remitting and progressive forms of multiple sclerosis,software in title,5R44AI195280-02
3,NIH,R44,"GUCCIONE, JULIUS MATTEO","3DT HOLDINGS, LLC",1050048,2026,Software-guided Operative Planning of MitraClip Placement,software in title,5R44HL169034-03
3,NIH,R41,"MOHANDES, SAMER ",TARNA THERAPEUTICS LLC,213458,2026,Novel therapeutic platform for kidney disease,software in title; STTR: university partner required; Phase I: early; small early award; PENALTY: wet-lab/therapeutic,1R41DK145342-01
3,NIH,R44,"BROOKINS, TRACE ","OPIAID, INC.",1132593,2026,Development of the OpiAID strength band platform,software in title,5R44DA058474-03
3,NIH,R44,"JACKSON, KRISTINA HARRIS","OMEGAQUANT ANALYTICS, LLC",1038181,2026,Testing a blood fatty acid algorithm as an earlier and easier predictor of insulin resistance,software in title,2R44DK136409-02A1
3,NIH,R41,"ROEHM, KEVIN ",CFD RESEARCH CORPORATION,349752,2026,High-throughput Organoid Platform for Electrophysiology Studies (HOPES),software in title; STTR: university partner required; Phase I: early; small early award; PENALTY: wet-lab/therapeutic,1R41TR006349-01
3,NIH,R44,"KARLSSON, MATTIAS PETER","SPIKEGADGETS, LLC",860666,2026,A Commercial Platform for High-Volume Behavior and Electrophysiology Research,software in title,5R44MH142264-02
3,NIH,R44,"HAGAN, DAVID WALKER","HESPEROS, INC",720882,2026,Human Neuromuscular Junction Platform to Evaluate Botulinum Toxin Potency,software in title,2R44TR004811-03
3,NIH,R44,"KEDZIORA, RICHARD ","ESTENDA SOLUTIONS, INC.",781326,2026,Hub4Smell: Advancing Human Olfactory Research through Digital Innovation and Community Engagement,software in title,5R44DC022498-02
3,NIH,R44,"MODAYUR, BHARATH ","BSOLUTIONS, INC.",556507,2026,Cribsy: A platform for home-based automated developmental risk screening,software in title,2R44HD115478-03A1
3,NIH,R44,"GAREAU, DANIEL SUMMER","SURGIVANCE, INC.",1271776,2026,"Rapid 3D POC digital cancer pathology by unique confocal microscopy instrumentation and downstream AI:  a simple, efficient, robust direct-to-digital approach to meet market demand",software in title,5R44CA302122-02
3,NIH,R41,"BLACK, JOSHUA ","SOLLUS THERAPEUTICS, INC.",322576,2026,Development of a modular customizable screening platform for chimeric antigenreceptor optimization,software in title; STTR: university partner required; Phase I: early; small early award; PENALTY: wet-lab/therapeutic,1R41TR006357-01
3,NIH,R42,"ALLEN, BRADLEY DAVID","THIRD COAST DYNAMICS, INC.",751837,2026,Anatomic Imaging Derived 4D Hemodynamics using Deep Learning,STTR: university partner required,5R42HL174259-03
3,NIH,R44,"KLOSE, ALEXANDER D.","IN VIVO ANALYTICS, INC.",907050,2026,A modular bioluminescence imaging platform using a novel multi-aperture method,software in title,5R44MH140129-03
3,NIH,R44,"SABALKA, LUCAS ",OCUVERA LLC,808534,2026,Refinement of a Digital Monitoring System to Reduce Risk of Hospital Acquired Pressure Injuries,software in title,5R44NR019556-03
3,NIH,R44,"WILLIAMS, CHRISTOPHER ","NATIONAL HEALTH PROMOTION ASSOCIATES, INC.",506107,2026,Using Digital Health Technology to Prevent Bullying and Cyberbullying among Elementary School Students,software in title,5R44HD114361-04
3,NIH,R44,"PRINCE, ROBIN ","VIVID BIOINNOVATIONS, PBC",1027505,2026,A Universal Platform for Ultrahigh-Throughput Biocatalyst Evolution With micro-Mass Spectrometry,software in title,4R44GM161309-02
3,NIH,R44,"MUJEEB-U-RAHMAN, MUHAMMAD ",INTEGRATED MEDICAL SENSORS,922875,2026,A Miniaturized and Flexible Continuous Glucose Monitoring Platform using Scalable Semiconductor Manufacturing,software in title,1R44DK146647-01
3,NIH,R44,"ZAX, JACOB MELLMAN",EDIFY,1066009,2026,MusiQuest STEAM: interactive digital media for K-5 STEM education integrating audio and music,software in title,5R44GM156157-03
3,NIH,R44,"KASHYAP, VIKRAM ","TOI LABS, INC.",1089746,2026,Use of a Novel Toilet Seat to Passively Collect Digital Biomarkers in Assisted Living Settings,software in title,5R44AG074812-03
3,NIH,R44,"VAZIRI, ASHKAN ","BIOSENSICS, LLC",973917,2026,Wearable Sensor and Digital Technologies for Quantitative Assessment and Remote Monitoring of Symptoms in Myasthenia Gravis,software in title,5R44NS122672-03
3,NIH,R41,"CRONIN, WILLIAM FRANCIS","NORTH SHORE THERAPEUTICS, INC.",450020,2026,NST-SPARK: Developing an Augmented Reality (AR) Digital Health Intervention for Negative Symptoms in Schizophrenia,software in title; STTR: university partner required; Phase I: early; small early award; PENALTY: wet-lab/therapeutic,1R41MH140642-01A1
3,NIH,R44,"EVERS, KERRY ","PRO-CHANGE BEHAVIOR SYSTEMS, INC.",676175,2026,"PreCharge: An Innovative Digital Program to Increase Coping, Resilience, and Health Care Engagement Among Cancer Previvors",software in title,5R44CA275673-04
3,NIH,R44,"KUHN, TAMARA J.","DFUSION, INC.",740364,2026,Simulation for Environmental Exposure Education (S3E): A Serious Game Platform for Environmental Health Literacy,software in title,5R44ES034563-03
3,NIH,R44,"KERSSENS, CHANTAL M",FRIENDI.FI CORPORATION,852676,2026,Implementing and Scaling the STEADI Fall Prevention Algorithm Using a Conversational Relational Agent for Community-Dwelling Older Adults with and without Mild Cognitive Impairment (MCI).,software in title,5R44AG085913-03
3,NIH,R41,"THANGARAJH, MATHULA ","BIOSENSICS, LLC",314362,2026,Digital Assessment of Motor Skills in Infants and young boys with Duchenne Muscular Dystrophy using Wearable Sensors,software in title; STTR: university partner required; Phase I: early; small early award; PENALTY: wet-lab/therapeutic,1R41AR087264-01A1
3,NIH,R44,"HUA, JENNA ",MILLION MARKER WELLNESS INC.,1483146,2026,A person-centered digital intervention program to reduce exposures to endocrine disrupting chemicals in an under-resourced population,software in title,2R44MD018950-02
3,NIH,R44,"VAZIRI, ASHKAN ","BIOSENSICS, LLC",965844,2026,A Wearable Sensor Platform for Remote Monitoring of Motor Impairment in Huntingtons Disease and Prodromal Huntingtons Disease,software in title,5R44TR005381-02
3,NIH,R42,"ELY, E WESLEY",VOICELOVE INC.,1229364,2026,VoiceLove: An App-Based COMmunication Tool Designed to Address DeliriUm and Improve Family ENgagement and PatIent/Family SatisfaCtion in CriticAlly Ill PaTiEnts (COMMUNICATE),STTR: university partner required,5R42AG080891-04
3,NIH,R41,"RUBIN, MIKAEL ",IBIS LLC,387369,2026,"ElevateAR: A Scalable Digital Therapeuticthat Uses Augmented Reality to Enhance Access, Engagement, and Effectiveness of Vaping CessationAmong the Pediatric Population",software in title; STTR: university partner required; Phase I: early; small early award; PENALTY: wet-lab/therapeutic,1R41DA064798-01
3,NIH,R44,"GAUMER, SCOTT ",DOUBLE HELIX OPTICS INC.,976236,2026,High-resolution extended-depth phase-engineered objectives to accelerate spatial 'omics R&D through computational optics,software in title,5R44GM151926-03
3,NIH,R44,"SPUHLER, PHILIPP STEFAN","SANSIMEON, INC",1129755,2026,A Uniquely Scalable Platform for Sequencing Tens of Millions of Single Cells from Complex Clinical Samples with a Streamlined Workflow,software in title,5R44GM149003-03
3,NIH,R44,"ANTONIJEVIC, TODOR ","SCITOVATION, LLC",983133,2026,Triage of Developmental and Reproductive Toxicants using an In vitro to In Vivo Extrapolation (IVIVE)-Toxicokinetic Computational modeling Application,software in title,5R44ES035657-03
3,NIH,R44,"CINER, JARED PHILLIP",SPIRIT FIT & HEALTH INC,918117,2026,SPIRIT Club CBI Pathway: A novel streaming platform for physical activity and wellness promotion for chronic brain injury survivors,software in title,5R44HD112248-03
3,NIH,R44,"EDDY, MIKA ","MALAMA HEALTH, INC.",1136976,2026,A Specialized Risk-Stratification Platform and Tailored Diabetes Prevention Program for Post-Partum to Reduce Progression to Type 2 Diabetes,software in title,4R44MD021154-02
3,NIH,R44,"HE, HONGZHANG ",CAPTIS DIAGNOSTICS,1117056,2026,"Magnetic Lipid Nanoprobe Platform for Rapid, Highly-Efficient, and Cost-Effective Isolation of Extracellular Vesicles from Non-Invasive Bodily Fluids",software in title,5R44TR005339-02
3,NIH,R44,"MAULDIN, FRANK WILLIAM","RIVANNA MEDICAL, INC.",1104515,2026,"Reduced Traumatic Lumbar Puncture Rates in Pediatric Oncology Patients Through Development of an AI-Assisted, Ultrasound-Based Interventional Guidance Platform",software in title,5R44CA302033-02
3,NIH,R44,"RICCI, JEANETTE ","SAAVSUS, INC.",706921,2026,"Development, feasibility, and acceptability of Aim to Play, a user-friendly digital application for teacher skills training and physical education activities for K-2 elementary students",software in title,2R44MD018245-02
3,NIH,R44,"BIGGS, BRANDON ",XR NAVIGATION INC.,1010897,2026,"Developing and Evaluating Visual, Auditory, and Tactile and Text Digital Thematic Map Viewer to Provide Blind and Low Vision Individuals Full Access to Thematic Maps for the First Time",software in title,5R44EY036316-02
3,NIH,R44,"YIN, DIANA ","BELLAGE, INC.",942787,2026,"Innovative web-based service platform called Adult Wellbeing CheckUp (AWC) to assess older adults  wellbeing, obtain evidence-based recommendations, and receive support to take action",software in title,5R44AG082602-03
3,NIH,R44,"SKRAJNER, MICHAEL JOHN",HOPEFUL AGING LLC,772490,2025,The BRAIN App: Building Relationships using Artificial Intelligence and Nostalgia,software in title,5R44AG071105-04
3,NIH,R44,"SANDERS, LISBETH ",LIFEBIO INC,907141,2025,LifeBio Memory: Development of a reminiscence therapy online platform with machine learning to increase engagement,software in title,2R44AG069566-03A1
3,NIH,R44,"HAVELKA, JIM ","INFORMAI, INC.",968552,2025,Artificial Intelligence Tool to Optimize Organ Transplantation Outcomes (Transplant-AI),software in title,4R44HL172564-02
3,NIH,R44,"ZOBI, AHMED NABIL","SYNTR HEALTH TECHNOLOGIES, LLC",1050276,2025,Device Automation of an FDA-cleared CD-Microfluidic Platform for Rapid Tissue Microsizing,software in title,2R44TR004975-02A1
3,NIH,R44,"BECK, JASON GREGORY","ESPIRA, INC.",1020000,2025,"Fluorescence-solid phase Extraction (F-SPE) Microfluidic Platform for Rapid,  Onsite Detection and Identification of PFAS with Machine Learning",software in title,2R44ES035349-02A1
3,NIH,R44,"SHAABAN, SAMI ",NURELM E-BUSINESS SOFTWARE,590540,2025,Using Machine Learning and Sensing to Contextualize Hyperactivity Measurement on Wearable Devices,software in title,5R44MH138145-02
3,NIH,R44,"FISHER, JAY KENNETH","REDBUD LABS, INC.",1235487,2025,System for unitary automation of library preparation,software in title,5R44GM145194-03
3,NIH,R44,"GIBSON, PAUL ",APPLIED UNIVERSAL DYNAMICS CORPORATION,789449,2025,Using Structured Light Sensing with Machine Learning to Detect Unwitnessed In-Home Falls,software in title,5R44AG066263-04
3,NIH,R44,"BUCKNER, NICKIE ","ONE COW STANDING, LLC",985366,2025,"The HMP Next Gen digital health platform: accelerating research implementation, amplifying public health impact",software in title,5R44MD019604-02
3,NIH,R44,"HARFOUCHE, MARK ","RAMONA OPTICS, INC.",1000000,2025,A parallelized computational microscope platform for high-throughput live imaging of patient-derived organoids,software in title,5R44CA285197-02
3,NIH,R44,"HO, Y. XIAN ","DIMAGI, INC.",1005963,2025,A novel digital platform for measurement-based peer supervision of non-specialist providers conducting brief psychological interventions,software in title,5R44MH130305-03
3,NIH,R44,"FEDOROVSKY, ROMAN ",UROGENIE LLC,879432,2025,Digital Uroflowmetry for Office and Home,software in title,5R44DK127835-05
3,NIH,R41,"ST-PIERRE, FRANCOIS ",IMAGEN BIOWORKS INC.,349243,2025,Scalable spatiotemporal-omics platform,software in title; STTR: university partner required; Phase I: early; small early award; PENALTY: wet-lab/therapeutic,1R41GM156536-01A1
3,NIH,R44,"GOTSHALK, ANDREW ","NEUROLOGIC SOLUTIONS, INC.",1215146,2025,EpiScalp: An EEG Analytics Solution to Improve Diagnosis of Epilepsy,software in title,5R44NS137845-02
3,NIH,R44,"SPURLOCK, CHARLES FLOYD","DECODE HEALTH, INC.",979138,2025,Multivariate machine learning analysis of blood-based RNA expression profiles to distinguish relapsing-remitting and progressive forms of multiple sclerosis,software in title,1R44AI195280-01
3,NIH,R44,"LEVENE, MICHAEL JOHN","APPLIKATE TECHNOLOGIES, INC.",1628449,2025,Commercial Readiness for Direct-to-Digital Pathology,software in title,5R44CA189522-07
3,NIH,R44,"GUCCIONE, JULIUS MATTEO","3DT HOLDINGS, LLC",1065759,2025,Software-guided Operative Planning of MitraClip Placement,software in title,4R44HL169034-02
3,NIH,R44,"SHIWANI, BHAWNA ","ALTEC, INC.",690901,2025,Augmented Reality Platform for Telehealth Rehabilitation,software in title,5R44AG072991-04
3,NIH,R44,"TRUDEAU, KIMBERLEE JEAN",OUTCOME REFERRALS INC,721665,2025,Placement Success Predictor: Using Site-Customized Machine Learning Models to Predict the Best Level of Care Placement for Each Child's Behavioral Health Needs,software in title,5R44MH125486-03
3,NIH,R44,"REESER, DAVID ","OPIAID, INC.",1262922,2025,Development of the OpiAID strength band platform,software in title,4R44DA058474-02
3,NIH,R44,"GONZALEZ, LAURA LYNN","DYNAMOID, INC.",976993,2025,10k: A platform for immersive science education,software in title,5R44GM146471-03
3,NIH,R44,"GOOVAERTS, PIERRE E",BIOMEDWARE,1014954,2025,Geostatistical Software for Non-Parametric Geostatistical Modeling of Uncertainty,software in title,5R44LM014519-03
3,NIH,R44,"KOPPARTHY, VARUN LINGAIAH ","BIOMEDINNOVATIONS, INC.",1657705,2025,Platform for Extended Kidney Preservation Via Subnormothermic Perfusion,software in title,5R44DK139895-02
3,NIH,R41,"BUCHHOLZ, DAVID WILLIAM","VIVA VIRAL VACCINES, INC.",299968,2025,"Broad-spectrum, multivalent platform for pan-influenza vaccine",software in title; STTR: university partner required; Phase I: early; small early award; PENALTY: wet-lab/therapeutic,1R41AI195180-01
3,NIH,R44,"KARLSSON, MATTIAS PETER","SPIKEGADGETS, LLC",1747812,2025,A commercialized platform for diversified large-scale chronic electrophysiology,software in title,5R44MH136865-02
3,NIH,R41,"LAUVER, DALE ADAM",CALLENTIS CONSULTING GROUP LLC,397829,2025,AI Platform to Discover Therapeutics for Substance Use Disorders,software in title; STTR: university partner required; Phase I: early; small early award; PENALTY: wet-lab/therapeutic,1R41DA062993-01
3,NIH,R41,"SHIRKEY-SON, NICOLE J.",KOMMODO HOLDINGS CORP.,304838,2025,Engineered Memory T cells as a Platform to Treat Enzymopathies,software in title; STTR: university partner required; Phase I: early; small early award; PENALTY: wet-lab/therapeutic,1R41AI184248-01A1
3,NIH,R44,"KARLSSON, MATTIAS PETER","SPIKEGADGETS, LLC",1266318,2025,A Commercial Platform for High-Volume Behavior and Electrophysiology Research,software in title,1R44MH142264-01
3,NIH,R44,"SHAABAN, SAMI ",NURELM E-BUSINESS SOFTWARE,884788,2025,Development and Commercialization of a weight monitoring platform for wheelchair users,software in title,5R44HD114504-02
3,NIH,R44,"KEDZIORA, RICHARD ","ESTENDA SOLUTIONS, INC.",1372201,2025,Hub4Smell: Advancing Human Olfactory Research through Digital Innovation and Community Engagement,software in title,1R44DC022498-01
3,NIH,R44,"MILLER, ROBERT JOSEPH",APPA HEALTH INC,622968,2025,Digital Delivery of Evidence-Based Mental Health Content and Mentoring to Adolescents,software in title,5R44MH134733-03
3,NIH,R44,"GAREAU, DANIEL SUMMER","SURGIVANCE, INC.",978154,2025,"Rapid 3D POC digital cancer pathology by unique confocal microscopy instrumentation and downstream AI:  a simple, efficient, robust direct-to-digital approach to meet market demand",software in title,1R44CA302122-01
3,NIH,R44,"M'SAAD, ONS ",PANLUMINATE INC.,726209,2025,A 3D super-resolved platform for rapid and highly multiplexed proteomics,software in title,5R44MH128999-03
3,NIH,R44,"VUKASINOVIC, JELENA ","LENA BIOSCIENCES, INC.",1060260,2025,"An integrated MPS platform with ""virtual humans"" for chemical toxicity testing",software in title,5R44ES036492-02
3,NIH,R44,"OBERLEITNER, RONALD OBERLEITNER","CARING TECHNOLOGIES, INC.",1064555,2025,Transforming Hospitalizations of Autistic Adolescents via a Novel ABA Telehealth Platform,software in title,5R44MH134706-03
3,NIH,R42,"ALLEN, BRADLEY DAVID","THIRD COAST DYNAMICS, INC.",812881,2025,Anatomic Imaging Derived 4D Hemodynamics using Deep Learning,STTR: university partner required,4R42HL174259-02
3,NIH,R44,"KLOSE, ALEXANDER D.","IN VIVO ANALYTICS, INC.",1092787,2025,A modular bioluminescence imaging platform using a novel multi-aperture method,software in title,4R44MH140129-02
3,NIH,R44,"SABALKA, LUCAS ",OCUVERA LLC,985839,2025,Refinement of a Digital Monitoring System to Reduce Risk of Hospital Acquired Pressure Injuries,software in title,2R44NR019556-02A1
3,NIH,R44,"WILLIAMS, CHRISTOPHER ","NATIONAL HEALTH PROMOTION ASSOCIATES, INC.",624805,2025,Using Digital Health Technology to Prevent Bullying and Cyberbullying among Elementary School Students,software in title,5R44HD114361-03
3,NIH,R44,"SCHAFER, NICHOLAS P",CONSTANTIAM BIOSCIENCES INC.,1030156,2025,Platform to support clinical variant interpretation through probabilistic assessment of functional evidence,software in title,5R44HG012535-03
3,NIH,R44,"ZAX, JACOB MELLMAN",EDIFY,979797,2025,MusiQuest STEAM: interactive digital media for K-5 STEM education integrating audio and music,software in title,4R44GM156157-02
3,NIH,R44,"VAZIRI, ASHKAN ","BIOSENSICS, LLC",973917,2025,Wearable Sensor and Digital Technologies for Quantitative Assessment and Remote Monitoring of Symptoms in Myasthenia Gravis,software in title,4R44NS122672-02
3,NIH,R44,"KASHYAP, VIKRAM ","TOI LABS, INC.",1210170,2025,Use of a Novel Toilet Seat to Passively Collect Digital Biomarkers in Assisted Living Settings,software in title,2R44AG074812-02A1
3,NIH,R44,"HUNT, SABRINA ROBIN","EPICYPHER, INC.",1267289,2025,Versatile genomics platform for unbiased analysis of chromatin-associated RNAs and nascent transcripts,software in title,5R44AG087752-02
3,NIH,R41,"SHEN, CHRISTOPHER ","ALEUTIAN THERAPEUTICS, INC.",305855,2025,Development of a gene edited platform to enable human allogeneic cell replacement therapy,software in title; STTR: university partner required; Phase I: early; small early award; PENALTY: wet-lab/therapeutic,1R41AI192172-01
3,NIH,R44,"DEROSIER, MELISSA E.",3-C INSTITUTE FOR SOCIAL DEVELOPMENT,894687,2025,Leveraging Interactive Digital Technology to Increase Access to Family-Based Behavioral Treatment for Childhood Obesity,software in title,5R44HL176464-02
3,NIH,R44,"KUHN, TAMARA J.","DFUSION, INC.",737527,2025,Simulation for Environmental Exposure Education (S3E): A Serious Game Platform for Environmental Health Literacy,software in title,2R44ES034563-02A1
3,NIH,R44,"EVERS, KERRY ","PRO-CHANGE BEHAVIOR SYSTEMS, INC.",1051590,2025,"PreCharge: An Innovative Digital Program to Increase Coping, Resilience, and Health Care Engagement Among Cancer Previvors",software in title,2R44CA275673-03
3,NIH,R44,"ALLEN, NICHOLAS B","KSANA HEALTH, INC.",794102,2025,Development and testing of a digitally assisted risk reduction platform for youth at high risk for suicide,software in title,5R44MH128484-04
3,NIH,R44,"YODER, KEITH ",SPARK NEURO INC.,1161079,2025,Validation of a novel EEG-based neurodiagnostic platform for assessing cognitive impairment and Alzheimer's Disease,software in title,5R44AG078039-03
3,NIH,R44,"KERSSENS, CHANTAL M",FRIENDI.FI CORPORATION,916460,2025,Implementing and Scaling the STEADI Fall Prevention Algorithm Using a Conversational Relational Agent for Community-Dwelling Older Adults with and without Mild Cognitive Impairment (MCI).,software in title,4R44AG085913-02
3,NIH,R44,"WICKRE, PAUL ","VOXIMETRY, INC.",985549,2025,Torch Recon: An Innovative Reconstruction Software for Increased Throughput and Improved Low-Count Quantitative SPECT Imaging,software in title,5R44CA291564-02
3,NIH,R44,"ZHANG, JANE ","REMMIE, INC.",1485063,2025,Remmie.ai a deep learning diagnostic engine for ear-nose throat disease,software in title,5R44DC020868-03
3,NIH,R44,"VARUGHESE, JASON ",PINK CLOUD LLC,960746,2025,Digital Aftercare Assessed: An Evaluation of the Pink Cloud Application in Post-Treatment Substance Use Disorder Support.,software in title,5R44DA061662-02
3,NIH,R44,"PAMULA, VAMSEE K.","BAEBIES, INC.",999362,2025,"A Near-Patient, Low Blood Volume Platform for Rapid Comprehensive Evaluation of Coagulation in Trauma Patients",software in title,5R44HL169045-03
3,NIH,R44,"PESCE, CHRISTOPHER NEIL","THRIVE DIGITAL HEALTH, LLC",952214,2025,DEVELOPMENT OF A NOVEL PEER RECOVERY SUPPORTER TRAINING PLATFORM TO DISSEMINATE EVIDENCE-BASED TRAINING AT SCALE,software in title,5R44AA030953-03
3,NIH,R44,"VAZIRI, ASHKAN ","BIOSENSICS, LLC",1064194,2025,A Wearable Sensor Platform for Remote Monitoring of Motor Impairment in Huntingtons Disease and Prodromal Huntingtons Disease,software in title,1R44TR005381-01A1
3,NIH,R44,"DEGUZMAN, BRIAN ",PAVMED INC.,931489,2025,Bridging the Gap: Enhancing Cancer Care for Underserved Populations with the Veris Health Cancer Care Platform,software in title,5R44MD019611-02
3,NIH,R42,"ELY, E WESLEY",VOICELOVE INC.,1306077,2025,VoiceLove: An App-Based COMmunication Tool Designed to Address DeliriUm and Improve Family ENgagement and PatIent/Family SatisfaCtion in CriticAlly Ill PaTiEnts (COMMUNICATE),STTR: university partner required,4R42AG080891-02
3,NIH,R44,"MUNDING, ELIZABETH ",CANTATA BIO LLC,746680,2025,"Commercialization of a rapid, automated Hi-C platform for sensitive genomic profiling of multiple cancer sample types",software in title,5R44HG014126-02
3,NIH,R41,"WANG, TAO ","NIGHTSTAR BIOTECHNOLOGIES, INC",360442,2025,Design and optimization of TCR-T therapeutics by an advanced T cell receptor-antigen binding prediction platform,software in title; STTR: university partner required; Phase I: early; small early award; PENALTY: wet-lab/therapeutic,1R41CA302099-01A1
3,NIH,R44,"GAUMER, SCOTT ",DOUBLE HELIX OPTICS INC.,1084722,2025,High-resolution extended-depth phase-engineered objectives to accelerate spatial 'omics R&D through computational optics,software in title,2R44GM151926-02
3,NIH,R44,"SPUHLER, PHILIPP STEFAN","SANSIMEON, INC",938335,2025,A Uniquely Scalable Platform for Sequencing Tens of Millions of Single Cells from Complex Clinical Samples with a Streamlined Workflow,software in title,2R44GM149003-02
3,NIH,R44,"ANTONIJEVIC, TODOR ","SCITOVATION, LLC",973277,2025,Triage of Developmental and Reproductive Toxicants using an In vitro to In Vivo Extrapolation (IVIVE)-Toxicokinetic Computational modeling Application,software in title,2R44ES035657-02A1
3,NIH,R44,"CINER, JARED PHILLIP",SPIRIT FIT & HEALTH INC,919209,2025,SPIRIT Club CBI Pathway: A novel streaming platform for physical activity and wellness promotion for chronic brain injury survivors,software in title,4R44HD112248-02
3,NIH,R44,"HE, HONGZHANG ",CAPTIS DIAGNOSTICS,1077369,2025,"Magnetic Lipid Nanoprobe Platform for Rapid, Highly-Efficient, and Cost-Effective Isolation of Extracellular Vesicles from Non-Invasive Bodily Fluids",software in title,1R44TR005339-01A1
3,NIH,R44,"MAULDIN, FRANK WILLIAM","RIVANNA MEDICAL, INC.",1073736,2025,"Reduced Traumatic Lumbar Puncture Rates in Pediatric Oncology Patients Through Development of an AI-Assisted, Ultrasound-Based Interventional Guidance Platform",software in title,1R44CA302033-01
3,NIH,R44,"RICCI, JEANETTE ","SAAVSUS, INC.",930625,2025,"Development, Feasibility, and Acceptability of Aim to Play, a User-Friendly Digital Application for Teacher Skills Training and Physical EducationActivities for 3-5 Grade Elementary Students",software in title,5R44DP006743-03
3,NIH,R44,"HU, JAMES ","ILLUMINANT SURGICAL, INC.",1107943,2025,Scanner Agnostic Image-Guided Biopsy Platform Employing Advanced Computer Vision and Computer Graphics to Enable Non-Invasive Registration and Dynamic Projection Mapping,software in title,1R44CA310355-01
3,NIH,R44,"MACKY, JANE ","WE THE VILLAGE, INC.",792422,2025,Fast-track: Scalable digital delivery of evidence-based training for addiction professionals to maximize treatment admission and retention rates of opioid use disorder in affected families.,software in title,5R44DA053845-03
3,NIH,R44,"BIGGS, BRANDON ",XR NAVIGATION INC.,1009268,2025,"Developing and Evaluating Visual, Auditory, and Tactile and Text Digital Thematic Map Viewer to Provide Blind and Low Vision Individuals Full Access to Thematic Maps for the First Time",software in title,1R44EY036316-01A1
3,NIH,R44,"YIN, DIANA ","BELLAGE, INC.",1072509,2025,"Innovative web-based service platform called Adult Wellbeing CheckUp (AWC) to assess older adults  wellbeing, obtain evidence-based recommendations, and receive support to take action",software in title,4R44AG082602-02
3,NSF,SBIR,"Sarang-Walters, Nathan","PRAIRIELEARN, INC.",1211080,2026,SBIR Phase II: An online learning and assessment platform for sophisticated and secure exams,software in title,2546660
3,NSF,SBIR,"Gusyatin, Oleg",MACULA VISION SYSTEMS INC.,1249245,2026,SBIR Phase II: Automated Gram Stain Interpretation Via Digital Holographic Microscopy,software in title,2537843
3,NSF,SBIR,"Vargas, Corinne",SMARTCHARTS INC.,1250000,2026,SBIR Phase II: AI-Driven Visualization of Rehabilitation Documentation to Support Decision-Making Across Care Settings,software in title,2546997
3,NSF,SBIR,"Shiffler, Amanda",BETAFELD LLC,1207205,2026,SBIR Phase II: Improved Utilization through Artificial Intelligence and Prescriptive Logistics,software in title,2537269
3,NSF,SBIR,"Baumgartner, Bridget",DESIGNER ECOSYSTEMS LLC,1242694,2026,SBIR Phase II: Sensor Platform for Novel Submerged Barriers,software in title,2604863
3,NSF,SBIR,"Kriss, Mark","GEOFINANCIAL ANALYTICS, INC.",1250000,2026,SBIR Phase II: Bridging Fugitive Emission Monitoring Gaps via Artificial Intelligence and Hybrid Sensors,software in title,2537735
3,NSF,SBIR,"Gupta, Disha","SOWN TO GROW, INC.",1250000,2026,SBIR Phase II: Fostering Growth in Trusting Relationships between Students and Educators with Natural Language Processing and Machine Learning Technologies,software in title,2537677
3,NSF,SBIR,"He, Jian",HENSUN INNOVATION LLC,1250000,2026,SBIR Phase II: Colleague AI: Building Next-Generation K-12 STEM Learning Environments through Specialized AI Models,software in title,2537561
3,NSF,SBIR,"Mudigonda, Mayur",VAYUH INC,1250000,2026,SBIR Phase II:  Combining Physics and AI for Enhanced Risk Assessment,software in title,2528178
3,NSF,SBIR,"Ghassaei, Amanda",FORM FINDING STUDIO LLC,1250000,2026,SBIR Phase II: Computer-Aided Design Software for Novel Geometric-Inspired Engineering and Manufacturing,software in title,2537447
3,NSF,SBIR,"Shi, Linxi","NEURALTRAK, INC",1250000,2026,"SBIR Phase II: AI-Powered Low-dose, Low-cost, High-Quality Computed Tomography (CT) Imaging",software in title,2604163
3,NSF,SBIR,"Azarbayjani, Mona",FORESIGHTCARES INC.,1476156,2025,SBIR Phase II: AI-based Accessible Visual-Assessment App for Active Healthy Aging of Older Adults,software in title,2439455
3,NSF,SBIR,"Wilkins, Nicholas",SIGN-SPEAK Inc,1499999,2025,SBIR Phase II:  Real-Time Artificial Intelligence (AI) Bidirectional American Sign Language (ASL) Communication System,software in title,2524698
3,NSF,SBIR,"Syamlal, Madhava",QUBITSOLVE INC.,1197002,2025,SBIR Phase II:  Computational Fluid Dynamics Software for Quantum Computers,software in title,2450661
3,NSF,SBIR,"Ma, Junwei",RESILITIX INTELLIGENCE LLC,1213728,2025,"SBIR Phase II: An Intelligent, Analytics-Driven System for Disaster Resilience and Situational Awareness",software in title,2527063
3,NSF,SBIR,"Martin, James","LUTRIS, INC.",1249175,2025,SBIR Phase II: Massively Parallel Protocols for Software-based Wireless Instrumentation,software in title,2451798
3,NSF,SBIR,"Lou, Paul","EXIGENT SOLUTIONS, INC.",1168940,2025,SBIR Phase II: Physics-Guided AI Platform for Accelerating Extreme Ultraviolet (EUV) Mask Design,software in title,2528393
3,NSF,SBIR,"Singh, Gurpreet",OPTIC FRINGE CORP.,1235863,2025,SBIR Phase II: AI-Driven Part Identification that Converts Standard Coordinate Measuring Machines into Autonomous Systems for Automated Part Measurements,software in title,2517689
3,NSF,SBIR,"STBERNARD, TIFFANY","HAIRDAYS, INC.",1250000,2025,"SBIR Phase II:  Artificial Intelligence Platform Enabling Dermatological Assessments for Clinical Trials, Telehealth, and Personal Care Insights",software in title,2439033
3,NSF,SBIR,"Moola, Sara",AALMV INC.,1025369,2025,SBIR Phase II: A Physics-Based Competitive Machine Learning Framework for AI-Driven Robotics Instruction,software in title,2506458
3,NSF,SBIR,"Jiam, Max",IIAM CORPORATION,1250000,2025,SBIR Phase II: NLP Driven Automation for Optimizing New Patient Referral Pathways,software in title,2512998
3,NSF,SBIR,"Parra, Rodrigo",ECHO MIND AI CORP.,1497378,2025,SBIR Phase II: Artificial Intelligence (AI)-Enabled Ultrasound for Imaging and Diagnosing Musculoskeletal Injuries,software in title,2437435
3,NSF,SBIR,"Thiel, Jeff","VITIDORE, INC.",1249631,2025,SBIR Phase II: Multi-output Machine Learning Modeling Framework for a Hybridized Perennial Cover Crop for Specialty Crop Systems,software in title,2451455
3,NSF,SBIR,"Far, Ali",AI LINEAR INC.,1250000,2025,"SBIR Phase II:  Preventative Maintenance AI Chip: Software-Configurable, Tiny, Low-Latency, Always-On, Ultra-Low-Power, Near-Sensor-AI, No Cloud Required",software in title,2449755
3,NSF,SBIR,"Nair, Siddharth","M3SIM, LLC",1177447,2025,SBIR Phase II:   A Fractional-Order Computational Platform for the Multiscale and Multiphysics Analysis of Failure-Critical Systems,software in title,2445824
3,NSF,SBIR,"Wong, Brandon",HYFI LLC,1244153,2025,SBIR Phase II:  Ubiquitous Flood Forecasting using Sensors and Analytics,software in title,2450595
3,NSF,SBIR,"Blankenship, Nina",CRYPTO TUTORS LLC,1250000,2025,SBIR Phase II:  AI-Enhanced Career Assessment Tool to Accelerate Student and Professional Access to Emerging Technologies in Web3,software in title,2450577
3,NSF,SBIR,"Sutherland, Graham","CANETIA ANALYTICS, INC.",992460,2025,"SBIR Phase II: Development of an AI-based, IoT Enabled System for Structural Health Monitoring",software in title,2423274
2,NIH,R43,"ADVANI, ANEEL ","BAUHEALTH, INC.",306807,2026,EPIPHANY (machinE PredIction of Prolonged mecHAnical ventilatioN and tracheostomY),Phase I: early; small early award,1R43HL184725-01
2,NIH,R43,"IQBAL, ASIM ",TIBBLING TECHNOLOGIES LLC,400000,2026,SmartDrive: AI-Powered Mobile App for Real-Time Detection of Non-Disordered Drug Use in Drivers,software in title; university named; Phase I: early; small early award; PENALTY: wet-lab/therapeutic,1R43DA064222-01
2,NIH,R43,"LARIS, BA ","DFUSION, INC.",304907,2026,Level Up: A game-based learning intervention to prevent problem gambling in adolescents,Phase I: early; small early award,1R43DA065369-01
2,NIH,R43,"TEVEROVSKIY, MIKHAIL ",IMAGENOMIX CORP.,157826,2026,Analytical Variables and Clinical Utility of AKT1 Mutation Prediction in Breast Cancer Using Deep Learning on Histopathology Images,Phase I: early; small early award,1R43CA309961-01
2,NIH,R41,"GOOD, CAMERON ","NEUROLUX, INC.",525824,2025,Electromechanically monitored engineered heart tissue platform,software in title; STTR: university partner required; Phase I: early; PENALTY: wet-lab/therapeutic,1R41HL180172-01
2,NIH,R43,"KHETERPAL, VIKAS ",CAREEVOLUTION LLC,498576,2025,Advancing Techquity: Optimization of the FAITH! App for Dissemination to Promote Cardiovascular Health among African Americans,Phase I: early; small early award,1R43HL174670-01A1
2,NIH,R42,"WANG, JUN ","NANODIAGNOSTIC TECHNOLOGY, LLC",204188,2025,Development of an integrated smartphone-nanosensor platform for onsite biomonitoring of exposure to pesticides,software in title; STTR: university partner required; small early award; PENALTY: wet-lab/therapeutic,5R42ES032388-03
2,NIH,R43,"NUSS, KAYLA ","KLEIN BUENDEL, INC.",300172,2025,NoWeigh: Development of a Physical Activity Promotion Mobile App for WomenBased on Body Neutrality and Self-Determination Theory,Phase I: early; small early award,1R43DK142209-01
2,NIH,R43,"BERENZ, ERIN C","REBOUND HEALTH, INC.",365506,2025,"Development and Validation of a Scalable, Self-Guided Trauma Wellness App to Expand Access to Trauma-Focused Mental Health Care",Phase I: early; small early award,1R43MH140657-01
2,NIH,R42,"CHEN, LU ","BIOSYMETRICS, INC.",423313,2025,AI-driven in vivo profiling in zebrafish: a platform for alcohol use disorder therapeutic discovery,software in title; STTR: university partner required; small early award; PENALTY: wet-lab/therapeutic,1R42AA032207-01
2,NIH,R43,"OWEN, ROBIN WHITE","MEDIACOMBO, INC.",261620,2025,VITaLS: Visual Thinking and Learning Strategies: Enhancing Health Professions Education through Virtual Reality Enabled Art Museum Experiences,Phase I: early; small early award,1R43GM157765-01
2,NSF,SBIR,"Perkins, Edmon",LAB2701 LLC,304526,2026,SBIR Phase I: Quantum Oscillator Processing Unit,Phase I: early; small early award,2605035
2,NSF,SBIR,"Zheng, Bowen",ORION WAVE TECHNOLOGY CORPORATION,304943,2026,SBIR Phase I: Analog Neural Networks Enabled by Tunable Apertures,Phase I: early; small early award,2531891
2,NSF,SBIR,"Gair, Jeffrey","MODULAR MATTER, INC.",305000,2026,SBIR Phase I: Universally-Adjustable Modular Prosthesis Socket,Phase I: early; small early award,2528353
2,NSF,SBIR,"BABU, VIVEK",VERDE TECHNOLOGIES INCORPORATED,305000,2026,SBIR Phase I: Perovskite Solar Cells on Metal Foil Substrates: Enabling Low-Cost and Flexible Solar Technology,Phase I: early; small early award,2528317
2,NSF,SBIR,"Kim, Jae",MEDENOVATE LLC,305000,2026,SBIR Phase I: Prosthetic implantable lens with integrated intraocular pressure sensor,Phase I: early; small early award,2604906
2,NSF,SBIR,"Ojo, Israel",YADONAI LLC,304990,2026,SBIR Phase I: Ultra-low volume approach to injections using a novel jet injection system,Phase I: early; small early award,2537739
2,NSF,SBIR,"Zhang, Yanxiang",AI SCOPE INC,400000,2026,SBIR Fast-Track: Scalable Robotic Skill Learning via Generative Embodied Twins and Vision-Language-Action Models for Task-Oriented Autonomy,Phase I: early; small early award,2537982
2,NSF,SBIR,"Good, Nathan","RARETERRA, INC.",303808,2026,SBIR Phase I: Assessing and Enhancing Microbiological Rare Earth Element Recovery for Domestic Production,Phase I: early; small early award,2604674
2,NSF,SBIR,"Zhai, Tianshu",HEXASPEC INC,388740,2026,"SBIR Fast-Track: Advanced Hexagonal Boron Nitride Composite Semiconductor Packaging for Enhanced Performance, Efficiency, and Protection",Phase I: early; small early award,2554320
2,NSF,SBIR,"Naderi, Yousof","DEEPCHARGE, INC.",305000,2026,SBIR Phase I: Intelligent Wireless Charging and Device Management System for High-Volume Environments,Phase I: early; small early award,2537791
2,NSF,SBIR,"Ho, Bao",BAO TECH,304968,2026,SBIR Phase I: Selective Thermochemical Delignification for Industrial Cellulose Pulp Production,Phase I: early; small early award,2604675
2,NSF,SBIR,"Armstrong, Peter",SOFAB INKS LLC,300165,2026,SBIR Phase I: SnO2 Layers for Scalable Fullerene-Free Perovskite Solar Cells,Phase I: early; small early award,2604993
2,NSF,SBIR,"Lombardi, Julien",HOMEOSTASIS SYSTEMS CORP,303518,2026,SBIR Phase I: Purification of Electrochemical Graphite for Use as a Critical Material for U.S. Power Infrastructure,Phase I: early; small early award,2538128
2,NSF,SBIR,"Abbs, Patrick","CAMBRYA, INC.",303131,2026,"SBIR Phase I: Synchrony Loop Networks: a groundbreaking neuromorphic approach for live, unsupervised, one-shot source separation and diarization in complex auditory scenes",Phase I: early; small early award,2528229
2,NSF,SBIR,"Joh, Hyungmok",RUMEDICAL NOVA LIMITED LIABILITY CO,305000,2026,SBIR Phase I: Next-Gen Portable Bio-Chip for Rapid and Accurate Early Lung Cancer Diagnosis,Phase I: early; small early award,2537614
2,NSF,SBIR,"Plaut, Conrad","PLAUT PEDAGOGY, LLC",304027,2026,SBIR Phase I: Creating Immersive Courseware for Calculus Pedagogy,Phase I: early; small early award,2538031
2,NSF,SBIR,"Drapkin, Julia","ISEECHANGE, Inc.",304018,2026,SBIR Phase I: Deep Learning Framework for Mapping Flood Extent from Unstructured Photos,Phase I: early; small early award,2537872
2,NSF,SBIR,"khederlou, khadijeh",CYTROGEN,305000,2026,SBIR Phase I: Gelatrix: A Light-Curable Bioadhesive for the Treatment of Bony Defects,Phase I: early; small early award,2538047
2,NSF,SBIR,"Jalgaonkar, Nishant",PARALLEL ROBOTICS LLC,305000,2026,SBIR Phase I: A Novel Architecture for blending Human Power and Computer Control in Surgical Robots,Phase I: early; small early award,2507711
2,NSF,SBIR,"Nosrati, Mordechai",MICROMEDICS INC.,304926,2026,SBIR Phase I: Design and Development of the mPancreas:A Wearable Biomimetically Designed Microfluidic BioArtificial Pancreas,Phase I: early; small early award,2537342
2,NSF,SBIR,"Nikolaidis, Aki","VISIONARY TRAINING RESOURCES, INC.",304702,2026,SBIR Phase I: FlowStateVR,Phase I: early; small early award,2537835
2,NSF,SBIR,"Svadlenak, Scott","RENEWCAT, INC.",304524,2026,SBIR Phase I: Catalytic Conversion of Secondary Source Polyvinyl Chloride into Higher-Value Hydrocarbon Waxes,Phase I: early; small early award,2604345
2,NSF,SBIR,"Abu Khater, Mohammad",AK INNOVATIONS LLC,305000,2026,SBIR Phase I: On-chip Real-Time RF Interference Detector,Phase I: early; small early award,2537652
2,NSF,SBIR,"McSherry, Sean",HEAT2POWER INC.,305000,2026,SBIR Phase I: Upscaling Air-Bridge Thermophotovoltaics for Thermal Batteries,Phase I: early; small early award,2507476
2,NSF,SBIR,"Pottackal, Neethu",NANOFRESH LLC,305000,2026,SBIR Phase I: Nanocomposite Coating to Extend Shelf-Life of Produce,Phase I: early; small early award,2538112
2,NSF,SBIR,"Prigge, Michael",LIVING SENSORS INC,305000,2026,SBIR Phase I: Engineering Living Sensors to Reveal Environmental Threats,Phase I: early; small early award,2537955
2,NSF,SBIR,"Zaeimbashi, Mohsen",RAYLIFE INC.,304898,2026,"SBIR Phase I: Development of Novel Optoelectronics Technology for Non-Invasive, Continuous Blood Glucose Monitoring",Phase I: early; small early award,2537536
2,NSF,SBIR,"Cherukuri, Srujana",STEMORA INC.,305000,2026,SBIR Phase I: Biochemical Modulation of Resident Skeletal Stem Cells for In Vivo Hyaline Cartilage Regeneration,Phase I: early; small early award,2604938
2,NSF,SBIR,"Gross, David",RESOLET LLC,305000,2026,SBIR Phase I: Development of a Compact Magnetic Resonance Relaxometry Sensor Operating at 0.1 Tesla for Measuring Iohexol Concentration in Blood Samples,Phase I: early; small early award,2605121
2,NSF,SBIR,"Kamali, Samaneh","CALEO BIOTECHNOLOGIES, INC.",289435,2026,SBIR Phase I: Accelerating Targeted Therapies for Colitis-Associated Cancer Using Patient-Derived Human Tissue Models,Phase I: early; small early award,2605113
2,NSF,SBIR,"Brearley, Ladson","APPLIED RESEARCH TRANSFORMATION, PLLC",305000,2026,SBIR Phase I: A Physics-Informed Neural Network Supporting Computer Vision for 3DCP Bond Strength,Phase I: early; small early award,2537548
2,NSF,SBIR,"Gao, Haining","HALOGEN POWER, INC",305000,2026,SBIR Phase I: High-Energy Primary Battery Chemistry Powering Next-Generation Wearable Devices,Phase I: early; small early award,2538000
2,NSF,SBIR,"Sanders, Monica",BONNE TERRE CONSULTING LLC,304994,2026,SBIR Phase I: Automated Semantic Tagging for Tracking High-Impact Financial Flows,Phase I: early; small early award,2537954
2,NSF,SBIR,"Pozarycki, Chad","DELEON TECHNOLOGIES, INC",305000,2026,SBIR Phase I: Enabling Daily Personalized Metabolomics with Low-Cost Capillary Electrophoresis,Phase I: early; small early award,2537730
2,NSF,SBIR,"McGrath, Ian","RARE EARTH GENOMICS TEXAS, LLC",305000,2026,SBIR Phase I: Developing 'SAFE' (Smart-Activity-Focused-Eco) Plant Terpenoid Derived Biopesticides,Phase I: early; small early award,2528163
2,NSF,SBIR,"Wallace, Mary",Lepidext LLC,305000,2026,SBIR Phase I: Accelerated Discovery of Species-Specific Sterilizing Viral Biopesticides,Phase I: early; small early award,2537778
2,NSF,SBIR,"Petersen, Nathan","MOTIBERA, INC.",305000,2026,SBIR Phase I: Twin Bearingless Motor with Integrated Thrust and Radial Suspension,Phase I: early; small early award,2538100
2,NSF,SBIR,"Hokanson, Dan",CNC CONCRETE HOMES LLC,304976,2026,SBIR Phase I: Dispatchable Thermal Energy Storage with Foundation-Integrated Phase Change Materials,Phase I: early; small early award,2605097
2,NSF,SBIR,"Burdge, Justin",TACTORUM INC.,305000,2026,SBIR Phase I: Development of a system for automated pain behavior testing across preclinical disease models in rodents,Phase I: early; small early award,2516905
2,NSF,SBIR,"Jain, Palak","VELLEX COMPUTING, INC.",305000,2025,SBIR Phase I: An Analog Hardware Accelerator for Power Systems Feasibility Studies,Phase I: early; small early award,2527695
2,NSF,SBIR,"Rosenboom, Jan-Georg",MACROCYCLE TECHNOLOGIES,305000,2025,"SBIR Phase I: Low-Cost, Waste-Resilient Polyethylene Terephthalate (PET) and Polyester Upcycling Through Macrocyclic Chemistry",Phase I: early; small early award,2507694
2,NSF,SBIR,"Buzzi, Marcelo",TREYSTA MEDICAL TECHNOLOGIES INC,304984,2025,SBIR Phase I: Development of a Burn Care Therapy to Prevent Fibrotic Pathologies,Phase I: early; small early award,2528240
2,NSF,SBIR,"Bunge, Carl",R7 INSTRUMENTS INC,303669,2025,SBIR Phase I: Acoustic Expander for Air-Cycle Flash Freezers and Ultra-Low Temperature Refrigerators,Phase I: early; small early award,2507737
2,NSF,SBIR,"Speina, Kevin",FOOGLY CORP,305000,2025,SBIR Phase I: Recovering Damaged Coastal Ecosystems Using Upcycled Food Waste,Phase I: early; small early award,2528313
2,NSF,SBIR,"Ham, Trevor",ATLANTIC FISH CO LLC,305000,2025,SBIR Phase I: Development of Commercially Viable Cell Lines for Cultivated Fish via Bioengineering,Phase I: early; small early award,2451498
2,NSF,SBIR,"Skoog, Emma",KROKOS BIO INC,305000,2025,"SBIR Phase I: A Method for Domestic Production of Saffron, Utilizing Novel Plant Cell Culture Techniques for Cell Adhesion and Immobilization.",Phase I: early; small early award,2528085
2,NSF,SBIR,"Zhang, Yi","COOLAIMATE, INC",304913,2025,SBIR Phase I: Silicon photonics tunable laser for analyzing energy content of natural gas,Phase I: early; small early award,2527578
2,NSF,SBIR,"Kozhevnikov, Maria",VIAT SERVICES LLC,304998,2025,SBIR Phase I: Immersive Virtual Reality-Based Assessment Tool for Spatial Orientation,Phase I: early; small early award,2528215
2,NSF,SBIR,"Rocha Flores, Pedro Emanuel","BACKSTOP NEURAL, INC",304259,2025,SBIR Phase I: Percutaneous Spinal Cord Stimulation Paddle Lead Using Shape Memory Polymer,Phase I: early; small early award,2451746
2,NSF,SBIR,"Contractor, Rushin","TOPOLIGHT, INC.",305000,2025,"SBIR Phase I: High-Power, Surface-Emitting, Single-Mode Laser Chips with Photonics Crystal Cavity Design",Phase I: early; small early award,2528031
2,NSF,SBIR,"Scarfogliero, Umberto","TORO BIO, INC.",304870,2025,SBIR Phase I: Automated System for Point of Care Manufacture of Tumor Infiltrating Lymphocytes Cell Therapies,Phase I: early; small early award,2506679
2,NSF,SBIR,"McKeon, Tim",MCKEON MINING LLC,305000,2025,SBIR Phase I: Heavy Mineral Mining Impeller Accelerated Separator,Phase I: early; small early award,2507241
2,NSF,SBIR,"Liao, Aaron",TEXAS MICROSINTERING LLC,305000,2025,SBIR Phase I: Microscale Selective Sintering for High Throughput Metal Additive Manufacturing of Interconnects in Semiconductor Packaging,Phase I: early; small early award,2507416
2,NSF,SBIR,"Lin, Calvin",COSINE CORP,304975,2025,SBIR Phase I: Electrified Thermochemical Biogas Reforming for Hydrocarbon Fuel Production,Phase I: early; small early award,2528485
2,NSF,SBIR,"Spokoyny, Daniel","BEESAFE LABS, LLC",305000,2025,SBIR Phase I: Counteracting Social Engineering Attacks with Honeypot LLM Chatbots,Phase I: early; small early award,2451800
2,NSF,SBIR,"Mokhtare, Amir",IVSONANCE BIOMEDICAL INC,305000,2025,SBIR Phase I: Novel Acoustic Tweezers for Enhanced Efficiency Ova Denudation in ART,Phase I: early; small early award,2528147
2,NSF,SBIR,"Wan, Shun",NCO Technologies LLC,305000,2025,SBIR Phase I: Scalable Production of High-Performance Metal-Organic Framework Membranes,Phase I: early; small early award,2507732
2,NSF,SBIR,"Mahdikhany, Fateme",ICARUS QUANTUM INC.,305000,2025,SBIR Phase I: A Tunable Source of On-Demand Single and Entangled Photons,Phase I: early; small early award,2507504
2,NSF,SBIR,"McShane, Eric","ELECTROFLOW TECHNOLOGIES, INC.",305000,2025,SBIR Phase I: Assessing and Improving Membrane Stability to Enable Sustainable Lithium Chemical Production,Phase I: early; small early award,2508383
2,NSF,SBIR,"Bourdon, Nicholas","REEF ARCHES, LLC",154646,2025,SBIR Phase I: Eco-engineered System for Coastal Protection,Phase I: early; small early award,2528131
2,NSF,SBIR,"Wettels, Nicholas",SENSATE ROBOTICS INC.,304917,2025,SBIR Phase I: Tactile-enabled Robotic Quality Control Cell,Phase I: early; small early award,2526616
2,NSF,SBIR,"Kwon, Phoebe","LIMAX BIOSCIENCES, INC.",305000,2025,SBIR Phase I: Hemostatic Tough Adhesive Hydrogels for Advanced Biosurgery,Phase I: early; small early award,2528115
2,NSF,SBIR,"Langhe, Deepak",TD POLYMERS LLC,304633,2025,SBIR Phase I: Nanostructured Bioplastic Films with Tunable Biodegradation,Phase I: early; small early award,2507283
2,NSF,SBIR,"Melville, Alexander",GLAIVE MEDICAL OPTICS INC,304998,2025,SBIR Phase I: Development of A Novel Visible-Light Phase Shifter and Intraocular Lens to Improve Vision for Those With Age-Related Macular Degeneration,Phase I: early; small early award,2451179
2,NSF,SBIR,"Kang, Young",FOLDE INC,303242,2025,SBIR Phase I: A Novel Device for Difficult Urethral Catheterization,Phase I: early; small early award,2507316
2,NSF,SBIR,"You, Ruilin",LR INNOVOPTICS INC,305000,2025,"SBIR Phase I: High-Throughput Manufacturing of Ultracompact, High-Contrast Precision Glass Micro-Optics for Next-Generation Photonics and Imaging",Phase I: early; small early award,2528263
2,NSF,SBIR,"Schmitt, Peter",FLUENT METAL INC.,305000,2025,SBIR Phase I: Drop-on Demand Liquid Metal Additive Manufacturing,Phase I: early; small early award,2528245
2,NSF,SBIR,"Agrawal, Rashmi",CIPHERSONIC LABS INC,303174,2025,SBIR Phase I: Bridging Multi-Party Computation and Fully Homomorphic Encryption for Practical Data Security Solutions,Phase I: early; small early award,2528288
2,NSF,SBIR,"Wang, Frances",YONA CARE LLC,305000,2025,SBIR Phase I: Novel Gynecological Speculum Instrument for Decreased Patient Pain and Enhanced Provider Functionality,Phase I: early; small early award,2507662
2,NSF,SBIR,"Rigdon, Shawn",DIGI-CLONE LTD,304888,2025,SBIR Phase I: Efficient 3D Body Reconstruction and Physics-Based Garment Simulation for Consumer-Facing Virtual Try-On,Phase I: early; small early award,2528099
2,NSF,SBIR,"Tindle, Austin",SORCERER CORPORATION,304963,2025,"SBIR Phase I: Constellation of Small, High-Altitude Balloons for Atmospheric Data Collection",Phase I: early; small early award,2528394
2,NSF,SBIR,"Qiu, Jack",ULTRASONIUM INC,305000,2025,SBIR Phase I: Advancing Metal Additive Manufacturing with Novel Acoustic Molding Technology,Phase I: early; small early award,2506381
2,NSF,SBIR,"Smith, Elliot","MOTMOT, INC.",400000,2025,"SBIR Fast-Track: PIPELINE - Precision Inspection of Pressurized Environments using Long-term, Intelligent Navigation and Evaluation",Phase I: early; small early award,2528271
2,NSF,SBIR,"Hammerberg, Alexandra",HOMININ.AI INC.,302668,2025,SBIR Phase I: Identifying Movement-Based Biomarkers with Large Movement Models Using Commercial Headphones,Phase I: early; small early award,2451164
2,NSF,SBIR,"Stabile, Christopher",TUNABOTICS LLC,305000,2025,SBIR Phase I: Pneumatic Shell Grippers with Highly Tunable Adhesion for Compliant Manipulation,Phase I: early; small early award,2528233
2,NSF,SBIR,"Segil, Jacob",AFFERENCE INC,305000,2025,SBIR Phase I: Neural Haptics for Next-Generation Wearables,Phase I: early; small early award,2528295
2,NSF,SBIR,"Khosravi-Far, Roya","INNOTECH PRECISION MEDICINE, INC",305000,2025,SBIR Phase I: Development of a Microfluidic Device for Multi-Omics Diagnosis of Cancer,Phase I: early; small early award,2527720
2,NSF,SBIR,"Mullenbach, Joseph",FLUID REALITY INCORPORATED,304991,2025,SBIR Phase I: Compact Haptic Actuators Using Electroosmotic Pumps,Phase I: early; small early award,2507634
2,NSF,SBIR,"Li, Bingzhao",LEAP PHOTONICS INC.,305000,2025,SBIR Phase I: Chip Scale Acousto-Optics Beam-Steering LiDAR,Phase I: early; small early award,2451021
2,NSF,SBIR,"Salehi, Niloufar","ACROSS AI, INC",305000,2025,SBIR Phase I:  Revolutionizing Enterprise Processes with Automated Logical Reasoning Across Unstructured Data,Phase I: early; small early award,2507879
2,NSF,SBIR,"Blankenship, Gil","SURGICAL VISION SYSTEMS, INC.",264016,2025,SBIR Phase I: Semi-autonomous Image-guided Robotic Suturing System,Phase I: early; small early award,2423546
2,NSF,SBIR,"Kavrik, Mahmut Sami",QUANTUM METROLOGY,305000,2025,SBIR Phase I: Quantum Metrology for Subsurface Defect Detection in Semiconductor Manufacturing,Phase I: early; small early award,2507903
2,NSF,SBIR,"Wang, Mengdie","REDPOINT ONCOLOGY, INC.",305000,2025,SBIR Phase I: Developing Next-Generation Payloads for Targeted Therapies,Phase I: early; small early award,2506212
2,NSF,SBIR,"rothschild, Charles","DIGITAL COPILOT, INC.",304695,2025,SBIR Phase I: Advanced Technologies to Enhance Aviation Safety in Airports without Air Traffic Control Towers,Phase I: early; small early award,2503791
2,NSF,SBIR,"Zgurzynski, Joseph",OBEEWAN TECHNOLOGIES INC,305000,2025,SBIR Phase I: Queen Honey Bee Location Identification,Phase I: early; small early award,2451147
2,NSF,SBIR,"Kelley, James","3VO MEDICAL, INC",304452,2025,SBIR Phase I: Feasibility of a Novel Minimally Invasive Labor Augmentation System for Stage I Labor,Phase I: early; small early award,2507364
2,NSF,SBIR,"Singstock, Nicholas","MANA BATTERY, INC.",275000,2025,"SBIR Phase I: Electrolyte and Interphase Design for Stable, Safe, and Low-Cost Sodium Batteries",Phase I: early; small early award,2423370
2,NSF,SBIR,"Donnelly, Charles","CIRCLE CONCRETE TECH, INC.",304856,2025,"SBIR Phase I: Plient Engineered Recycled Steel Fibers as Cheaper, Faster, Safer Concrete Reinforcement",Phase I: early; small early award,2451370
2,NSF,SBIR,"Kramer, Laura",A CUBED DESIGN LLC,305000,2025,SBIR Phase I: Novel Mechanism for Refreshable Braille Device with Embedded Curriculum,Phase I: early; small early award,2507831
2,NSF,SBIR,"Harmon, Valerie","NAMAKA ALGAE, INC",304541,2025,SBIR Phase I: Area Efficient Cultivation Technology for Dense Microalgae Cultures,Phase I: early; small early award,2451285
2,NSF,SBIR,"Cannara, Rachel","JULIA JEAN, LLC",305000,2025,SBIR Phase I: Novel Cold Cathode E-Beam Sources for Advancing Semiconductor Manufacturing,Phase I: early; small early award,2506377
2,NSF,SBIR,"Hu, Chunshan","POWER 3D, INC",303107,2025,SBIR Phase I: 3D Printed Electrodes for High Performance Microbatteries,Phase I: early; small early award,2451439
2,NSF,SBIR,"Nassiri Nazif, Koosha","ARINNA, INC",305000,2025,SBIR Phase I: Power-dense flexible solar panels for high-value markets,Phase I: early; small early award,2451805
2,NSF,SBIR,"Tong, Junhong",TURBO POWER SEMICONDUCTOR INC.,305000,2025,SBIR Phase I: Development of a Silicon Conductivity-Controlled Power Transistor,Phase I: early; small early award,2451008
2,NSF,SBIR,"Ramea, Kalai",PLANETTE ANALYTICS INC,304943,2025,SBIR Phase I: NIVA: A Multimodal Foundation Model for Actionable Earth System Intelligence,Phase I: early; small early award,2507255
2,NSF,SBIR,"LaLone, Vernon",WAVE LUMINA LLC,305000,2025,SBIR Phase I: Development of a Portable Contaminant Field Screening Device for Rapid Measurement of PFAS in Water.,Phase I: early; small early award,2507556
2,NSF,SBIR,"Anderson, Graham",SYNTOPA INC.,304748,2025,SBIR Phase I: Enhanced Rock Weathering through Gene Editing of Soil Microorganisms,Phase I: early; small early award,2507231
2,NSF,SBIR,"Jang, Hyun-June",Kompass Diagnostics Inc,304966,2025,SBIR Phase I: Portable Blood Diagnostic Technology Enabling Care Delivery Beyond Hospital Walls,Phase I: early; small early award,2507280
2,NSF,SBIR,"Luther, Joseph",GELASTOMERICS LLC,305000,2025,SBIR Phase I: Bringing Intrinsic Lubricity to the Medical Elastomer Market,Phase I: early; small early award,2507798
2,NSF,SBIR,"Nie, Min","ULTINAT, INC.",305000,2025,SBIR Phase I: Biodegradable Microencapsulation for Agrochemicals,Phase I: early; small early award,2449802
2,NSF,SBIR,"Solorzano, Ricardo",Linton Lifesciences Inc,304906,2025,SBIR Phase I: Microfluidic 3D Bioprinting of Dacron-Recombinant Human Collagen Double-Network Crosslinked Biomimetic Vascular Conduits,Phase I: early; small early award,2507229
2,NSF,SBIR,"Baumgartner, Bridget",DESIGNER ECOSYSTEMS LLC,301769,2025,SBIR Phase I: Building A Reef Mimicking Coral-Independent Habitat Support Structure,Phase I: early; small early award,2436946
2,NSF,SBIR,"McCullagh, James","CREATHADH ENERGIES, LLC",305000,2025,SBIR Phase I: Prototype for Vibration Harvesting in Wearables,Phase I: early; small early award,2507259
2,NSF,SBIR,"Bao, Junchen","SEA-GAL TECHNOLOGIES, INC.",304999,2025,SBIR Phase I: High Data-Rate Multiple-Input Multiple-Output (MIMO) Underwater Acoustic Communications,Phase I: early; small early award,2451589
2,NSF,SBIR,"Hunt, Justin","SOL ROBOTICS, INC.",304952,2025,SBIR Phase I: A Robotic Arm Architecture for Affordable Robots with Enhanced Reach and Payload,Phase I: early; small early award,2449557
2,NSF,SBIR,"Stanton, Eric",EMode Photonix LLC,305000,2025,SBIR Phase I: Nonlinear Eigenmode Expansion Method for Integrated Quantum Photonics,Phase I: early; small early award,2507617
2,NSF,SBIR,"Soskind, Yakov","COHERENT PHOTONICS, LIMITED LIABILITY COMPANY",305000,2025,SBIR Phase I: Metasurface Optical Waveguides for Compact and Scalable Optical Systems,Phase I: early; small early award,2506374
2,NSF,SBIR,"Dass, Priya",RAINBOW HOSPITALITY LLC,302965,2025,SBIR Phase I: Turmeric Assisted Pressure Sterilization,Phase I: early; small early award,2507388
2,NSF,SBIR,"HUSSEIN, Makarem",LuxNour Technologies Inc,304507,2025,SBIR Phase I: Efficient Transfer Technology for Ultra-Thin Dies (UTD) in Advanced Semiconductor Chip Packaging,Phase I: early; small early award,2505353
2,NSF,SBIR,"Donald, Erik",MAIN ENGINEERING LLC,305000,2025,SBIR Phase I: High-Precision Timing Devices for Research and Industry,Phase I: early; small early award,2507531
2,NSF,SBIR,"Adibi, Babak",STELLAR ENGIINE,305000,2025,SBIR Phase I: Advanced PEALD Processing Technology using Nanosecond Pulse Power,Phase I: early; small early award,2451318
2,NSF,SBIR,"Watters, Edmond","SPEARSTONE SOLUTIONS, LLC",305000,2025,SBIR Phase I: Separation of Clean Gypsum from Phosphate Ore Processing Waste,Phase I: early; small early award,2437985
2,NSF,SBIR,"Azizi, Morteza",GIANT BIOSYSTEMS INC.,305000,2025,SBIR Phase I:  High-Throughput AST Using Gradient-Based Microfluidic,Phase I: early; small early award,2444168
2,NSF,SBIR,"Janes, Michael",GALVANIX INC.,305000,2025,SBIR Phase I: Novel Process for Neodymium Manufacturing Using Continuous Chloride Electrolysis,Phase I: early; small early award,2450998
2,NSF,SBIR,"Suma, Alexander",NEXUMA L.L.C.,304988,2025,SBIR Phase I: Microbially-Driven Underground Barrier to Reduce Flooding in Coastal Communities,Phase I: early; small early award,2450954
2,NSF,SBIR,"Sharma, Sudhir","AERIS WATER TECHNOLOGIES, LLC",304996,2025,SBIR Phase I: Water from Air: An Adsorption-Based Atmospheric Water Harvester,Phase I: early; small early award,2451639
2,NSF,SBIR,"Strongrich, Andrew","LYOWAVE, INC",304436,2025,SBIR Phase I: Scaling Up Tunable High-Frequency Microwave Heating for Pharmaceutical and Biologics Manufacturing,Phase I: early; small early award,2451630
2,NSF,SBIR,"Holman, David",DAYZERO WATER LLC,304950,2025,"SBIR Phase I: Effective, Affordable, UV Treatment Technology for Microbiologically Contaminated Water",Phase I: early; small early award,2449174
2,NSF,SBIR,"Sosso, Scott","LUCA AI, LLC",304935,2025,SBIR Phase I: Adaptive Phonetic Analysis for Personalized Dyslexia Reading Support,Phase I: early; small early award,2451062
2,NSF,SBIR,"Kota, Pavan",ANVIL DIAGNOSTICS INC.,298646,2025,SBIR Phase I:  Ultra-Sensitive and Multiplexed Pathogen Profiling for Neonatal Sepsis Detection,Phase I: early; small early award,2451306
1,NIH,R44,"HOUSTON, JULIA FAITH","CONNECTING HEALTH INNOVATIONS, LLC",306870,2026,Developing and testing the DII® recipe calculator app based on the inflammatory potential of food ingredients.,small early award,1R44DK143772-01A1
1,NIH,R42,"WANG, JUN ","NANODIAGNOSTIC TECHNOLOGY, LLC",695405,2026,Development of an integrated smartphone-nanosensor platform for onsite biomonitoring of exposure to pesticides,software in title; STTR: university partner required; PENALTY: wet-lab/therapeutic,5R42ES032388-04
1,NIH,R43,"ELMER, DUFFY ","SYNCARDIA SYSTEMS, LLC",606498,2026,"A wearable, mechanically actuated total artificial heart (Emperor) enabling destination therapy for severe biventricular heart failure patients",Phase I: early,1R43HL184460-01
1,NIH,R44,"SCHMIDT, TALY GILAT","ONC.AI, INC.",313742,2026,Deep Learning Serial Radiomics for Improved Cancer Therapy Response Assessment.,small early award,5R44CA302212-02
1,NIH,R42,"LENNOX, RONALD WILLIAM",ADIUTRIX THERAPEUTICS,1102737,2026,Platform technology to identify and develop first-in-class anti-fibrotic therapeutics through inhibition of collagen CP4H,software in title; STTR: university partner required; PENALTY: wet-lab/therapeutic,5R42HL176297-03
1,NIH,R42,"VARSHNEY, JYOTIKA ","VERISIM LIFE, INC.",512644,2026,Development of therapeutic candidates for stimulant use disorder using AI-driven platform for focused drug discovery and accelerated development,software in title; STTR: university partner required; PENALTY: wet-lab/therapeutic,5R42DA056084-03
1,NIH,R42,"KUMAR, KRISHNA ","VELUM, INC.",959031,2025,A Robust Platform for Design and Development of Therapeutic Peptides for Metabolic Syndrome,software in title; STTR: university partner required; PENALTY: wet-lab/therapeutic,5R42DK131842-03
1,NIH,R44,"SHEETS, LINCOLN R","TRANSCENDENT INTERNATIONAL, LLC",60000,2025,Lowering the burden of medical translation by enabling healthcare professionals as human editors of machine translations,small early award,3R44MD018266-03S1
1,NIH,R44,"KABUKA, MANSUR R.","INFOTECH SOFT, INC.",346252,2025,Deep-CDS: Deep Learning Semantic Data Lake for Clinical Decision Support,small early award,5R44GM143996-04
1,NIH,R42,"LENNOX, RONALD WILLIAM",ADIUTRIX THERAPEUTICS,1027583,2025,Platform technology to identify and develop first-in-class anti-fibrotic therapeutics through inhibition of collagen CP4H,software in title; STTR: university partner required; PENALTY: wet-lab/therapeutic,4R42HL176297-02
1,NIH,R42,"VARSHNEY, JYOTIKA ","VERISIM LIFE, INC.",811876,2025,Development of therapeutic candidates for stimulant use disorder using AI-driven platform for focused drug discovery and accelerated development,software in title; STTR: university partner required; PENALTY: wet-lab/therapeutic,2R42DA056084-02
1,NSF,SBIR,"Nassiri Nazif, Koosha","ARINNA, INC",312407,2026,"SBIR Phase II: Scaling Power-Dense, Radiation-Tolerant Flexible Solar Panels for High-Value Markets",small early award,2629018
1,NSF,SBIR,"Regensburger, Brandon",EXOPOWER INC.,311515,2026,SBIR Phase II: In-Motion Capacitive Wireless Charging System for Material Handling Vehicles,small early award,2547218
1,NSF,SBIR,"Atabaki, Amir","PERCEPTRA TECHNOLOGIES, INC.",462377,2026,SBIR Phase II: High-Performance Integrated Photonic Raman Analyzers,small early award,2605191
1,NSF,SBIR,"Tiwari, Ratnesh",NEXTGLASS LLC,312482,2026,"SBIR Phase II: Low-Cost, High-Performance, Vacuum Insulated Glass Window",small early award,2545418
1,NSF,SBIR,"Beiro, Michael","LINEBIRD, INC.",312496,2026,SBIR Phase II: Unmanned Aerial Payload Systems for Live-line Access,small early award,2450659
1,NSF,SBIR,"Knoespel, Matthew",ATRILITY MEDICAL LLC,312500,2026,SBIR Phase II: Development of Automated Post Operative Rhythm Identification Through Computerized Evaluation of Atrial Signals,small early award,2605023
1,NSF,SBIR,"Hoffman-Bice, Jason",FOURIER LLC,312379,2026,SBIR Phase II: Thermoformable Technical Ceramics for Thermal Management Solutions - Scaled Manufacturing Viability,small early award,2604933
1,NSF,SBIR,"Zimmerman, Michael","Z-POLYMERS, LLC",312451,2026,SBIR Phase II: Durable High-Performance Polymers for Consumer 3D Printing of Engineering-Grade Products,small early award,2537897
1,NSF,SBIR,"Yu, Zhengshan","BEYOND SILICON, INC.",312500,2026,SBIR Phase II: Understanding the Lifetime of Perovskite/Silicon Tandems for Vehicle-Integrated Photovoltaic and Residential Applications,small early award,2537786
1,NSF,SBIR,"Henderson, Andrew",HENDTECH LLC,312494,2026,SBIR Phase II: Computer Vision for Merchandizing Forest Products,small early award,2604322
1,NSF,SBIR,"Kolan, Krishna","MEDICARBONE, INC.",287421,2026,SBIR Phase II: Design and Development of Minimally-Invasive Orthopedic Fracture Fixation,small early award,2600002
1,NSF,SBIR,"Ravi, Prashanth","METEORA3D, INCORPORATED",287034,2026,SBIR Phase II: Rapid Lift-Based Peel Separation Masked Inverted Stereolithography 3D Printing for Trauma and Emergency Procedural Planning,small early award,2605002
1,NSF,SBIR,"Polf, Jerimy","M3D, INC.",312500,2026,SBIR Phase II: Gamma Camera Design and Studies for Intraoperative Imaging,small early award,2538823
1,NSF,SBIR,"Marshall PhD, Darrell",TOTAL ANALYSIS L.L.C.,287421,2026,SBIR Phase II: Combating Pathogens with Onsite Universal Detection,small early award,2537926
1,NSF,SBIR,"Paramesh, Jeyanandh",TERASPATIAL INC,312456,2026,SBIR Phase II: Simultaneous Transmit-Receive and Full-Duplex Millimeter-Wave Massive Multiple-Input and Multiple-Output Systems,small early award,2537738
1,NSF,SBIR,"Collins, Scott","HOOFPRINT BIOME, INC.",312390,2026,SBIR Phase II: Bioengineering Probiotic Yeast to Improve Productivity,small early award,2507155
1,NSF,SBIR,"Cheng, Yao-Te","3FATES-XRAY, INC.",312049,2026,SBIR Phase II: Deep-learning Driven Single-shot X-ray Phase-contrast Computed Tomography for Security Screening,small early award,2550084
1,NSF,SBIR,"Harroun, Alexis",JUNO PROPULSION INC.,312500,2026,"SBIR Phase II: Rotating Detonation Combustion Satellite Thruster Using Novel, Non-toxic Propellants",small early award,2605066
1,NSF,SBIR,"Mui, Timothy",SEIA BIO INC,312500,2026,SBIR Phase II: Protecting beneficial microbes from harmful stressors,small early award,2605079
1,NSF,SBIR,"Jogikalmath, Gangadhar","RETURN TO VENDOR, CO",312445,2026,SBIR Phase II: Innovative Nylon Fibers with Performance,small early award,2537916
1,NSF,SBIR,"Chapman, James",MAYFAIR GROUP LLC,303708,2026,SBIR Phase II: Intelligent Interactive Guidance System,small early award,2604996
1,NSF,SBIR,"Datta, Ravindra",VOLTA ENERGY INC,312500,2026,SBIR Phase II: A Novel High Voltage All-Iron Flow Battery for Long-Duration Energy Storage,small early award,2537645
1,NSF,SBIR,"Segel, Rebecca","FLOWCELLUTIONS, INC",1554998,2026,SBIR Fast-Track: Electroanalytical State-of-charge and Chemical Composition Sensors for Redox Flow Batteries,Phase I: early,2604898
1,NSF,SBIR,"Yang, Steven","NEURAL SOLID, INC.",1555000,2026,SBIR Fast-Track: Automated Creation of Material Models for Multi-Polymer 3D Printing,Phase I: early,2537440
1,NSF,SBIR,"Osswald, Sebastian",MXENE INC,1546866,2026,"SBIR Fast-Track: Development of a Continuous Flow Reactor Technology for Industrial-Grade MXene Production: A Safer, High-Throughput Alternative to Batch Processing",Phase I: early,2537894
1,NSF,SBIR,"Franconeri, Steven",BECISE LLC,1554830,2026,SBIR Fast-Track: A Proprietary Argumentation Heuristic Framework for Structured Reasoning and Logic Evaluation in Presentation Authoring,Phase I: early,2605171
1,NSF,SBIR,"Meng, Wei","LUMISTRAIN, INC.",1549408,2026,SBIR Fast-Track: Strain Sensing Smart Skin (S4) for Structural Testing and Health Monitoring,Phase I: early,2537663
1,NSF,SBIR,"Scott, Justin","SIT SENSE, INC",1555000,2026,SBIR Fast-Track: Reducing Hospital-Acquired Pressure Injuries and Workforce Strain Through Automated Repositioning Technology,Phase I: early,2528135
1,NSF,SBIR,"Piacenza, Pedro",TANGIBLE ROBOTICS INC,1554195,2025,SBIR Fast-Track: Dexterous Robotic Manipulation in Manufacturing and Material Handling,Phase I: early,2452316
1,NSF,SBIR,"Tuttle, Robert","RAPICURE SOLUTIONS, INC.",1542335,2025,"SBIR Fast-Track: Rapid Repair, Protection, and Reclamation of Key Infrastructure Assets by Frontally Polymerizing Resin System",Phase I: early,2507819
1,NSF,SBIR,"DuChanois, Ryan",SOLIDEC INC.,1555000,2025,SBIR Fast-Track: Direct Electrochemical Generation of Caustic Peroxide in a Porous Solid Electrolyte Reactor for Onsite Applications,Phase I: early,2528378
1,NSF,SBIR,"Lopez, Kian","OSMOPURE TECHNOLOGIES, INC",1525915,2025,SBIR Fast-Track: Scaling Up Pressure-Driven Distillation for Ultrapure Water Production,Phase I: early,2507823
1,NSF,SBIR,"Zheng, Sunxiang 'Sean'","PRINCETON CRITICAL MINERALS, INC.",1555000,2025,SBIR Fast-Track: Selective Evaporative Lithium Transport and Extraction from Saline Water,Phase I: early,2451235
1,NSF,SBIR,"Toombs, Joseph",FITOTO TECHNOLOGIES INC.,1555000,2025,"SBIR Fast-Track: Providing Timely, Inexpensive, and Comfortable Earmolds (EMs) for Hearing Loss (HL) Patients using Computed Axial Lithography (CAL) 3D Printing",Phase I: early,2451592
0,NIH,R43,"KURDAHI, MICHAEL ","PRECISIONBIO AI, LLC",374472,2026,Machine Learning-Driven Precision Dosing System for Improved Anticoagulation Therapy,software in title; Phase I: early; small early award; PENALTY: wet-lab/therapeutic,1R43HL184836-01A1
0,NIH,R43,"LIU, SIJIA ",DORO MIND INC.,398580,2026,"A digital platform to address adverse effects resulting from non-disordered drug use, focused on mitigating serious mental illness",software in title; Phase I: early; small early award; PENALTY: wet-lab/therapeutic,1R43DA064245-01
0,NIH,R44,"STONE, BARBARA JEAN",PARATECHS CORP.,535088,2026,A novel rat sperm cryopreservation and artificial insemination system,,5R44OD032088-03
0,NIH,R43,"SMIT, RUPERT DANIEL",AVAGENE THERAPEUTICS INC.,220958,2026,Automated 2D Cell & Gene Therapy Manufacturing Platform,software in title; Phase I: early; small early award; PENALTY: wet-lab/therapeutic,1R43GM165336-01
0,NIH,R44,"TYBURSKI, ERIKA AMY","SANGUINA, LLC",962375,2026,"Translation of a personalized, non-invasive smartphone app for hemoglobin monitoring for chronic anemia patients",,5R44HL139250-06
0,NIH,R43,"BONISSONE, STEFANO ROMOLI","ABTERRA BIOSCIENCES, INC.",306555,2026,A platform for serum antibody repertoire analysis for autoimmune disease diagnosis,software in title; Phase I: early; small early award; PENALTY: wet-lab/therapeutic,1R43AI197772-01
0,NIH,R43,"JIANG, FENG ",BIOTARGET DX LLC,295924,2026,Dual-Platform Plasma Assay for Early Lung Cancer Detection in African Americans,software in title; Phase I: early; small early award; PENALTY: wet-lab/therapeutic,1R43MD021361-01
0,NIH,R44,"HILL, COURTNEY ","GLIMPSE DIAGNOSTICS, INC.",610664,2026,Deep learning image classification model for pediatric ear disease,,5R44EB036883-02
0,NIH,R44,"BECK, SUSAN L",5 POINT APP,1029679,2026,Decentralized Clinical Trial of Effectiveness of EnergyPoints App to Guide Acupressure Use for Fatigue and Sleep Disturbances in Cancer Survivors,,5R44CA297977-02
0,NIH,R43,"FRANK, BRUCE ",DELAQUA PHARMACEUTICALS INC,322184,2026,P-gp inhibitor polymeric micelle platform for enhanced drug solubilization and oral bioavailability,software in title; Phase I: early; small early award; PENALTY: wet-lab/therapeutic,1R43TR005757-01A1
0,NIH,R43,"HECKENBACH, INDRA ","SENESCOPE, INC.",396631,2026,A novel AI platform to detect cellular senescence and measure biological age using biofluids,software in title; Phase I: early; small early award; PENALTY: wet-lab/therapeutic,1R43AG102262-01
0,NIH,R43,"MINDEN, JONATHAN S","IMPACT PROTEOMICS, LLC",320863,2026,Transforming Autoimmune Diagnostic and Disease Monitoring with a Scalable IP-to-MS Platform for Autoantigen Profiling,software in title; Phase I: early; small early award; PENALTY: wet-lab/therapeutic,1R43AI197429-01
0,NIH,R43,"QUIJANO RUBIO, ALFREDO ","MONOD BIO, INC.",330955,2026,Computational Protein Design of Robust and Scalable Recombinant HRP and Poly-HRP Reagents,software in title; Phase I: early; small early award; PENALTY: wet-lab/therapeutic,1R43GM163512-01
0,NIH,R43,"BLOEM, BERNARD ","SINOPIA BIOSCIENCES, INC.",114274,2026,Development of a metabolomics enabled AI/ML platform for discovery of new treatments to enhance drug sensitivity in cancer,software in title; Phase I: early; small early award; PENALTY: wet-lab/therapeutic,5R43CA295316-02
0,NIH,R43,"LI, YILUN ",NANORES LLC,368915,2026,"A Comprehensive Computation Platform for Single Molecule Localization Microscopy: From Molecular Localization, Visualization to Quantitative Data Analysis",software in title; Phase I: early; small early award; PENALTY: wet-lab/therapeutic,1R43GM165162-01
0,NIH,R43,"CHILDS, CHARLIE ",INTERO BIOSYSTEMS INC.,349824,2026,A Novel Human Intestinal Organoid Platform with Peristaltic Function for Drug Discovery and Pre-Clinical Testing in GI Motility Disorders,software in title; Phase I: early; small early award; PENALTY: wet-lab/therapeutic,1R43TR006331-01
0,NIH,R44,"MOODY, JONATHAN BRYAN","INVIA, LLC",1109351,2026,"Development of Deep Learning Tools for Widely-Available, Inexpensive Diagnosis of Coronary Microvascular and Vasomotor Dysfunction",,5R44HL178315-02
0,NIH,R43,"DIEHNELT, CHRIS ",ROBUST DIAGNOSTICS LLC,404032,2025,Machine Learning Powered Platform for Discovery of Peptide Ligands for Peptide-Drug Conjugates,software in title; Phase I: early; small early award; PENALTY: wet-lab/therapeutic,1R43GM161143-01
0,NIH,R43,"SARKAR, SUSANTA K","CADENZAMED, LLC",313358,2025,A Machine Learning Software Tool for Automatic Segmentation and Analysis of T1p MR Images of Knee Cartilage for OA Diagnosis and Treatment Monitoring,software in title; Phase I: early; small early award; PENALTY: wet-lab/therapeutic,1R43AR086014-01
0,NIH,R43,"FLAJOLET, MARC ",JILLION THERAPEUTICS INC.,399483,2025,Synergy between Artificial Intelligence and DNA-Encoded Library technologies to Identify Polypharmacological Therapeutics for Substance Use Disorders,software in title; Phase I: early; small early award; PENALTY: wet-lab/therapeutic,1R43DA062975-01
0,NIH,R43,"EGAN, BRIAN STANLEY","ACTIVE MOTIF, INC.",306094,2025,A Novel Epigenetic Editing Platform,software in title; Phase I: early; small early award; PENALTY: wet-lab/therapeutic,1R43HG014420-01
0,NIH,R44,"GURA, VICTOR ","WEARABLE ARTIFICIAL ORGANS, INC.",1407179,2025,Dialyzing at home with a new model of the Wearable Artificial Kidney,,5R44DK139891-02
0,NIH,R44,"STONE, BARBARA JEAN",PARATECHS CORP.,560816,2025,A novel rat sperm cryopreservation and artificial insemination system,,2R44OD032088-02
0,NIH,R43,"BASILE, CHRISTOPHER ","PEPTIFORGE, INC",306872,2025,A platform for the rapid development of protein binders,software in title; Phase I: early; small early award; PENALTY: wet-lab/therapeutic,1R43GM161157-01
0,NIH,R43,"BEGLOV, DMITRI ","ACPHARIS, INC.",202467,2025,Software for increased accuracy prediction of antibody-antigen complexes,software in title; Phase I: early; small early award; PENALTY: wet-lab/therapeutic,1R43GM161151-01
0,NIH,R43,"O'HANLON, RYAN ","LUCERNA, INC.",313148,2025,In vivo imaging platform for DM1 drug discovery,software in title; Phase I: early; small early award; PENALTY: wet-lab/therapeutic,1R43AR086092-01
0,NIH,R44,"COLLINGE, WILLIAM B.",COLLINGE AND ASSOCIATES,1030459,2025,mHealth app for caregiver instruction in manual therapy for chemotherapy-induced peripheral neuropathy,,5R44CA268678-03
0,NIH,R43,"ALLEN, JORDAN ","EYESCREEN, INC.",306118,2025,Drug Screening Platform in the Light-Responsive Human Eye,software in title; Phase I: early; small early award; PENALTY: wet-lab/therapeutic,1R43EY037154-01
0,NIH,R43,"APPLING, ANTHONY ","ENDONAVIS, LLC",226192,2025,Novel Over-the-Scope Platform for Control of Variceal Bleeding,software in title; Phase I: early; small early award; PENALTY: wet-lab/therapeutic,1R43DK142274-01
0,NIH,R44,"TYBURSKI, ERIKA AMY","SANGUINA, LLC",1000000,2025,"Translation of a personalized, non-invasive smartphone app for hemoglobin monitoring for chronic anemia patients",,5R44HL139250-05
0,NIH,R43,"HSIEH, YI-AN ","AIRALUX MEDICAL, INC.",306872,2025,DIGITAL INCENTIVE SPIROMETRY EXERCISER TO IMPROVE PATIENT ADHERENCE AND CLINICAL WORKFLOWS,software in title; Phase I: early; small early award; PENALTY: wet-lab/therapeutic,1R43HL180242-01A1
0,NIH,R43,"PEREZ LORENZO, LUIS JAVIER ",NANOENGINEERING CORPORATION,349909,2025,Development of a Viral Vector Sizing Tool to Improve Gene Therapy Analytics and Reduce the Cost of Drug Development,software in title; Phase I: early; small early award; PENALTY: wet-lab/therapeutic,1R43TR005330-01A1
0,NIH,R43,"LIU, PENG PAUL ","MICROSENSOR LABS, LLC",306872,2025,A High-throughput Automated Platform for Rapid Isolation and Testing of Salmonella,software in title; Phase I: early; small early award; PENALTY: wet-lab/therapeutic,1R43CK000713-01A1
0,NIH,R43,"MACKEY, TIMOTHY KEN","S-3 RESEARCH, LLC",499778,2025,Developing a digital and generative AI tool to improve participation in AD/ADRD trials,software in title; Phase I: early; small early award; PENALTY: wet-lab/therapeutic,1R43AG091831-01A1
0,NIH,R43,"RANDA, LAURA ","TOIVOA, INC",383159,2025,Development of an accessible Cognitive Behavioral Therapy digital therapeutic for individuals with Long COVID,software in title; Phase I: early; small early award; PENALTY: wet-lab/therapeutic,1R43NR021082-01A1
0,NIH,R43,"ROEHM, KEVIN ",CFD RESEARCH CORPORATION,499987,2025,A high throughput alcohol screening platform (HT-ASP) incorporating cortical organoids.,software in title; Phase I: early; small early award; PENALTY: wet-lab/therapeutic,1R43AA032150-01
0,NIH,R43,"KAY, BRIAN KENNETH","TANGO BIOSCIENCES, INC.",314363,2025,The Avidimer Platform - a molecular toolbox to accelerate proximity research and drug discovery,software in title; Phase I: early; small early award; PENALTY: wet-lab/therapeutic,1R43GM159588-01
0,NIH,R44,"SHEETS, LINCOLN R","TRANSCENDENT INTERNATIONAL, LLC",785654,2025,Lowering the burden of medical translation by enabling healthcare professionals as human editors of machine translations,,5R44MD018266-03
0,NIH,R43,"SITHARAMAN, BALAJI ","MILLENNIAL MATERIALS AND DEVICES, INC.",306872,2025,3D Printed Integrated Sample Preparation and Chromatography Platform for Limited Volume Proteomics,software in title; Phase I: early; small early award; PENALTY: wet-lab/therapeutic,1R43TR005777-01A1
0,NIH,R44,"HILL, COURTNEY ","GLIMPSE DIAGNOSTICS, INC.",1535084,2025,Deep learning image classification model for pediatric ear disease,,1R44EB036883-01A1
0,NIH,R44,"BECK, SUSAN L",5 POINT APP,1019587,2025,Decentralized Clinical Trial of Effectiveness of EnergyPoints App to Guide Acupressure Use for Fatigue and Sleep Disturbances in Cancer Survivors,,1R44CA297977-01
0,NIH,R43,"DAMBACHER, COREY MICHAEL","RYBODYN, INC.",306700,2025,A novel spatial biology platform for protein profiling which is cost effective and scalable,software in title; Phase I: early; small early award; PENALTY: wet-lab/therapeutic,1R43GM163236-01
0,NIH,R43,"VANTUCCI, CASEY E",ANDSON BIOTECH INC.,302671,2025,A Real-Time Mass Spectrometry Platform for In-Process Monitoring and Cell State Analysis,software in title; Phase I: early; small early award; PENALTY: wet-lab/therapeutic,1R43GM159530-01
0,NIH,R43,"ANSELMO, AARON C","VITAKEY, INC.",349759,2025,Platform technology for delivery of stabilized therapeutic microbes in powders with high water activity,software in title; Phase I: early; small early award; PENALTY: wet-lab/therapeutic,1R43HD117653-01
0,NIH,R43,"YOUNG, DAREN ","FLUOROFINDER, LLC",348492,2025,A novel digital workflow tool to simplify matched pair antibody identification for improved immunoassay development,software in title; Phase I: early; small early award; PENALTY: wet-lab/therapeutic,1R43GM159438-01
0,NIH,R44,"SCHMIDT, TALY GILAT","ONC.AI, INC.",1686258,2025,Deep Learning Serial Radiomics for Improved Cancer Therapy Response Assessment.,,1R44CA302212-01
0,NIH,R43,"MIJAILOVICH, SRBOLJUB M",FILAMENTECH. INC.,297720,2025,MUSICO: An in silico platform for evaluating the effects of disease and drug effectiveness in HCM and DCM cardiomyopathies,software in title; Phase I: early; small early award; PENALTY: wet-lab/therapeutic,1R43HL180216-01
0,NIH,R43,"HARFOUCHE, MARK ","RAMONA OPTICS, INC.",475002,2025,A parallelized imaging platform for accurate and efficient long-term assessment of brain organoid development,software in title; Phase I: early; small early award; PENALTY: wet-lab/therapeutic,5R43MH133521-02
0,NIH,R43,"RIZVI, SAFIA ",CILA THERAPEUTIC INC.,379948,2025,Development of CIL-0X: A Platform to Enhance Delivery of Inhaled RNA Therapeutics to Lung Cells,software in title; Phase I: early; small early award; PENALTY: wet-lab/therapeutic,1R43TR005938-01
0,NIH,R43,"CARRON, KEITH ","SKM INSTRUMENTS, LLC",306872,2025,Ultra-Rapid Optical Platform for Antimicrobial Susceptibility Testing (AST) ofPulmonary Non-Tuberculous Mycobacterial (NTM) Infections,software in title; Phase I: early; small early award; PENALTY: wet-lab/therapeutic,1R43JG000004-01A1
0,NIH,R43,"BILLINGSLEY, JOHN MARTIN","INVIZYNE TECHNOLOGIES, INC.",283805,2025,Bio-Click: A cell-free high-throughput platform for the engineering of enzymatic group transfer reactions,software in title; Phase I: early; small early award; PENALTY: wet-lab/therapeutic,1R43GM157956-01
0,NIH,R43,"FEKKES, PETER ","UBIQUITX, INC.",391495,2025,Chimeric Ligands for Induced Proximity (CLIP) platform for targeted proteome editing to treat severe alcoholic hepatitis,software in title; Phase I: early; small early award; PENALTY: wet-lab/therapeutic,1R43AA032456-01
0,NIH,R43,"BLOEM, BERNARD ","SINOPIA BIOSCIENCES, INC.",285599,2025,Development of a metabolomics enabled AI/ML platform for discovery of new treatments to enhance drug sensitivity in cancer,software in title; Phase I: early; small early award; PENALTY: wet-lab/therapeutic,1R43CA295316-01A1
0,NIH,R43,"LUCAS, CHRISTOPHER R.","DNA NANOBOTS, INC.",349801,2025,"Platform for Designing and Delivering Tissue-Specific, Payload-Unrestricted, Redosable, Non-Viral Gene Therapy for Any Indication",software in title; Phase I: early; small early award; PENALTY: wet-lab/therapeutic,1R43GM161180-01
0,NIH,R43,"MONTES, RYAN ",MICROPURE GENOMICS INC,291232,2025,"A gel-less, bead-less genomic size selection approach on a rapid and inexpensive microfluidic sample preparation platform",software in title; Phase I: early; small early award; PENALTY: wet-lab/therapeutic,1R43HG014743-01
0,NIH,R43,"LIANG, JULIE MING","OPERA BIOSCIENCE, INC.",47879,2025,A new platform for inexpensive and scalable recombinant protein and growth factor production to support cell culture applications in therapeutics.,software in title; Phase I: early; small early award; PENALTY: wet-lab/therapeutic,3R43GM146560-01A1S1
0,NIH,R44,"MOODY, JONATHAN BRYAN","INVIA, LLC",1107749,2025,"Development of Deep Learning Tools for Widely-Available, Inexpensive Diagnosis of Coronary Microvascular and Vasomotor Dysfunction",,1R44HL178315-01
0,NSF,SBIR,"Gutierrez, Alexander",L5 AUTOMATION INC.,1250000,2026,SBIR Phase II: Intelligent Robotic Foliage Manipulation for Faster Autonomous Harvesting,,2605205
0,NSF,SBIR,"Acharya, Bishwa","Earth Mapping International, Inc.",1250000,2026,SBIR Phase II: Dynamic OneSource Geospatial Information System,,2550085
0,NSF,SBIR,"Major, Adryanna",PITCH AERONAUTICS INC.,1239847,2026,SBIR Phase II: Stable Manipulation via Hovering Drone for Electric Utility Maintenance and Component Installations,,2604909
0,NSF,SBIR,"Kumar, Albert",CARBIDE RADIO INC,1250000,2026,SBIR Phase II: Silicon Carbide Radio Frequency Switches,,2605209
0,NSF,SBIR,"McNeil, Patricia",WESTWOOD AEROGEL CO.,1249955,2026,SBIR Phase II: Advanced Manufacturing for Aerogels for Battery Safety Applications,,2538150
0,NSF,SBIR,"Haas, Gabriel",GENASSIST INC,1248163,2026,SBIR Phase II: Development and Validation of Clinic-Ready MyoSponge,,2533727
0,NSF,SBIR,"Ciszek, Jacob","MOLECULAR INTERFACES, LLC",1245569,2026,SBIR Phase II: High Light-Throughput Electrodes for Top-Emitting and Transparent OLED Displays,,2605167
0,NSF,SBIR,"Bozorgi, Payam",HPLUS INC,1238787,2026,SBIR Phase II: ADVANCING ELECTROLYZER TECHNOLOGY USING A MULTIFUNCTIONAL POROUS TRANSPORT LAYER,,2537646
0,NSF,SBIR,"Matalucci, Berardo",MIMIC SYSTEMS INC,1250000,2026,SBIR Phase II: Solid-State Heating and Cooling System Using High-Performance Thermoelectric Materials,,2604928
0,NSF,SBIR,"Shen, Xiaochen",WATERUS LLC,1234063,2026,SBIR Phase II: Continuous Salt-Free Softening via a Scalable Redox-Mediated Electrochemical System,,2603375
0,NSF,SBIR,"Pearce, Stephen",PRHOBE INC,1245544,2026,"SBIR Phase II: Solving the 4,023-Year-Old Logistics Control Problem Using Modern IoT Standards and a Novel Combination of Passive RFID, UWB, and Cellular Technology",,2528036
0,NSF,SBIR,"Hanifzadeh, Matin",RUSHNU INC,1250000,2026,SBIR Phase II: System for High Efficiency Continuous Single-step Carbon Capture and Mineralization,,2538147
0,NSF,SBIR,"Moreb, Eirik",DINYA DNA INC,1250000,2026,SBIR Phase II: Commercializing Architect-directed DNA Synthesis,,2549904
0,NSF,SBIR,"Feldman, Matthew",VIRIDIAN SPACE CORPORATION,1218494,2026,SBIR Phase II: Air-Breathing Electric Propulsion,,2527072
0,NSF,SBIR,"Budhwani, Karim","CERFLUX, INC.",1250000,2026,SBIR Phase II: Predictive Ex Vivo Solid Tumor New Approach Method (NAM) for Screening Anticancer Agents,,2545371
0,NSF,SBIR,"Kamat, Gaurav","CIRCULARITY FUELS, INC.",1250000,2026,SBIR Phase II: Joule-Heated Sorbent-Enhanced Catalysis for High-Purity Methane Production in Semiconductor and Advanced Carbon Material Manufacturing,,2537616
0,NSF,SBIR,"Mojahed, Diana",PATHFLOW INC.,1247250,2026,SBIR Phase II: Enhancing Pathology Efficiency with On-Chip Optical Coherence Tomography (OCT) Imaging Technology,,2537908
0,NSF,SBIR,"Cera, Luca","FINIKS FORGE, INC.",1250000,2026,SBIR Phase II: Conversion of Keratin-Rich Materials into Regenerated Textile Fibers,,2604982
0,NSF,SBIR,"Schmolly, Katharina",ZEBRAMD INC.,1239701,2026,"SBIR Phase II: A Clinical Decision Making tool to improve diagnosis, management and research",,2546719
0,NSF,SBIR,"Anderson, Matthew",OSO SEMICONDUCTOR INC.,1249293,2026,SBIR Phase II: Ultra-Low Loss Beamformer and Combiner-First Technology for Lower Power Consumption Phased Arrays,,2538080
0,NSF,SBIR,"Nobile, John","NEW ENGLAND HEMOLYTICS, INC.",1249902,2026,SBIR Phase II: Rapid Sepsis Screening System Based on Pathogen DNA Extraction,,2537891
0,NSF,SBIR,"Millan, Christopher","BEKEN BIO, INC.",1249464,2026,SBIR Phase II: Liquid Biopsy Diagnostic Targeting Novel Extracellular Vesicle Biomarkers,,2537984
0,NSF,SBIR,"Varadachari, Chandrika",AGTEC INNOVATIONS INC,1121696,2026,SBIR Phase II: Novel Caged Urea as a Nitrogen Compost,,2534874
0,NSF,SBIR,"Yu, Xuejun",WATER ILLUMINATION INC,1239973,2026,SBIR Phase II: Next-Generation Deep Ultraviolet Photochemical Reactor,,2538137
0,NSF,SBIR,"Lee, Daniel","PERSEUS MATERIALS, INC.",1239445,2026,SBIR Phase II: Fast and Low-Energy Manufacturing of High-Performance Fiber-Reinforced Composites,,2537851
0,NSF,SBIR,"Girau, Alexander","GROUP1, INC.",1242311,2026,SBIR Phase II: 120Wh/kg K-ion Battery with 10C Discharge Rate as Alternative to LFP Commercial Power Cells,,2527616
0,NSF,SBIR,"Smith, George",DESNA THERAPEUTICS INC,304489,2026,SBIR Phase I: Development of a tolerizing platform for autoimmune diseases,software in title; Phase I: early; small early award; PENALTY: wet-lab/therapeutic,2537539
0,NSF,SBIR,"Catarino, Matthew",SWAY INNOVATION CO.,1146638,2026,"SBIR Phase II: Affordable, Scalable, and Compostable Solution for Flexible Plastic Packaging",,2528434
0,NSF,SBIR,"Li, Zhelin",AICONIC BIOSCIENCES LLC,305000,2026,SBIR Phase I: A Novel Gene Therapy Platform to Overcome AAV Cargo Size Limitations,software in title; Phase I: early; small early award; PENALTY: wet-lab/therapeutic,2604905
0,NSF,SBIR,"Alvarez, Raymond",ICHOR BIOLOGICS LLC,305000,2026,SBIR Phase I: A Platform to Decode Disease-Specific Immune Responses to Accelerate Drug Discovery and Clinical Decision-Making,software in title; Phase I: early; small early award; PENALTY: wet-lab/therapeutic,2604271
0,NSF,SBIR,"Ding, Guowen",LABFORINVENTION CORP,1248176,2026,SBIR Phase II: Scalable Manufacturing Technology for Mobile Signal Penetrating Low-Emissivity Windows,,2528331
0,NSF,SBIR,"Han, Seungmin","SINGULAR IMMUNE, INC.",304909,2026,SBIR Phase I: Novel Protein-Based Platform for In Vivo Chimeric Antigen Receptor (CAR) Generation,software in title; Phase I: early; small early award; PENALTY: wet-lab/therapeutic,2605160
0,NSF,SBIR,"Suma, Alexander",NEXUMA L.L.C.,1149796,2026,SBIR Phase II: Microbially-Driven Underground Barrier to Reduce Flooding in Coastal Communities,,2604891
0,NSF,SBIR,"Pisera, Alexander","SYNLIBRIS, INC.",304957,2026,SBIR Phase I: Platform for Continuous Evolution of Helper Genes to Enable High-Yield Protein Biomanufacturing,software in title; Phase I: early; small early award; PENALTY: wet-lab/therapeutic,2545668
0,NSF,SBIR,"Guidry, Jacob",ASIMICA LLC,1250000,2026,SBIR Phase II: Microbial Stem Cell Technology for High-Yield Terpene Biomanufacturing,,2528068
0,NSF,SBIR,"Xylas, Joanna","MATERIALIZE BIO, INC.",1250000,2026,SBIR Phase II: Bioengineered Next-Generation Tympanostomy Tubes to Improve Patient Outcomes,,2604767
0,NSF,SBIR,"Bajaj, Sarika","REFIBERED, INC.",1248225,2026,SBIR Phase II: Automated Textile Sorting Systems for Precision Resale and Closed-Loop Material Flow,,2605152
0,NSF,SBIR,"Cheng, Kezi","FLO MATERIALS, INC.",1250000,2026,SBIR Phase II: Dynamic Covalent Polymers for Transition to Closed-loop Plastics Economy,,2538148
0,NSF,SBIR,"Curran, Kathleen",BLUESTEM BIOSCIENCES INC,1680313,2025,SBIR Phase II: Anaerobic Biomanufacturing of 3-Hydroxypropionic Acid Utilizing Whole-Kernel Corn Feedstock,,2535156
0,NSF,SBIR,"Laulicht, Bryan","LANDSDOWNE LABS, LLC",1000000,2025,SBIR Phase II: Safer Batteries to Mitigate Injuries from Accidental Ingestion in Children,,2405102
0,NSF,SBIR,"Donahue, Andrew","BURLINGTON BIO, INC.",304997,2025,SBIR Phase I: Whey Protein-Based Microcarrier Platform for Next-Generation Cultivated Meat Production,software in title; Phase I: early; small early award; PENALTY: wet-lab/therapeutic,2528404
0,NSF,SBIR,"Byagathvalli, Gaurav","PIEZO THERAPEUTICS, INC.",304742,2025,SBIR Phase I: A Novel Low Cost Intradermal Delivery Platform For Nucleic Acid Vaccines,software in title; Phase I: early; small early award; PENALTY: wet-lab/therapeutic,2437939
0,NSF,SBIR,"Huang, Yiming",FOLI BIO INC.,305000,2025,SBIR Phase I: Development of a High-Throughput Fecal Exfoliome Analyzing Platform for Clinical Drug Development,software in title; Phase I: early; small early award; PENALTY: wet-lab/therapeutic,2528222
0,NSF,SBIR,"Nam, Arthur","APEXQUANTUM, INC.",304999,2025,SBIR Phase I: Optimizing Quantum Circuit Compiler for Quantum Software and Hardware Developers,software in title; Phase I: early; small early award; PENALTY: wet-lab/therapeutic,2527951
0,NSF,SBIR,"Shinde, Pradeep",Space Balloon Technologies Corp.,1250000,2025,SBIR Phase II: Mesospheric Sub-orbital Ballooning System,,2445229
0,NSF,SBIR,"Lindbergh, Sarah","WUI-GO, LLC",1231473,2025,"SBIR Phase II: Decentralized Evacuation Intelligence with Generative AI, Personalized Preparedness and Robust Real-Time Navigation",,2528445
0,NSF,SBIR,"Campbell, Ellen","Nitrate Elimination Company, Inc",1248010,2025,SBIR Phase II: Dual Enzyme System to Prevent Food Waste Caused by Oxygen,,2451309
0,NSF,SBIR,"Tarnavchyk, Ihor","INSECTAPEL, LLC",1050000,2025,SBIR Phase II:  Safe Long-Lasting Bio-Based Insect-Repellent Textiles,,2409794
0,NSF,SBIR,"Hergert, John",VITRO3D INC.,1237656,2025,SBIR Phase II: Parallax Manufacturing for Next Generation Electronic Connectors,,2528425
0,NSF,SBIR,"Stein, Derek","ADEPT MATERIALS, INC",1244177,2025,SBIR Phase II: Moisture Control Paint and Primer System for Bathroom Mold Prevention,,2507620
0,NSF,SBIR,"Wallace, Andrea","ROBIGO, INC.",1247238,2025,SBIR Phase II: Engineering the Plant Microbiome to Reduce Disease in Crops,,2528810
0,NSF,SBIR,"Posadas, Agham","LA LUCE CRISTALLINA, INC.",1210801,2025,SBIR Phase II: Foundry-Compatible Silicon-Integrated Epitaxial Barium Titanate Wafers for Silicon Photonics,,2528323
0,NSF,SBIR,"KHAN, SAJJAD",COGNI TRAX,1249221,2025,"SBIR Phase II: High Efficiency, Low Cost Catadioptric Waveguide and Display Optical Engine for Augmented Reality Smart Glasses using Spatial-temporal Multiplexed Single-CMOS Panel",,2528382
0,NSF,SBIR,"Pellegrino, Francis",ADVANCED GROWING RESOURCES INC.,1249394,2025,SBIR Phase II: Novel Spectroscopy for the Early Detection of Crop Afflictions,,2522042
0,NSF,SBIR,"Stuckey, Philip","FC RENEW, LLC",1249999,2025,SBIR Phase II: Renewable Platinum Catalyst for Fuel Cell Applications,,2526756
0,NSF,SBIR,"Schmitz, Alexa",REEGEN INC,1112040,2025,SBIR Phase II: A biological solution to improving the United States rare earth supply chain,,2527909
0,NSF,SBIR,"Johnson, Samantha",TATUM ROBOTICS LLC,1248253,2025,SBIR Phase II: Robotic system outputting multimodal methods to aid in communication,,2521773
0,NSF,SBIR,"Csuka, Ella","ECOTUNE, INC.",1241906,2025,SBIR Phase II: Scalable Development of Fully Bio-Based and High-Performance Bio-Inspired Materials,,2528254
0,NSF,SBIR,"Gupta, Anjali",ANTA BIOTECHNOLOGIES CORPORATION,1229393,2025,SBIR Phase II: Autonomous System for DNA Sequencing Prep in Space and Austere Environments,,2533096
0,NSF,SBIR,"Frick, Nikolay",FREESCALE LLC,1241749,2025,SBIR Phase II:  Development and Analysis of Functional NanoInks for Printed Neuromorphic Electronics and Smart Sensors,,2528156
0,NSF,SBIR,"Muscher, Philipp","EVOLOH, INC.",1248396,2025,SBIR Phase II: Advanced Anodes for Anion Exchange Membrane Water Electrolyzers,,2450670
0,NSF,SBIR,"Praslicka, Bryton","FLUXWORKS, INC.",1483303,2025,SBIR Phase II:  Advancing Manufacturing on Earth and Beyond through Magnetic Gear Technology Development,,2507054
0,NSF,SBIR,"Marshak, Michael",OTORO ENERGY INC,1209878,2025,SBIR Phase II: Flow Battery Electrolyte Purification: Unlocking 24-Hour Storage Potential,,2451730
0,NSF,SBIR,"Filer, Scott","PROMEDIX, INC.",1144758,2025,SBIR Phase II: Electronic Measurement Device of Capillary Refill Time to Improve Outcomes from Sepsis,,2451783
0,NSF,SBIR,"Leff, Asher",TAUMAT LLC,1214897,2025,SBIR Phase II: Innovative Solid-State Phase Change Cooling to Supercharge Central Processing Unit (CPU) Performance,,2507456
0,NSF,SBIR,"Weltz, James",CASCADE BIOCATALYSTS INC.,1250000,2025,SBIR Phase II: Enzyme Stabilization via Immobilization for Advanced Chemical Manufacturing,,2507312
0,NSF,SBIR,"Mirmozafari, Mirhamed",MAXWAVE LLC,1249612,2025,"SBIR Phase II: Long-Range, Millimeter-Wave, Wireless Power Beaming with Enhanced Efficiency",,2507807
0,NSF,SBIR,"Gates, Maya","H-BAR INSTRUMENTS, LLC",1249999,2025,SBIR Phase II: Liquid Helium Transmission Electron Microscopy (TEM) Sample Holder for Atomic Imaging of Next-Generation Materials,,2507716
0,NSF,SBIR,"Bergstrom, Helen",KHEMIA METALS INC,1230631,2025,"SBIR Phase II: Metal Foils for High Energy Density, Low-cost, Lithium-ion Batteries",,2437742
0,NSF,SBIR,"Crawford, Connor",PIKE ROBOTICS INC.,1223668,2025,SBIR Phase II: Autonomous Robot for In-Service Inspection of Petrochemical Storage Tanks and other Explosive Atmosphere Environments,,2508252
0,NSF,SBIR,"Torre, Chris","TORRE SPACE AND POWER SYSTEMS, L.L.C.",0,2025,SBIR Phase II:  Magneto Hydro Dynamic (MHD) Generation for Spacecraft Power,,2408916
0,NSF,SBIR,"Hu, James","ILLUMINANT SURGICAL, INC.",1250000,2025,SBIR Phase II: Novel Camera-Projector Device Leveraging Non-invasive Registration and Projected Augmented Reality for Navigation in Minimally Invasive Spine Procedures,,2507300
0,NSF,SBIR,"Klemes, Max",GEMINATIO INC.,1250000,2025,SBIR Phase II: Liquid-Enabled Advanced Pitch (LEAP) Semiconductor Manufacturing,,2507354
0,NSF,SBIR,"Fink, Ezekiel",ASTERION AI INC.,1249995,2025,SBIR Phase II: Pre-Hospital Detection of Large Vessel Occlusion Strokes,,2448823
0,NSF,SBIR,"Sword, Miah",DIRECT KINETIC SOLUTIONS LLC,985369,2025,SBIR Phase II:  DKS Quantum Stackable Radioisotopic Power Source (RPS),,2404012
0,NSF,SBIR,"Medina, Dylan","ONE SPOT LEARNING, INC.",1247426,2025,SBIR Phase II:  Holistic System for Comprehensive Student Assessment,,2528024
0,NSF,SBIR,"Meyrignac, Carinne","CALI'S BOOKS, LLC",1058349,2025,SBIR Phase II:  Improving Early Childhood Literacy Through a Screen-Free Interactive Device,,2451615
0,NSF,SBIR,"Baker, Samuel",PRAG LLC,1323340,2025,SBIR Phase II: Upcycling Mixed Plastic Waste into Agricultural Products,,2506705
0,NSF,SBIR,"Kratzer, Chris",OWLFLY,1250000,2025,"SBIR Phase II: Manufacturing Bioinspired, Non-Toxic, Non-Dusting, Irritant-Free, Thermal Insulation Material",,2507490
0,NSF,SBIR,"Baca, Kalin",ICORIUM ENGINEERING COMPANY,1749504,2025,SBIR Phase II: Single-Stream Reclamation Process for Complex Refrigerant Mixtures,,2451718
0,NSF,STTR,"Anderson, Stacy","PRIMARY BIOSCIENCE, INC.",305000,2025,STTR Phase I: Development of an Ultra-Low Concentration Amino Acid Sensor for Use in Protein Sequencing,STTR: university partner required; Phase I: early; small early award; PENALTY: wet-lab/therapeutic,2451102
0,NSF,SBIR,"McCutcheon, Jeffrey","MEMBRANEX, LLC",1248465,2025,SBIR Phase II: Advancing Electrospray Based 3D Printed Membranes for Industrial Cooling Tower Blowdown Water Reuse with Pilot Demonstration,,2507613
0,NSF,SBIR,"Tamasi, Matthew","PLEXYMER, INC.",305000,2025,SBIR Phase I:  AI-Directed Automation for Accelerated Bioformulation of Antibody Therapeutics,software in title; Phase I: early; small early award; PENALTY: wet-lab/therapeutic,2449073
0,NSF,SBIR,"Jens, Stephen",Harvest Moon Automation,1232087,2025,SBIR Phase II: Precision Weeder,,2450654
0,NSF,SBIR,"Kelly, Thomas","STEAM INSTRUMENTS, INC.",1249623,2025,SBIR Phase II: Ion Optics Optimized for Nanoscale Stigmatic Imaging,,2450656
0,NSF,SBIR,"Williams, Teague",CHROMATIR TECHNOLOGIES LLC,997735,2025,SBIR Phase II: Customized Security Films Harnessing Iridescent Structural Color from Multibounce Optical Interference,,2423426
0,NSF,SBIR,"Rasheed, Rawand",HELIX EARTH TECHNOLOGIES INC,1247820,2025,SBIR Phase II: High-Efficiency Retrofit Dehumidifiers for Air Conditioners via a Novel Filtration Technology,,2451557
0,NSF,SBIR,"Hartman, Vince","ABSTRACTIVE HEALTH, INC.",1250000,2025,SBIR Phase II : A tool to automate a narrative patient summary of the medical chart for outpatient physicians,,2451412
0,NSF,SBIR,"Douglas, Shawn","NANODESK, LLC",305000,2025,SBIR Phase I: Software for Collaborative End-to-End Development of DNA Nanostructures,software in title; Phase I: early; small early award; PENALTY: wet-lab/therapeutic,2451274
0,NSF,SBIR,"Chern, Winston",X-SIGHT INCORPORATED,1499999,2025,SBIR Phase II: Compact Multi X-ray Source Imaging Modules for Point-Of-Care Medical Screening,,2507635
0,NSF,SBIR,"Monroe, Nathan",CAMBRIDGE TERAHERTZ INC,1249999,2025,SBIR Phase II: Terahertz Imaging Radar for Contactless Concealed Weapons Detection,,2507516
0,NSF,SBIR,"Pang, Sumiao",GLOW THERAPEUTICS INC.,305000,2025,SBIR Phase I: The TPMAL Platform for Targeted Delivery of Photodynamic Therapy and Chemotherapy to Peritoneal Metastasis,software in title; Phase I: early; small early award; PENALTY: wet-lab/therapeutic,2507639
0,NSF,SBIR,"Nelson, Matthew",NEXGEN CANCER DETECTION LLC,1250000,2025,SBIR Phase II: Enrichment of Cancer DNA for Improved Cancer Diagnostics from Blood,,2507167
0,NSF,SBIR,"Adamo, Andrea",Zaiput Flow Technologies LLC,1250000,2025,"SBIR Phase II: Continuous, Scalable Crystallizer for Pharmaceutical Manufacturing",,2451255
0,NSF,SBIR,"Timco, Daniel",INTELLISAFE ANALYTICS LLC,1204466,2025,"SBIR Phase II:  Comprehensive, Human-Centered, Safety System Using Physiological and Behavioral Sensing to Identify Hazards and Predict & Prevent Workplace Accidents",,2449538
0,NSF,SBIR,"Torres, Efrain",ADIALANTE L.L.C.,1186778,2025,"SBIR Phase II: The Development of an Affordable, Compact, and Silent Head-Only MRI Scanner",,2449556
0,NSF,SBIR,"Rad, Armin",ENCAPSULATE LLC,1213619,2025,SBIR Phase II: nCapsule Personalized Cancer Screening for Colorectal Cancer Treatment Regimens,,2436609
0,NSF,SBIR,"Kotnik, Barrett","VICTORY OVER CARBON, INC.",1248768,2025,SBIR Phase II: CAS: A Novel Approach for Achieving Scale in Direct Air Carbon Capture,,2451493
0,NSF,SBIR,"Nauriyal, Juniyali",PHOTONECT INTERCONNECT SOLUTIONS INC,1499871,2025,SBIR Phase II: Development of a Chip Technology for Cheaper and Easier Photonic Device Manufacturing,,2507371
0,NSF,SBIR,"Hansen, Alexander",HYSA FILLERS L.L.C.,1249705,2025,SBIR Phase II: Multi-Principal Element Alloy Fillers for Cost-Effectiveness and Toughness Enhancement in Brazing of Turbine Engine Components,,2449209
0,NSF,SBIR,"Ye, Qing",SOSTOS LLC,305000,2025,SBIR Phase I: AI-Enabled Discovery of Multi-Omics Biomarkers Applicable to Broad Cancer Populations,software in title; Phase I: early; small early award; PENALTY: wet-lab/therapeutic,2434965
0,NSF,SBIR,"Gai, Hui",RATTAN LIFE SCIENCE INC.,1250000,2025,SBIR Phase II:  Engineered Induced Thymic Epithelial Cells for Novel T Cell Immunotherapies,,2451182
0,NSF,SBIR,"Wang, Zhichao","NOVINEER, INC.",1493756,2025,"SBIR Phase II: Generative Design Technology for Robust, Editable, Manufacturable Solutions",,2451695
0,NSF,SBIR,"Sims, Maxwell","MINDTRACE TECHNOLOGIES, INC.",1200991,2025,SBIR Phase II: A Cognitive Dashboard to Support Clinical Decision Making in Neurosurgery,,2444804
0,NSF,SBIR,"Lucich, Mason","INSU HEALTH DESIGN, INC.",998527,2025,SBIR Phase II: Insu Health Design: Temperature Control System,,2419342
0,NSF,SBIR,"Montes, Ryan",MICROPURE GENOMICS INC.,1499964,2025,"SBIR Phase II: Rapid, End-to-end Sample Preparation for Sequencing Applications",,2451663
0,NSF,SBIR,"Munoz Taboada, Gonzalo",BIODEVEK INC,1250000,2025,SBIR Phase II: Sprayable Hydrogel Sealant for Gastrointestinal Wound Protection,,2451674
0,NSF,SBIR,"Linderman, Stephen","ABSCO THERAPEUTICS, INC.",305000,2025,SBIR Phase I: Image-Guided Controlled Release Platform for Intratumoral Immunoadjuvant Delivery,software in title; Phase I: early; small early award; PENALTY: wet-lab/therapeutic,2507269
0,NSF,SBIR,"Khan, Tapan",BIOIMAGINIX LLC,303089,2025,SBIR Phase I: Predicting and Diagnosing Alzheimers Disease and Mild Cognitive Impairment by MRI Using Variational Autoencoder and Machine Learning Algorithm,software in title; Phase I: early; small early award; PENALTY: wet-lab/therapeutic,2500009
0,NSF,SBIR,"Lien, Jennifer",Startle Innovation LLC,980360,2025,SBIR Phase II:  Rapid Food Biomass Dehydration Process Utilizing Zeolite Filters to Retain Food Nutrient Profiles,,2423300
0,NSF,SBIR,"Goods, John","RAVEL HOLDINGS, INC.",994863,2025,SBIR Phase II:  Establishing Manufacturing Standards for Textile-Derived Recycled Polyester Feedstock,,2415772
0,NSF,STTR,"Ostheimer, Gerard","DUET BIOSYSTEMS, INC",284736,2025,STTR Phase I:  New Paradigm for Combination Drug Optimization and Discovery,STTR: university partner required; Phase I: early; small early award; PENALTY: wet-lab/therapeutic,2432890
0,NSF,SBIR,"Koehn, Jordan","FORAGR MEDICINES, INC",275000,2025,"SBIR Phase I:  High-throughput platform for small molecule, in-cell targeting of undruggable proteins via their mRNAs",software in title; Phase I: early; small early award; PENALTY: wet-lab/therapeutic,2432856
0,NSF,SBIR,"Yu, Ruby","TERRAFERMA FOODS, INC.",275000,2025,SBIR Phase I:  A novel platform for accelerated strain development for precision fermentation,software in title; Phase I: early; small early award; PENALTY: wet-lab/therapeutic,2429344
0,NSF,SBIR,"Lundberg, Daniel","T33 DENTAL, INC.",275000,2025,SBIR Phase I:  A Platform for Penetrative Drug Delivery to Teeth,software in title; Phase I: early; small early award; PENALTY: wet-lab/therapeutic,2423532
-1,NIH,R44,"M'SAAD, ONS ",PANLUMINATE INC.,354958,2026,AI-Enabled Expansion Microscopy Platform for Renal Pathology,software in title; small early award; PENALTY: wet-lab/therapeutic,1R44DK148299-01
-1,NIH,R44,"SHERWOOD, JOHN L","LEAFLABS, LLC",499971,2026,A novel organoid brain-chip platform for accelerating drug discovery.,software in title; small early award; PENALTY: wet-lab/therapeutic,1R44AA033838-01A1
-1,NIH,R44,"TIAN, YUAN ",VIVOSPHERE LLC,350000,2026,VivoSphere as an oncology platform for colorectal cancer modeling and drug screening,software in title; small early award; PENALTY: wet-lab/therapeutic,1R44CA302245-01A1
-1,NIH,R44,"QUIJANO RUBIO, ALFREDO ","MONOD BIO, INC.",377260,2026,Design of rapid and quantitative biosensors with computational protein design,software in title; small early award; PENALTY: wet-lab/therapeutic,1R44GM161195-01A1
-1,NIH,R44,"GASTFRIEND, DAVID R","DYNAMICARE HEALTH, INC.",451415,2026,Decentralized clinical trial of contingency management digital therapeutic to treat stimulant use disorder,software in title; small early award; PENALTY: wet-lab/therapeutic,5R44DA059519-03
-1,NIH,R44,"SHERMAN, MAXWELL AARON",SERINUS BIOSCIENCES INC,349090,2026,A massively parallel cell-based platform for the rational discovery of molecular glues,software in title; small early award; PENALTY: wet-lab/therapeutic,1R44GM165171-01
-1,NIH,R44,"PRINCE, ROBIN ","VIVID BIOINNOVATIONS, PBC",299991,2026,Spatially Resolved Single-Cell DNA Sequencing: A General Spatial Genomics Platform with Application to HIV Reservoir Mapping,software in title; small early award; PENALTY: wet-lab/therapeutic,1R44AI197850-01
-1,NIH,R44,"CASTELLANA, NATALIE ","ABTERRA BIOSCIENCES, INC.",63564,2025,REPTOR: accelerating antibody discovery and improving hits with machine learning,software in title; small early award; PENALTY: wet-lab/therapeutic,3R44GM137688-02S1
-1,NIH,R44,"SHARAREH, SHIVA ",REKOVAR INC.,411800,2025,Wireless Wearable with AI Analytics for Monitoring Neonatal Abstinence Syndrome (NAS),software in title; small early award; PENALTY: wet-lab/therapeutic,1R44DA060640-01A1
-1,NIH,R44,"BLACKWELL, MEGAN H.","PISON TECHNOLOGY, INC.",459097,2025,A Digital Biomarker for ALS - Pison Neural Biosensor,software in title; small early award; PENALTY: wet-lab/therapeutic,1R44NS137933-01A1
-1,NIH,R44,"SETHURAMAN, VASU V",SYNTIS BIO INC,324984,2025,Oral Therapeutics Platform for Treating Inborn Errors of Amino Acid Metabolism,software in title; small early award; PENALTY: wet-lab/therapeutic,1R44DK142244-01
-1,NIH,R44,"SIMON, PATRICIA ","OUI THERAPEUTICS, INC",417356,2025,Development and Evaluation of a Novel Digital Therapeutic for Adults with Post-Traumatic Stress Disorder,software in title; small early award; PENALTY: wet-lab/therapeutic,5R44MH136888-02
-1,NIH,R44,"CAUSEY, KEVIN ","PREDICTIVE, LLC",287526,2025,Development of a web-based platform implementing novel Predictor of Toxicity for Medical Devices (PredTox/MD),software in title; small early award; PENALTY: wet-lab/therapeutic,5R44ES032371-03
-1,NIH,R44,"HAWLEY, BENJAMIN RICHARD",ENGAGE BIOLOGICS INC.,354248,2025,Tethosomes: a non-viral DNA platform for durable expression of therapeutic transgenes in specific target cells,software in title; small early award; PENALTY: wet-lab/therapeutic,1R44TR005945-01
-1,NIH,R44,"STERN, EMILY ",CERETYPE NEUROMEDICINE IN,380375,2025,Design and Development of an Advanced Functional MRI Software as Medical Device (SaMD) forClinical Trials and Therapeutic Applications in Neuropsychiatry,software in title; small early award; PENALTY: wet-lab/therapeutic,1R44MH136867-01A1
-1,NIH,R44,"WEINER, MICHAEL P","ABBRATECH, INC.",1,2025,A platform for T-cell receptor mimic antibody generation modeled using pHLA-A*11:01 KRAS G12D,software in title; small early award; PENALTY: wet-lab/therapeutic,2R44GM149009-02
-1,NIH,R44,"WANG, LIN ","ASCENT BIO-NANO TECHNOLOGIES, INC.",238536,2025,"Development of the AcoustoDrop platform: an acoustofluidic-based, automated, liquid-handling system for manipulating and dispensing dropletsin a rewritable, biocompatible, and high-throughput manner",software in title; small early award; PENALTY: wet-lab/therapeutic,3R44GM154515-02S1
-2,NIH,R44,"RYAN, HEATHER NOELLE",3D MOLECULAR DESIGNS,1004963,2026,Harnessing Machine Learning & Object Detection for Automated Evaluation of Student-folded Protein Models,software in title; PENALTY: wet-lab/therapeutic,2R44GM154526-02
-2,NIH,R44,"PEARLMAN, DAVID A","QUANTUM SIMULATION TECHNOLOGIES, INC.",1022908,2026,Binding free energy predictions for peptide drugs: A novel machine learning-based peptide simulation model for high-throughput computational lead optimization with quantum mechanical accuracy.,software in title; PENALTY: wet-lab/therapeutic,2R44GM152994-02
-2,NIH,R44,"ELIZAROV, ARKADIJ ","TRACE-ABILITY, INC.",1000000,2026,Improving availability of ImmunoPET via automation of radio-synthesis and quality control of antibody-based HIV imaging PET tracers on a single platform.,software in title; PENALTY: wet-lab/therapeutic,5R44AI162202-04
-2,NIH,R44,"AKERMAN, MARTIN ","ENVISAGENICS, INC.",889653,2026,SpliceDisco: A Machine Learning Tool for the Identification of Alternative Splicing Events Directly Regulated by Pathological Splicing Factors in Cancer,software in title; PENALTY: wet-lab/therapeutic,1R44CA310213-01
-2,NIH,R44,"RAGAN, TIMOTHY M.","TISSUEVISION, INC.",1438419,2026,The Development of Tabletop Brain-Mapping Platform,software in title; PENALTY: wet-lab/therapeutic,5R44MH129132-04
-2,NIH,R44,"BEHSAZ, BAHAR ","CHEMIA BIOSCIENCES, INC.",767806,2026,A novel platform for nonribosomal peptide discovery,software in title; PENALTY: wet-lab/therapeutic,5R44GM159545-02
-2,NIH,R44,"SIEGEL, GREGG ",BIOMEDICAL DEVELOPMENT CORPORATION,1721119,2026,Real World Adoption of an OUD Digital Health Therapeutic,software in title; PENALTY: wet-lab/therapeutic,5R44DA059017-03
-2,NIH,R44,"MUENCH, FREDERICK JOHN",MOBILE HEALTH INTERVENTIONS LLC,1186132,2026,A Comprehensive Digital Intervention to Reduce Heavy Cannabis Use,software in title; PENALTY: wet-lab/therapeutic,2R44DA062420-02
-2,NIH,R44,"PATEL, SALIL ",NXTECH INC,1037003,2026,"BoostPrime, A Novel Digital Therapeutic for Craving Mitigation in OUD",software in title; PENALTY: wet-lab/therapeutic,5R44DA058531-03
-2,NIH,R44,"EGAN, JOSEPH M",OMETA LABS LLC,702348,2026,Bioinformatics platform for large scale untargeted metabolomics analysis,software in title; PENALTY: wet-lab/therapeutic,5R44GM162107-02
-2,NIH,R44,"KRUTZIK, PETER ","CYTORUM, INC.",843224,2026,Xbeads: A Platform for Flow Cytometry Sample QC and Harmonization,software in title; PENALTY: wet-lab/therapeutic,5R44GM146557-03
-2,NIH,R44,"STRANGE, GARY ",EF THERAPEUTICS CORP.,1060745,2026,IntellipulseTM Platform Technology for Effective Delivery of Therapeutic Agents,software in title; PENALTY: wet-lab/therapeutic,5R44CA298522-02
-2,NIH,R44,"FONDRIE, WILLIAM ELLIS","TALUS BIOSCIENCE, INC.",1035634,2026,Deployment of an AI platform to accelerate transcription factor drug development,software in title; PENALTY: wet-lab/therapeutic,1R44TR005930-01A1
-2,NIH,R44,"SIMON, PATRICIA ","OUI THERAPEUTICS, INC",966804,2026,Development and Evaluation of a Novel Digital Therapeutic for Adults with Post-Traumatic Stress Disorder,software in title; PENALTY: wet-lab/therapeutic,4R44MH136888-03
-2,NIH,R44,"HUANG, LOTIEN RICHARD","CG SCIENTIFIC, INC.",765267,2026,Low-Cost Platform Technology for Rapid Isolation of Peripheral Blood Mononuclear Cells,software in title; PENALTY: wet-lab/therapeutic,5R44GM139391-03
-2,NIH,R44,"VAZIRI, ASHKAN ","BIOSENSICS, LLC",1000082,2026,Phase IIB: A Multi-Modal Remote Monitoring Platform for Frontotemporal Lobar Degeneration Syndromes,software in title; PENALTY: wet-lab/therapeutic,2R44AG080861-03
-2,NIH,R44,"GOODMAN, MICAH ","RISSANA, LLC",788392,2026,A digital intervention to decrease self-stigma among pregnant and postpartum women with opioid use disorder,software in title; PENALTY: wet-lab/therapeutic,5R44DA055161-03
-2,NIH,R44,"SALEH, ANTHONY D","MIRECULE, INC.",608751,2026,A Novel RNA Therapeutics Platform to Treat Facioscapulohumeral Muscular Dystrophy  and other Neuromuscular Disorders,software in title; PENALTY: wet-lab/therapeutic,5R44NS119147-05
-2,NIH,R44,"MALISKI, EDWARD G","OAK THERAPEUTICS, INC.",899010,2026,Novel antiretroviral therapy delivery platform for infants and young children: oral dispensable strips (ODS),software in title; PENALTY: wet-lab/therapeutic,2R44AI170237-02A1
-2,NIH,R44,"VANTUCCI, CASEY E",ANDSON BIOTECH INC.,1403671,2026,Development of an Automated Sample Preparation Platform for High Throughput Mass Spectrometry Characterization of Biotherapeutics,software in title; PENALTY: wet-lab/therapeutic,1R44GM165164-01
-2,NIH,R44,"HARFOUCHE, MARK ","RAMONA OPTICS, INC.",745337,2026,A parallelized imaging platform for accurate and efficient long-term assessment of brain organoid development,software in title; PENALTY: wet-lab/therapeutic,2R44MH133521-03
-2,NIH,R44,"CHILDS, CHARLIE ",INTERO BIOSYSTEMS INC.,1046897,2026,A Novel Multi-Lineage Human Intestinal Organoid Screening Platform for Drug Discovery and Preclinical Testing,software in title; PENALTY: wet-lab/therapeutic,2R44TR005379-02
-2,NIH,R44,"HUANG, CHARLIE ","SYNVIVIA, INC.",856268,2026,Platform for Optimizing Yield and Quality of Therapeutic AAV Vector Manufacturing via Synthetic Helper Genes,software in title; PENALTY: wet-lab/therapeutic,5R44GM158472-02
-2,NIH,R44,"M'SAAD, ONS ",PANLUMINATE INC.,1083410,2026,pan-XLSM: an AI-powered microscopy platform for imaging and analysis of highly expanded tissue samples,software in title; PENALTY: wet-lab/therapeutic,5R44GM159519-02
-2,NIH,R44,"KUTSCHER, HILLIARD ","POP BIOTECHNOLOGIES, INC",948983,2026,"Advanced testing of a hexavalent adjuvanted influenza vaccine platform for dose sparing, multiplexing, and rapid deployment",software in title; PENALTY: wet-lab/therapeutic,5R44AI181479-03
-2,NIH,R44,"STERN, EMILY ",CERETYPE NEUROMEDICINE IN,606409,2026,Design and Development of an Advanced Functional MRI Software as Medical Device (SaMD) forClinical Trials and Therapeutic Applications in Neuropsychiatry,software in title; PENALTY: wet-lab/therapeutic,4R44MH136867-02
-2,NIH,R44,"PASSOS, SARA T",PRECISION BIOTOOLS INC,1221747,2026,A platform for T-cell receptor mimic antibody generation modeled using pHLA-A*11:01 KRAS G12D,software in title; PENALTY: wet-lab/therapeutic,5R44GM149009-04
-2,NIH,R44,"MAHINI, HAMID ",KOI BIOTHERAPEUTICS INC.,703565,2026,Revolutionizing CAR T-cell Therapy: Enhancing Activity and Persistence of CAR T-cell by Developing a CAR-Enhancer Platform,software in title; PENALTY: wet-lab/therapeutic,5R44CA298774-02
-2,NIH,R44,"SHAREI, ARMON R",REPRO-T COMPANY,1215061,2026,A high throughput platform for intracellular delivery of impermeable drug molecules and molecular probes to enable a new generation of screening assays,software in title; PENALTY: wet-lab/therapeutic,1R44TR006374-01A1
-2,NIH,R44,"SCHAUFELE, FRED J","XCELLASSAY, INC.",1135244,2026,Multiplexed Nuclear Receptor BioAssay platform to inexpensively and broadly survey the nation's water supply for contamination by endocrine disrupting chemicals,software in title; PENALTY: wet-lab/therapeutic,2R44ES036049-02
-2,NIH,R44,"BLOEM, BERNARD ","SINOPIA BIOSCIENCES, INC.",1477110,2026,Development and Validation of Data Standards and Computational Methods for Large Scale Metabolomics Data Analysis for Data Driven Drug Discovery,software in title; PENALTY: wet-lab/therapeutic,2R44GM154585-02
-2,NIH,R44,"PRINCE, ROBIN ","VIVID BIOINNOVATIONS, PBC",506495,2026,AstroTarget™ Astro-Enrichment Kit: A Microfluidic-Free Platform for High-Throughput Rare-Astrocyte Isolation and Multi-Omic Profiling from Frozen Alzheimer’s Brain,software in title; PENALTY: wet-lab/therapeutic,1R44AG102286-01
-2,NIH,R44,"GRAY, PETER ","OUTLIER TECHNOLOGY, LLC",1152435,2026,"NeuroSync: a data-driven, music-based augmented reality neurorehabilitation platform of games & puzzles to stimulate neuroplasticity and prolong functional independence in Alzheimer's Disease patients",software in title; PENALTY: wet-lab/therapeutic,5R44AG081111-03
-2,NIH,R44,"O'NEILL, JOHN DAVID","XYLYX BIO, INC.",956566,2026,"Liver fibrosis cell-based assay platform: integrating patient-derived fibrotic liver ECM with primary stellate cells, Kupffer cells, and hepatocytes to accelerate anti-fibrotic drug development",software in title; PENALTY: wet-lab/therapeutic,5R44DK139877-03
-2,NIH,R44,"O'NEILL, JOHN DAVID","XYLYX BIO, INC.",1003395,2026,Multi-organ metastatic breast cancer cell-based assay platform that models organotropic metastases using patient organoids in human tissue-derived ECMs to accelerate anti-metastatic drug development,software in title; PENALTY: wet-lab/therapeutic,5R44CA287881-03
-2,NIH,R44,"EKINS, SEAN ","COLLABORATIONS PHARMACEUTICALS, INC.",1317335,2025,Machine learning approaches to predict Acetylcholinesterase inhibition and model applications,software in title; PENALTY: wet-lab/therapeutic,5R44ES033855-03
-2,NIH,R44,"CASTELLANA, NATALIE ","ABTERRA BIOSCIENCES, INC.",961244,2025,REPTOR: accelerating antibody discovery and improving hits with machine learning,software in title; PENALTY: wet-lab/therapeutic,5R44GM137688-03
-2,NIH,R44,"ELIZAROV, ARKADIJ ","TRACE-ABILITY, INC.",1000000,2025,Improving availability of ImmunoPET via automation of radio-synthesis and quality control of antibody-based HIV imaging PET tracers on a single platform.,software in title; PENALTY: wet-lab/therapeutic,5R44AI162202-03
-2,NIH,R44,"SCHROEDER, JOHN L","DNASTAR, INC.",691914,2025,Software for the complete characterization of antibody repertoires: from germline and mRNA sequence assembly to deep learning predictions of their protein structures and targets,software in title; PENALTY: wet-lab/therapeutic,5R44GM150362-03
-2,NIH,R44,"BEHSAZ, BAHAR ","CHEMIA BIOSCIENCES, INC.",781502,2025,A novel platform for nonribosomal peptide discovery,software in title; PENALTY: wet-lab/therapeutic,1R44GM159545-01
-2,NIH,R44,"RAGAN, TIMOTHY M.","TISSUEVISION, INC.",1335696,2025,The Development of Tabletop Brain-Mapping Platform,software in title; PENALTY: wet-lab/therapeutic,2R44MH129132-03
-2,NIH,R44,"CRICK, SCOTT L","AURAGENT BIOSCIENCE, LLC",982045,2025,Low-Cost Platform for Ultrasensitive Fluorescent Immunoblot,software in title; PENALTY: wet-lab/therapeutic,5R44GM156258-02
-2,NIH,R44,"YANG, ARTHUR ",LYNTHERA CORPORATION,900003,2025,Drug delivery platform for ocular allergy therapy,software in title; PENALTY: wet-lab/therapeutic,5R44EY033611-03
-2,NIH,R44,"WEINBERGER, SCOT RANDY","GENNEXT TECHNOLOGIES, INC.",1247199,2025,Multi-Radical Protein Footprinting (MRPF™) Platform,software in title; PENALTY: wet-lab/therapeutic,5R44GM142351-03
-2,NIH,R44,"PATEL, SALIL ",NXTECH INC,1156209,2025,"BoostPrime, A Novel Digital Therapeutic for Craving Mitigation in OUD",software in title; PENALTY: wet-lab/therapeutic,4R44DA058531-02
-2,NIH,R44,"SIEGEL, GREGG ",BIOMEDICAL DEVELOPMENT CORPORATION,778031,2025,Real World Adoption of an OUD Digital Health Therapeutic,software in title; PENALTY: wet-lab/therapeutic,4R44DA059017-02
-2,NIH,R44,"EGAN, JOSEPH M",OMETA LABS LLC,675609,2025,Bioinformatics platform for large scale untargeted metabolomics analysis,software in title; PENALTY: wet-lab/therapeutic,1R44GM162107-01
-2,NIH,R44,"KRUTZIK, PETER ","CYTORUM, INC.",1178776,2025,Xbeads: A Platform for Flow Cytometry Sample QC and Harmonization,software in title; PENALTY: wet-lab/therapeutic,2R44GM146557-02
-2,NIH,R44,"STRANGE, GARY ",EF THERAPEUTICS CORP.,984830,2025,IntellipulseTM Platform Technology for Effective Delivery of Therapeutic Agents,software in title; PENALTY: wet-lab/therapeutic,1R44CA298522-01
-2,NIH,R44,"MANATHUNGA, MADU ",ATTMOS INC.,806572,2025,Computational Infrastructure for Automated Force Field Development and Optimization,software in title; PENALTY: wet-lab/therapeutic,5R44GM150347-03
-2,NIH,R44,"REDDY, BOBBY ","PRENOSIS, INC.",700000,2025,Clinical Validation of a Point-of-Care Precision Medicine Endotyping Platform,software in title; PENALTY: wet-lab/therapeutic,5R44GM154602-02
-2,NIH,R44,"GEISSE, NICHOLAS ANDREW",CURI BIO INC,1149771,2025,A cross-species preclinical platform to enhance the translation of new medicines,software in title; PENALTY: wet-lab/therapeutic,5R44TR004557-03
-2,NIH,R44,"GHALY, MICHAEL ","RADIOPHARMACEUTICAL IMAGING AND DOSIMETRY, LLC",1003173,2025,Cloud/Web-Based Platform for Quantitative SPECT Reconstruction of Therapeutic Radionuclides,software in title; PENALTY: wet-lab/therapeutic,1R44CA291419-01A1
-2,NIH,R44,"GASTFRIEND, DAVID R","DYNAMICARE HEALTH, INC.",1011586,2025,Decentralized clinical trial of contingency management digital therapeutic to treat stimulant use disorder,software in title; PENALTY: wet-lab/therapeutic,5R44DA059519-02
-2,NIH,R44,"HUANG, LOTIEN RICHARD","CG SCIENTIFIC, INC.",833381,2025,Low-Cost Platform Technology for Rapid Isolation of Peripheral Blood Mononuclear Cells,software in title; PENALTY: wet-lab/therapeutic,2R44GM139391-02A1
-2,NIH,R44,"GOODMAN, MICAH ","RISSANA, LLC",917927,2025,A digital intervention to decrease self-stigma among pregnant and postpartum women with opioid use disorder,software in title; PENALTY: wet-lab/therapeutic,4R44DA055161-02
-2,NIH,R44,"SALEH, ANTHONY D","MIRECULE, INC.",1225173,2025,A Novel RNA Therapeutics Platform to Treat Facioscapulohumeral Muscular Dystrophy  and other Neuromuscular Disorders,software in title; PENALTY: wet-lab/therapeutic,5R44NS119147-04
-2,NIH,R44,"ETOC, FRED ","RUMI SCIENTIFIC, INC.",873768,2025,An Integrated Drug Discovery Platform for Neurodevelopmental Disorders Using Standardized Self-Organizing Human Cerebroids,software in title; PENALTY: wet-lab/therapeutic,5R44MH136894-02
-2,NIH,R44,"BROWN, JEFFREY M.",SENSORIUM THERAPEUTICS INC,1517441,2025,A Drug Discovery Platform to Prioritize Development of Natural Product Neuromodulators for Treating Cognitive Impairment,software in title; PENALTY: wet-lab/therapeutic,4R44AG085858-02
-2,NIH,R44,"VENTERS, BRYAN J","EPICYPHER, INC.",1274958,2025,Versatile platform for genome-wide R-loop mapping for aging and neurodegenerative disease research,software in title; PENALTY: wet-lab/therapeutic,5R44AG090112-02
-2,NIH,R44,"HUANG, CHARLIE ","SYNVIVIA, INC.",1640169,2025,Platform for Optimizing Yield and Quality of Therapeutic AAV Vector Manufacturing via Synthetic Helper Genes,software in title; PENALTY: wet-lab/therapeutic,1R44GM158472-01
-2,NIH,R44,"M'SAAD, ONS ",PANLUMINATE INC.,1416590,2025,pan-XLSM: an AI-powered microscopy platform for imaging and analysis of highly expanded tissue samples,software in title; PENALTY: wet-lab/therapeutic,1R44GM159519-01
-2,NIH,R44,"KUTSCHER, HILLIARD ","POP BIOTECHNOLOGIES, INC",949201,2025,"Advanced testing of a hexavalent adjuvanted influenza vaccine platform for dose sparing, multiplexing, and rapid deployment",software in title; PENALTY: wet-lab/therapeutic,5R44AI181479-02
-2,NIH,R44,"KAMBOURAKIS, SPIROS ",CELLIBRE INC,999954,2025,"A microbial engineering platform for sustainable, scalable, and cost-effective production of pharmaceutical grade cannabinoids and related compounds",software in title; PENALTY: wet-lab/therapeutic,5R44AT012710-02
-2,NIH,R44,"PASSOS, SARA T",PRECISION BIOTOOLS INC,1221746,2025,A platform for T-cell receptor mimic antibody generation modeled using pHLA-A*11:01 KRAS G12D,software in title; PENALTY: wet-lab/therapeutic,7R44GM149009-03
-2,NIH,R44,"GRAUDEJUS, OLIVER ","BMSEED, LLC",779587,2025,A physiologically relevant pre-clinical drug screening platform for Alzheimer's Disease and Traumatic Brain Injury with integrated stretchable microelectrodes,software in title; PENALTY: wet-lab/therapeutic,5R44AG079777-03
-2,NIH,R44,"MAHINI, HAMID ",KOI BIOTHERAPEUTICS INC.,1340987,2025,Revolutionizing CAR T-cell Therapy: Enhancing Activity and Persistence of CAR T-cell by Developing a CAR-Enhancer Platform,software in title; PENALTY: wet-lab/therapeutic,1R44CA298774-01A1
-2,NIH,R44,"YEE, NATHAN ","TAMBO, INC. ",1209827,2025,Discovery of solubilizing side chains for in vivo release of diverse drug classes using the Click Activated Protodrugs (CAP) platform,software in title; PENALTY: wet-lab/therapeutic,5R44TR004026-03
-2,NIH,R44,"BLATTNER, FREDERICK R","DNASTAR, INC.",1030000,2025,Rapid structure-based software to enhance antibody affinity and developability for high-throughput screening: Aiming toward total in silico design of antibodies,software in title; PENALTY: wet-lab/therapeutic,5R44AI155254-06
-2,NIH,R44,"HAN, XU ","CRYOCRATE, LLC",922420,2025,Establishment of a First-in-Class Biocompatible and Efficient Cryopreservation Technology Platform for the Next Generation of Cell-Based Therapeutics in Regenerative Medicine and Drug Discovery,software in title; PENALTY: wet-lab/therapeutic,5R44OD035392-02
-2,NIH,R44,"WANG, LIN ","ASCENT BIO-NANO TECHNOLOGIES, INC.",982940,2025,"Development of the AcoustoDrop platform: an acoustofluidic-based, automated, liquid-handling system for manipulating and dispensing droplets in a rewritable, biocompatible, and high-throughput manner",software in title; PENALTY: wet-lab/therapeutic,5R44GM154515-02
-2,NIH,R44,"GRAY, PETER ","OUTLIER TECHNOLOGY, LLC",1383492,2025,"NeuroSync: a data-driven, music-based augmented reality neurorehabilitation platform of games & puzzles to stimulate neuroplasticity and prolong functional independence in Alzheimer's Disease patients",software in title; PENALTY: wet-lab/therapeutic,2R44AG081111-02
-2,NIH,R44,"O'NEILL, JOHN DAVID","XYLYX BIO, INC.",967715,2025,"Liver fibrosis cell-based assay platform: integrating patient-derived fibrotic liver ECM with primary stellate cells, Kupffer cells, and hepatocytes to accelerate anti-fibrotic drug development",software in title; PENALTY: wet-lab/therapeutic,4R44DK139877-02
-2,NIH,R44,"O'NEILL, JOHN DAVID","XYLYX BIO, INC.",966420,2025,Multi-organ metastatic breast cancer cell-based assay platform that models organotropic metastases using patient organoids in human tissue-derived ECMs to accelerate anti-metastatic drug development,software in title; PENALTY: wet-lab/therapeutic,5R44CA287881-02
-2,NIH,R44,"PRICE, JEFFREY H.","VALA SCIENCES, INC.",1092964,2025,"Neural Circuits, Kinetics and Energetics HTS of Human iPSC-Neurons, -Microglia, and -Astrocytes: AI-Enabled Platform for Target ID, and Drug Discovery and Toxicity (e.g., Cancer Chemo & HIV ARTs)",software in title; PENALTY: wet-lab/therapeutic,5R44MH135526-03
-2,NSF,SBIR,"Schnetzer, Amanda",FIRSTTHEN INC,1222567,2026,SBIR Phase II: An Artificial Intelligence (AI)-Enabled Coaching Platform Providing Scalable Support for Caregivers,software in title; PENALTY: wet-lab/therapeutic,2539956
-2,NSF,SBIR,"Stanton, Morgan",OPAL THERAPEUTICS INC,1250000,2026,SBIR Phase II: Scaling Platforms for Translational Research and Therapeutic Screening,software in title; PENALTY: wet-lab/therapeutic,2605008
-2,NSF,SBIR,"Dodge, George",MECHANO THERAPEUTICS LLC,1240242,2026,SBIR Phase II: Mechanically Controlled Therapeutics Delivery Platform,software in title; PENALTY: wet-lab/therapeutic,2535594
-2,NSF,SBIR,"Metcalf, Derek",LAVO LIFE SCIENCES INC,1213322,2025,SBIR Phase II:  A Physics-based Machine Learning Platform for Crystal Structure Prediction of Small Drug Molecules,software in title; PENALTY: wet-lab/therapeutic,2451698
-2,NSF,SBIR,"Ye, Qing",SOSTOS LLC,1236522,2025,SBIR Phase II:  An advanced web portal for artificial intelligence (AI)-based comprehensive discovery of repositioning drugs,software in title; PENALTY: wet-lab/therapeutic,2450913
-2,NSF,SBIR,"Liang, Julie","OPERA BIOSCIENCE, INC.",1498792,2025,"SBIR Phase II:  A Gram-Negative Bacterial Secretion Platform for Cost-Effective, High-Purity Recombinant Protein Production",software in title; PENALTY: wet-lab/therapeutic,2451468
-2,NSF,SBIR,"Trick, Alexander","PROMPT DIAGNOSTICS, INC.",1250000,2025,SBIR Phase II: Hybrid DNA-Protein Quantification Platform for Point-of-Care Diagnosis,software in title; PENALTY: wet-lab/therapeutic,2506634
-2,NSF,STTR,"Mezhericher, Maksim","INAEDIS, INC",1498234,2025,SBIR Phase II:  Rapid Dehydration and Stabilization of Biopharmaceutical Formulations at Room Temperature,STTR: university partner required; PENALTY: wet-lab/therapeutic,2451720
-2,NSF,SBIR,"Rouviere, Pierre",OAKGROVE BIO LLC,1000000,2025,SBIR Phase II:  Cost-Effective Peptide Production Platform,software in title; PENALTY: wet-lab/therapeutic,2409774
-3,NIH,R43,"GERMAN, SEAN ","ELECTRONIC BIOSCIENCES, INC.",350000,2025,Direct Proteolytic Machine Assessments for Unfolding and Sequencing Proteins,Phase I: early; small early award; PENALTY: wet-lab/therapeutic,1R43GM159820-01
-3,NIH,R43,"MIR, KALIM ULLAH",XGENOMES CORP.,349280,2025,"Achieving ultra-high-density, ultra-high-precision single molecule localization microscopy with whole-video deep learning architectures",Phase I: early; small early award; PENALTY: wet-lab/therapeutic,1R43GM157889-01A1
-3,NSF,SBIR,"Phillips, John",UltraMend Inc,305000,2026,SBIR Phase I: 3D Micropillar Scaffolds for Self-Powered Bioelectric Stimulation,Phase I: early; small early award; PENALTY: wet-lab/therapeutic,2604948
-3,NSF,SBIR,"Miranda, David","CULTIMAR TECHNOLOGIES, INC",304645,2026,SBIR Phase I: Introduction of a Novel Chemical Protein Filtration Method for Aquaculture Production,Phase I: early; small early award; PENALTY: wet-lab/therapeutic,2537706
-3,NSF,SBIR,"Persits, Nili","DOTTIR LABS, INC",305000,2026,SBIR Phase I: Centralized Raman Spectroscopy for Process Optimization,Phase I: early; small early award; PENALTY: wet-lab/therapeutic,2537173
-3,NSF,SBIR,"Mark, Jasper",IMPULSE WELLNESS LLC,304997,2026,SBIR Fast-Track: Home-Based Stroke Rehabilitation: Researching and Developing the Bluetooth Electromyography-Based StrokeTherapeutic (BEST) System,Phase I: early; small early award; PENALTY: wet-lab/therapeutic,2507703
-3,NSF,SBIR,"Foss, Dana",EDITPEP INC,304994,2026,SBIR Phase I: Development of Brain-penetrant Non-viral Genome-editing Therapies for Central Nervous System Disorders,Phase I: early; small early award; PENALTY: wet-lab/therapeutic,2604362
-3,NSF,SBIR,"Rakestraw, James",SET THERAPEUTICS INC,305000,2026,"SBIR Phase I: Isolating and Reformatting Immune Receptors into Targeting Therapies for Oncology, Auto-Immunity, and Infectious Diseases",Phase I: early; small early award; PENALTY: wet-lab/therapeutic,2537433
-3,NSF,SBIR,"Curry, John","PARMAN TECH, LLC",304996,2026,SBIR Phase I: An instrument for Analysis and Purification of Nanoparticle Drug Delivery Using an Novel Optical Resonator,Phase I: early; small early award; PENALTY: wet-lab/therapeutic,2538046
-3,NSF,SBIR,"Keller, Gilbert","ENDURE BIOTHERAPEUTICS, INC.",305000,2026,SBIR Phase I: A Novel Precision Microbiome Therapy for Phenylketonuria,Phase I: early; small early award; PENALTY: wet-lab/therapeutic,2538091
-3,NSF,SBIR,"Pirouz, Mehdi",NOARA THERAPEUTICS CORP.,305000,2026,SBIR Phase I: Leveraging Sequence-Structure-Function Relationships to Improve RNA Therapeutics,Phase I: early; small early award; PENALTY: wet-lab/therapeutic,2538015
-3,NSF,SBIR,"Pedretti, Rose",AMYGO SOLUTIONS LLC,304643,2026,SBIR Phase I: Development of a Blood Test for the Detection of Transthyretin Amyloidosis,Phase I: early; small early award; PENALTY: wet-lab/therapeutic,2537128
-3,NSF,SBIR,"Ramji, Ramesh","SPECTRAL THERAPEUTICS, INC.",304950,2026,"SBIR Phase I: A Faster, Cheaper Way to Discover New Drugs: Using Tiny Laser Barcodes to Test Millions of Compounds",Phase I: early; small early award; PENALTY: wet-lab/therapeutic,2528478
-3,NSF,SBIR,"Liu, Zhonghao",YOLO IMMUNE INC,304665,2025,SBIR Phase I: Novel Immuno-therapy for Specific Depletion of IgG4 Subtype of Autoantibodies,Phase I: early; small early award; PENALTY: wet-lab/therapeutic,2451302
-3,NSF,SBIR,"Turiello, Rachelle","AVANT GENOMICS, LLC",305000,2025,SBIR Phase I: Streamlining Liquid Biopsy Sample Preparation Through Automated Bisulfite Conversion,Phase I: early; small early award; PENALTY: wet-lab/therapeutic,2528087
-3,NSF,SBIR,"Kennelly, Corey","INTEGRATED DYNAMICS, INC.",245300,2025,SBIR Phase I: High-Temperature Fermentation for Volatile Organic Chemical Production,Phase I: early; small early award; PENALTY: wet-lab/therapeutic,2528400
-3,NSF,SBIR,"Lai, Wing","PARTICLE4X, INC.",304972,2025,SBIR Phase I: Inline Monitoring of Particulate Matter and Sterility for Continuous Manufacturing,Phase I: early; small early award; PENALTY: wet-lab/therapeutic,2507422
-3,NSF,SBIR,"Liddicoat, Peter",Atomnaut Inc.,305000,2025,SBIR Phase I: In situ vitrification to unlock routine atomic-scale imaging of biomolecule structure and chemistry in three dimensions,Phase I: early; small early award; PENALTY: wet-lab/therapeutic,2451653
-3,NSF,SBIR,"Cudone, Evan",MULTITARGA LLC,304995,2025,SBIR Phase I:  Adaptive Multi-Targeted Priming for Host-Pathogen Transcriptomics: Leveraging Graph Representation Learning for High-Resolution Pathogenesis and Immune Profiling,Phase I: early; small early award; PENALTY: wet-lab/therapeutic,2507729
-3,NSF,SBIR,"Pinchuk, Anatoliy",NANOPLASMONICS LLC,304780,2025,SBIR Phase I: Plasmonically Enhanced Molecular Imprinted Polymers for Toxins Detection,Phase I: early; small early award; PENALTY: wet-lab/therapeutic,2505692
-3,NSF,SBIR,"Rogers, Jeff",ENDURA THERAPEUTICS INC,303445,2025,SBIR Phase I: Multiplexed High Throughput Discovery of Functional RNA-Targeting Small Molecules Via Next-Generation Sequencing,Phase I: early; small early award; PENALTY: wet-lab/therapeutic,2507762
-3,NSF,SBIR,"Aghaamoo, Mohammad",CELLECHO INC,305000,2025,"SBIR Phase I: A Microprocessor for Complex, Multidimensional Cell Reprogramming: Acoustic-Electric Micro-Vortices Technology for Precise, Sequential Delivery of Genetic Molecules",Phase I: early; small early award; PENALTY: wet-lab/therapeutic,2507783
-3,NSF,SBIR,"Ark, Jonathan","JUNIPERO THERAPEUTICS, INC.",305000,2025,SBIR Phase I: Epigenome Editing by Induced Proximity Using Oligonulcleotide-conjugates,Phase I: early; small early award; PENALTY: wet-lab/therapeutic,2451259
-3,NSF,SBIR,"Silbart, Lawrence",THERAPEUTIC BANDAGE PRODUCTS LLC,305000,2025,SBIR Phase I: Microneedle Bandage for Diabetic Foot Ulcers,Phase I: early; small early award; PENALTY: wet-lab/therapeutic,2451089
-3,NSF,SBIR,"Mamet, Julien",CORE BIOTHERAPEUTICS INC,303864,2025,SBIR Phase I: Determination of the Mechanisms Driving Diseases at the Molecular Network Level to Develop Disruptive Drug Candidates,Phase I: early; small early award; PENALTY: wet-lab/therapeutic,2451628
-3,NSF,SBIR,"Webster, Thomas",NOVAURUM BIOSCIENCES INCORPORATED,305000,2025,SBIR Phase I: Development of a Novel Mammalian Cell-Based Nano-Biological Coating for Implantable Medical Devices.,Phase I: early; small early award; PENALTY: wet-lab/therapeutic,2449177
-3,NSF,SBIR,"Fridkis-Hareli, Masha","PALENA THERAPEUTICS, INC.",305000,2025,SBIR Phase I: Novel Peptide Immunomodulators for Treatment of Autoimmune and Inflammatory Disorders,Phase I: early; small early award; PENALTY: wet-lab/therapeutic,2451399
-3,NSF,SBIR,"Li, Yilun",NANORES LLC,305000,2025,SBIR Phase I: User-Centric Super Resolution Imaging System Dissecting Molecular Composition and Ultrastructure in Cells and Tissues,Phase I: early; small early award; PENALTY: wet-lab/therapeutic,2451418
-4,NSF,SBIR,"Gillig, Marc",ENABLE LIFE SCIENCES LLC,312500,2026,SBIR Phase II: Antibody Therapy that Targets Neoantigens in Acute Myeloid Leukemia by Leveraging Both Innate and Adaptive Immune Mechanisms,small early award; PENALTY: wet-lab/therapeutic,2550729
-4,NSF,SBIR,"Rees, Steven","DEFINED BIOSCIENCE, INC.",285831,2026,SBIR Phase II: Protein isolate serum replacement solutions,small early award; PENALTY: wet-lab/therapeutic,2604951
-4,NSF,SBIR,"Akuzum, Bilen",AEPNUS TECHNOLOGY INC,310240,2026,SBIR Phase II: Novel electrolyzer architectures to enable low-cost chemical manufacturing at industrial scales,small early award; PENALTY: wet-lab/therapeutic,2538456
-4,NSF,SBIR,"Hall, Kalen","INFORMUTA, INC.",312500,2026,SBIR Phase II: Leveraging Sequencing to Identify and Predict Multidrug Resistance,small early award; PENALTY: wet-lab/therapeutic,2604976
-4,NSF,SBIR,"Nicks, Trevor","CARAVEL BIO, INC.",311746,2026,SBIR Phase II: Industrial Strength Biology: Creating Robust Protein Technologies Using Spore-Display Directed Evolution,small early award; PENALTY: wet-lab/therapeutic,2605074
-5,NIH,R44,"CHAN, EUGENE YAN-HO",DNA MEDICINE INSTITUTE,1000000,2026,Hemophilia Point-of-Care Monitoring Device and App,PENALTY: wet-lab/therapeutic,5R44HL151147-05
-5,NIH,R44,"ONG, TRITON ","DOXY.ME, LLC",704454,2026,Doxy.me VR: A scalable virtual reality app to facilitate evidence-based immersive telemental health,PENALTY: wet-lab/therapeutic,5R44MH129065-04
-5,NIH,R44,"WINTER, JULIA ","ALCHEMIE SOLUTIONS, INC.",961652,2026,Multisensory learning to support accessible interactive tools for math,PENALTY: wet-lab/therapeutic,2R44GM150296-02A1
-5,NIH,R44,"CHAN, EUGENE YAN-HO",DNA MEDICINE INSTITUTE,1000000,2025,Hemophilia Point-of-Care Monitoring Device and App,PENALTY: wet-lab/therapeutic,5R44HL151147-04
-5,NIH,R44,"ONG, TRITON ","DOXY.ME, LLC",744020,2025,Doxy.me VR: A scalable virtual reality app to facilitate evidence-based immersive telemental health,PENALTY: wet-lab/therapeutic,2R44MH129065-03
-5,NSF,SBIR,"Pope, Benjamin","MELLICELL, INC.",1250000,2026,SBIR Phase II: Industrial-Scale Technology for Drug Development,PENALTY: wet-lab/therapeutic,2538072
-5,NSF,SBIR,"Gallup, David","EMPIRI, INC.",1249794,2026,SBIR Phase II: A Cancer Diagnostic Instrument to Measure Empirical Treatment Response,PENALTY: wet-lab/therapeutic,2538079
-5,NSF,SBIR,"Lema, Manuel",NOMI MATERIALS CORP,1231501,2025,SBIR Phase II: Scalable Synthetic Mucin Biomaterials,PENALTY: wet-lab/therapeutic,2528187
-5,NSF,SBIR,"Eskew, Matthew",THERMOCAP LABORATORIES INC,1145664,2025,SBIR Phase II: High-Throughput Differential Scanning Calorimeter for Drug Discovery and Research,PENALTY: wet-lab/therapeutic,2528368
-5,NSF,SBIR,"Mukherjee, Anindya","PHAXTEC, INC.",1250000,2025,SBIR Phase II: Production of Biopolymer Coatings for Paper Used in Foodservice Packaging,PENALTY: wet-lab/therapeutic,2439421
-5,NSF,SBIR,"Hu, Jack",PUMPKINSEED TECHNOLOGIES INC,1249115,2025,SBIR Phase II: High-throughput De-novo Peptide Sequencing with Metasurface Optics,PENALTY: wet-lab/therapeutic,2507825
-5,NSF,SBIR,"Paradis, Norman",CPR THERAPEUTICS INC.,1249999,2025,SBIR Phase II: A Multimodal Integrated System For Improved Cardiopulmonary Resuscitation,PENALTY: wet-lab/therapeutic,2437512
-5,NSF,SBIR,"Jiang, Yivan","WINDOW THERAPEUTICS, INC.",1000000,2025,SBIR Phase II:  Antibody-Drug Conjugates (ADCs) with High Drug-Antibody Ratios (DAR) and Molecularly Targeted Payloads,PENALTY: wet-lab/therapeutic,2423415
-5,NSF,SBIR,"Gooding, Douglas","DRIVE THERAPEUTICS, L.L.C.",990477,2025,SBIR Phase II: Optimizing Manufacturing Efficiency of Bispecific Aptamer Therapeutics,PENALTY: wet-lab/therapeutic,2349466
-5,NSF,SBIR,"Morrison, Eric",SUPERIOR NANO LLC,1247672,2025,"SBIR Phase II:  Dense Nanolipid Fluids (DNLFs) for Delivery of Drugs with Poor Bioavailability: Synthesis, Manufacture, and Drug Properties",PENALTY: wet-lab/therapeutic,2436414
-5,NSF,SBIR,"Banal, James","CACHE DNA, INC.",1249319,2025,SBIR Phase II: Rapid Ambient Preservation using Thermosets for Optimized Protection of Biomolecules,PENALTY: wet-lab/therapeutic,2437984
-5,NSF,SBIR,"Young, Arthur","INVVAX, INC.",996606,2025,SBIR Phase II: Stable Prophylactic Antibodies,PENALTY: wet-lab/therapeutic,2422363
-5,NSF,SBIR,"Patel, Sejal",AQUA SCIENCE LLC,1234866,2025,SBIR Phase II: Enzyme-linked Immunosorbent Assay for Detection of Per- and Polyfluoroalkyl Substances in Water,PENALTY: wet-lab/therapeutic,2439160
