source,topic,title,org,state,pi,activity,amount,fy,start,end,sbir_sttr,project_num,abstract
NIH RePORTER,claims denial,Medicare Advantage Today and Tomorrow,HARVARD MEDICAL SCHOOL,MA,"LANDON, BRUCE E.",P01,496757,2025,2009-08-15T00:00:00,2030-04-30T00:00:00,False,2P01AG032952-16,"REVISED PROJECT SUMMARY/ABSTRACT Enrollment in Medicare Advantage (MA), in which Medicare contracts out financial responsibility for beneficiaries’ care to private health plans, now exceeds enrollment in traditional Medicare (TM). The skyrocketing popularity of the Medicare Advantage (MA) program presents a double-edged sword for a rapidly growing senior population. While it offers them an alternative to TM through private health plans, concerns linger about how MA plans balance cost-containment practices with ensuring access to essential, high-quality services. Studies suggest practices like claim denials and limited networks, particularly concerning access to critical specialists like cardiologists and orthopedic surgeons, might restrict necessary care. This can potentially impact quality, with adverse welfare consequences for specific subpopulations. Additionally, the current diagnosis-based risk adjustment methods used to compensate plans may be susceptible to manipulation, potentially rewarding plans for focusing on less complex cases. As an agent for its beneficiaries, Medicare has two main tools for encouraging private MA plans to add value. The first is to encourage competition, both from TM and within MA. The second is direct regulation of aspects of plan design and behavior — including utilization management, provider network restrictions, risk selection, and diagnosis coding or other rent-seeking strategies — through standards, oversight, and payment system metho"
NIH RePORTER,claims denial,Medicare Advantage Today and Tomorrow,HARVARD MEDICAL SCHOOL,MA,"LANDON, BRUCE E.",P01,466645,2026,2009-08-15T00:00:00,2030-04-30T00:00:00,False,5P01AG032952-17,"REVISED PROJECT SUMMARY/ABSTRACT Enrollment in Medicare Advantage (MA), in which Medicare contracts out financial responsibility for beneficiaries’ care to private health plans, now exceeds enrollment in traditional Medicare (TM). The skyrocketing popularity of the Medicare Advantage (MA) program presents a double-edged sword for a rapidly growing senior population. While it offers them an alternative to TM through private health plans, concerns linger about how MA plans balance cost-containment practices with ensuring access to essential, high-quality services. Studies suggest practices like claim denials and limited networks, particularly concerning access to critical specialists like cardiologists and orthopedic surgeons, might restrict necessary care. This can potentially impact quality, with adverse welfare consequences for specific subpopulations. Additionally, the current diagnosis-based risk adjustment methods used to compensate plans may be susceptible to manipulation, potentially rewarding plans for focusing on less complex cases. As an agent for its beneficiaries, Medicare has two main tools for encouraging private MA plans to add value. The first is to encourage competition, both from TM and within MA. The second is direct regulation of aspects of plan design and behavior — including utilization management, provider network restrictions, risk selection, and diagnosis coding or other rent-seeking strategies — through standards, oversight, and payment system metho"
NIH RePORTER,revenue cycle,Administrative Core,H. LEE MOFFITT CANCER CTR & RES INST,FL,"SPRINGER, BRIAN ",P30,279754,2025,1998-02-18T00:00:00,2027-01-31T00:00:00,False,5P30CA076292-27,"PROJECT SUMMARY ADMINISTRATION The goal of Administration is to support the Director’s vision and strategic direction through support and infrastructure that foster innovation, drive collaboration and maximize the quality of the science of the 183 Members that comprise the five research Programs. This includes developing and operationalizing the Research Strategic Plan (RSP); fostering team science through developmental funds, planning and evaluation, and Program activities; delivering communications to all research areas; enhancing innovation through new processes and infrastructure; and providing overall management functions. During the award period, Administration was expanded with four new offices: Community Outreach & Engagement (COE); Planning & Business Operations; Research Education & Training (RET); and the Office of Scientific Development (OSD), to enhance activities in collaboration with area specific Associate Center Directors (ACDs). Administration demonstrates impact through the following Specific Aims: Aim 1: To manage strategic planning and evaluation activities including the RSP. Administration provides ongoing support of all key planning and evaluation committees and subcommittees, including support of the Research Executive Committee (REX) and the Scientific Leadership Committee (SLC). Aim 2: To foster Member and team science through developmental funds, activities, and communication. The staff manages more than $2 million in annual developmental awards"
NIH RePORTER,revenue cycle,Administrative Core,H. LEE MOFFITT CANCER CTR & RES INST,FL,"SPRINGER, BRIAN ",P30,279753,2023,1998-02-18T00:00:00,2027-01-31T00:00:00,False,5P30CA076292-25,"PROJECT SUMMARY ADMINISTRATION The goal of Administration is to support the Director’s vision and strategic direction through support and infrastructure that foster innovation, drive collaboration and maximize the quality of the science of the 183 Members that comprise the five research Programs. This includes developing and operationalizing the Research Strategic Plan (RSP); fostering team science through developmental funds, planning and evaluation, and Program activities; delivering communications to all research areas; enhancing innovation through new processes and infrastructure; and providing overall management functions. During the award period, Administration was expanded with four new offices: Community Outreach, Engagement, & Equity (COEE); Planning & Business Operations; Research Education & Training (RET); and the Office of Scientific Development (OSD), to enhance activities in collaboration with area specific Associate Center Directors (ACDs). Administration demonstrates impact through the following Specific Aims: Aim 1: To manage strategic planning and evaluation activities including the RSP. Administration provides ongoing support of all key planning and evaluation committees and subcommittees, including support of the Research Executive Committee (REX) and the Scientific Leadership Committee (SLC). Aim 2: To foster Member and team science through developmental funds, activities, and communication. The staff manages more than $2 million in annua"
NIH RePORTER,revenue cycle,Administrative Core,H. LEE MOFFITT CANCER CTR & RES INST,FL,"SPRINGER, BRIAN ",P30,279753,2026,1998-02-18T00:00:00,2027-01-31T00:00:00,False,5P30CA076292-28,"PROJECT SUMMARY ADMINISTRATION The goal of Administration is to support the Director’s vision and strategic direction through support and infrastructure that foster innovation, drive collaboration and maximize the quality of the science of the 183 Members that comprise the five research Programs. This includes developing and operationalizing the Research Strategic Plan (RSP); fostering team science through developmental funds, planning and evaluation, and Program activities; delivering communications to all research areas; enhancing innovation through new processes and infrastructure; and providing overall management functions. During the award period, Administration was expanded with four new offices: Community Outreach & Engagement (COE); Planning & Business Operations; Research Education & Training (RET); and the Office of Scientific Development (OSD), to enhance activities in collaboration with area specific Associate Center Directors (ACDs). Administration demonstrates impact through the following Specific Aims: Aim 1: To manage strategic planning and evaluation activities including the RSP. Administration provides ongoing support of all key planning and evaluation committees and subcommittees, including support of the Research Executive Committee (REX) and the Scientific Leadership Committee (SLC). Aim 2: To foster Member and team science through developmental funds, activities, and communication. The staff manages more than $2 million in annual developmental awards"
NIH RePORTER,revenue cycle,Administrative Core,H. LEE MOFFITT CANCER CTR & RES INST,FL,"SPRINGER, BRIAN ",P30,279752,2024,1998-02-18T00:00:00,2027-01-31T00:00:00,False,5P30CA076292-26,"PROJECT SUMMARY ADMINISTRATION The goal of Administration is to support the Director’s vision and strategic direction through support and infrastructure that foster innovation, drive collaboration and maximize the quality of the science of the 183 Members that comprise the five research Programs. This includes developing and operationalizing the Research Strategic Plan (RSP); fostering team science through developmental funds, planning and evaluation, and Program activities; delivering communications to all research areas; enhancing innovation through new processes and infrastructure; and providing overall management functions. During the award period, Administration was expanded with four new offices: Community Outreach, Engagement, & Equity (COEE); Planning & Business Operations; Research Education & Training (RET); and the Office of Scientific Development (OSD), to enhance activities in collaboration with area specific Associate Center Directors (ACDs). Administration demonstrates impact through the following Specific Aims: Aim 1: To manage strategic planning and evaluation activities including the RSP. Administration provides ongoing support of all key planning and evaluation committees and subcommittees, including support of the Research Executive Committee (REX) and the Scientific Leadership Committee (SLC). Aim 2: To foster Member and team science through developmental funds, activities, and communication. The staff manages more than $2 million in annua"
NIH RePORTER,prior authorization,Transplanting Lungs from Uncontrolled Donation after Circulatory Death,NEW YORK UNIVERSITY SCHOOL OF MEDICINE,NY,"WALL, STEPHEN P",R33,2370063,2024,2022-07-08T00:00:00,2027-06-30T00:00:00,False,4R33HL156890-03,"ABSTRACT: One way to recover more lungs for the escalating numbers of patients requiring transplants is to expand the donor pool via uncontrolled donation after circulatory death (uDCD), when organs are recovered after death occurs unexpectedly inside or outside of hospitals. European countries use uDCD lungs routinely, achieving outcomes similar to those from donation after brain death. In Europe, uDCD operates within opt-out systems that allow rapid in situ lung preservation with cold perfusion via tubes inserted into the chests of the recently deceased, a practice that would require prior authorization in the U.S. Our collaborators from Toronto developed a novel uDCD protocol that preserves lungs non-invasively for just over 3 hours after death using positive end expiratory pressure (PEEP) and supplemental oxygen. In ~3 years, five patients received lungs from uDCD donors, with four patients surviving beyond 100 days. Authorization for organ donation was required before initiating lung preservation, leading to prolonged warm ischemic times (median 166 min) and discarding 64% of lungs assessed with ex vivo lung perfusion (EVLP). Our empirical data suggest authorized persons might accept having lung preservation initiated without explicit authorization when the procedures maintain body integrity, which could dramatically reduce warm ischemic times and improve transplant yield after EVLP to >50%. Before conducting a multicenter trial of our novel uDCD protocol, garnering appr"
NIH RePORTER,prior authorization,Transplanting Lungs from Uncontrolled Donation after Circulatory Death,NEW YORK UNIVERSITY SCHOOL OF MEDICINE,NY,"WALL, STEPHEN P",R33,2344204,2025,2022-07-08T00:00:00,2027-06-30T00:00:00,False,5R33HL156890-04,"ABSTRACT: One way to recover more lungs for the escalating numbers of patients requiring transplants is to expand the donor pool via uncontrolled donation after circulatory death (uDCD), when organs are recovered after death occurs unexpectedly inside or outside of hospitals. European countries use uDCD lungs routinely, achieving outcomes similar to those from donation after brain death. In Europe, uDCD operates within opt-out systems that allow rapid in situ lung preservation with cold perfusion via tubes inserted into the chests of the recently deceased, a practice that would require prior authorization in the U.S. Our collaborators from Toronto developed a novel uDCD protocol that preserves lungs non-invasively for just over 3 hours after death using positive end expiratory pressure (PEEP) and supplemental oxygen. In ~3 years, five patients received lungs from uDCD donors, with four patients surviving beyond 100 days. Authorization for organ donation was required before initiating lung preservation, leading to prolonged warm ischemic times (median 166 min) and discarding 64% of lungs assessed with ex vivo lung perfusion (EVLP). Our empirical data suggest authorized persons might accept having lung preservation initiated without explicit authorization when the procedures maintain body integrity, which could dramatically reduce warm ischemic times and improve transplant yield after EVLP to >50%. Before conducting a multicenter trial of our novel uDCD protocol, garnering appr"
NIH RePORTER,prior authorization,Transplanting Lungs from Uncontrolled Donation after Circulatory Death,NEW YORK UNIVERSITY SCHOOL OF MEDICINE,NY,"WALL, STEPHEN P",R33,2235641,2026,2022-07-08T00:00:00,2027-06-30T00:00:00,False,5R33HL156890-05,"ABSTRACT: One way to recover more lungs for the escalating numbers of patients requiring transplants is to expand the donor pool via uncontrolled donation after circulatory death (uDCD), when organs are recovered after death occurs unexpectedly inside or outside of hospitals. European countries use uDCD lungs routinely, achieving outcomes similar to those from donation after brain death. In Europe, uDCD operates within opt-out systems that allow rapid in situ lung preservation with cold perfusion via tubes inserted into the chests of the recently deceased, a practice that would require prior authorization in the U.S. Our collaborators from Toronto developed a novel uDCD protocol that preserves lungs non-invasively for just over 3 hours after death using positive end expiratory pressure (PEEP) and supplemental oxygen. In ~3 years, five patients received lungs from uDCD donors, with four patients surviving beyond 100 days. Authorization for organ donation was required before initiating lung preservation, leading to prolonged warm ischemic times (median 166 min) and discarding 64% of lungs assessed with ex vivo lung perfusion (EVLP). Our empirical data suggest authorized persons might accept having lung preservation initiated without explicit authorization when the procedures maintain body integrity, which could dramatically reduce warm ischemic times and improve transplant yield after EVLP to >50%. Before conducting a multicenter trial of our novel uDCD protocol, garnering appr"
NIH RePORTER,prior authorization,Medicare Advantage and Transplant Access among Rural and Socially Vulnerable Communities,INDIANA UNIVERSITY INDIANAPOLIS,IN,"WILK, ADAM STEVEN",R01,833155,2026,2026-09-01T00:00:00,2031-05-31T00:00:00,False,1R01MD021301-01A1,"End stage kidney disease (ESKD) affects >850,000 people in the US. Kidney transplantation improves survival and quality of life compared to dialysis, yet only 13.6% of incident dialysis patients were waitlisted or transplanted within one year. Our team’s leading studies have revealed persistent gaps in early transplant care steps—referral, evaluation, and waitlisting—tied to socioeconomic circumstance and geography; our findings have guided interventions that support patients and provider organizations working together to progress toward transplant. Traditional Medicare (TM) has long been the primary insurer for patients with ESKD. After the 21st Century Cures Act (Jan. 2021) newly allowed all patients with ESKD to enroll in commercial Medicare Advantage (MA) plans, MA penetration rose from 25% in 2020 to 43% by December 2022. Enrollment has grown especially quickly among low-income dual Medicare-Medicaid enrollees and in rural areas. Compared to TM, MA plans can offer additional benefits (e.g., transportation, dental), but also employ cost-control tools (e.g., prior authorization, restricted provider networks) that may impede timely transplant referral and required specialty evaluations. Our prior work shows MA enrollees experience 18-24% lower transplant waitlisting rates than TM beneficiaries, yet how MA affects earlier transplant care steps—referral and evaluation—is poorly understood. Addressing this knowledge gap is essential to guide strategies that promote timely prog"
NIH RePORTER,prior authorization,"Improving MOUD Access, Opioid-Related Outcomes and Equity Among Medicare Beneficiaries with Disability",RUTGERS BIOMEDICAL AND HEALTH SCIENCES,NJ,"CRYSTAL, STEPHEN ",R01,782867,2025,2022-09-01T00:00:00,2027-06-30T00:00:00,False,5R01DA057568-04,"PROJECT ABSTRACT Medications for opioid use disorder (MOUD) are a key tool in reducing harms of the opioid epidemic. Yet only a minority of those with OUD initiate treatment, early discontinuation is typical, and disparities are endemic. People with disabilities are at especially high risk and epitomize the challenges of OUD with multimorbidity. Preliminary analyses identified 45,035 fatal opioid overdoses among Medicare disability beneficiaries (MDBs) from 2008-2016, and continuing under-utilization and disparities in MOUD, including among overdose survivors. With its wide influence in the health care system, Medicare's role is vital; it is essential to examine the Medicare system's successes and failures in engaging and retaining MDBs in treatment. Several recent policy changes are promising, with important implications for other payers, but their impact across beneficiary subgroups, time and communities needs to be better understood to inform action to improve uptake and reduce disparities. This study, responding to RFA-DA-22-037, will use national Medicare data linked with the National Death Index, Medicaid claims, community resources, prescription drug plan (PDP) formulary policies, and other data sources to assess how policy, community, provider and patient factors interact to shape MOUD initiation and retention, and in turn overdose and other clinical outcomes. With annual updates through 2025, the project will provide a powerful framework for assessing evolving treatm"
NIH RePORTER,prior authorization,"Improving MOUD Access, Opioid-Related Outcomes and Equity Among Medicare Beneficiaries with Disability",RUTGERS BIOMEDICAL AND HEALTH SCIENCES,NJ,"CRYSTAL, STEPHEN ",R01,713468,2023,2022-09-01T00:00:00,2027-06-30T00:00:00,False,5R01DA057568-02,"PROJECT ABSTRACT Medications for opioid use disorder (MOUD) are a key tool in reducing harms of the opioid epidemic. Yet only a minority of those with OUD initiate treatment, early discontinuation is typical, and disparities are endemic. People with disabilities are at especially high risk and epitomize the challenges of OUD with multimorbidity. Preliminary analyses identified 45,035 fatal opioid overdoses among Medicare disability beneficiaries (MDBs) from 2008-2016, and continuing under-utilization and disparities in MOUD, including among overdose survivors. With its wide influence in the health care system, Medicare's role is vital; it is essential to examine the Medicare system's successes and failures in engaging and retaining MDBs in treatment. Several recent policy changes are promising, with important implications for other payers, but their impact across beneficiary subgroups, time and communities needs to be better understood to inform action to improve uptake and reduce disparities. This study, responding to RFA-DA-22-037, will use national Medicare data linked with the National Death Index, Medicaid claims, community resources, prescription drug plan (PDP) formulary policies, and other data sources to assess how policy, community, provider and patient factors interact to shape MOUD initiation and retention, and in turn overdose and other clinical outcomes. With annual updates through 2025, the project will provide a powerful framework for assessing evolving treatm"
NIH RePORTER,prior authorization,"Improving MOUD Access, Opioid-Related Outcomes and Equity Among Medicare Beneficiaries with Disability",RUTGERS BIOMEDICAL AND HEALTH SCIENCES,NJ,"CRYSTAL, STEPHEN ",R01,705100,2024,2022-09-01T00:00:00,2027-06-30T00:00:00,False,5R01DA057568-03,"PROJECT ABSTRACT Medications for opioid use disorder (MOUD) are a key tool in reducing harms of the opioid epidemic. Yet only a minority of those with OUD initiate treatment, early discontinuation is typical, and disparities are endemic. People with disabilities are at especially high risk and epitomize the challenges of OUD with multimorbidity. Preliminary analyses identified 45,035 fatal opioid overdoses among Medicare disability beneficiaries (MDBs) from 2008-2016, and continuing under-utilization and disparities in MOUD, including among overdose survivors. With its wide influence in the health care system, Medicare's role is vital; it is essential to examine the Medicare system's successes and failures in engaging and retaining MDBs in treatment. Several recent policy changes are promising, with important implications for other payers, but their impact across beneficiary subgroups, time and communities needs to be better understood to inform action to improve uptake and reduce disparities. This study, responding to RFA-DA-22-037, will use national Medicare data linked with the National Death Index, Medicaid claims, community resources, prescription drug plan (PDP) formulary policies, and other data sources to assess how policy, community, provider and patient factors interact to shape MOUD initiation and retention, and in turn overdose and other clinical outcomes. With annual updates through 2025, the project will provide a powerful framework for assessing evolving treatm"
NIH RePORTER,prior authorization,"Improving MOUD Access, Opioid-Related Outcomes and Equity Among Medicare Beneficiaries with Disability",RUTGERS BIOMEDICAL AND HEALTH SCIENCES,NJ,"CRYSTAL, STEPHEN ",R01,705100,2026,2022-09-01T00:00:00,2027-06-30T00:00:00,False,5R01DA057568-05,"PROJECT ABSTRACT Medications for opioid use disorder (MOUD) are a key tool in reducing harms of the opioid epidemic. Yet only a minority of those with OUD initiate treatment, early discontinuation is typical, and disparities are endemic. People with disabilities are at especially high risk and epitomize the challenges of OUD with multimorbidity. Preliminary analyses identified 45,035 fatal opioid overdoses among Medicare disability beneficiaries (MDBs) from 2008-2016, and continuing under-utilization and disparities in MOUD, including among overdose survivors. With its wide influence in the health care system, Medicare's role is vital; it is essential to examine the Medicare system's successes and failures in engaging and retaining MDBs in treatment. Several recent policy changes are promising, with important implications for other payers, but their impact across beneficiary subgroups, time and communities needs to be better understood to inform action to improve uptake and reduce disparities. This study, responding to RFA-DA-22-037, will use national Medicare data linked with the National Death Index, Medicaid claims, community resources, prescription drug plan (PDP) formulary policies, and other data sources to assess how policy, community, provider and patient factors interact to shape MOUD initiation and retention, and in turn overdose and other clinical outcomes. With annual updates through 2025, the project will provide a powerful framework for assessing evolving treatm"
NIH RePORTER,prior authorization,Prior Authorization for Cardiovascular Care: Patient Exposure and Effects on Service Use and Health Outcomes,UNIVERSITY OF PENNSYLVANIA,PA,"SCHWARTZ, AARON LAWRENCE",R01,685212,2026,2026-08-15T00:00:00,2030-04-30T00:00:00,False,1R01HL185247-01,"PROJECT SUMMARY / ABSTRACT Cardiovascular disease (CVD) remains the leading cause of death in the United States despite significant improvements in CVD care. Timely access to high-quality CVD services is essential to realizing the benefits of medical advances for this deadly chronic disease. Prior authorization (PA)—an insurance coverage restriction requiring insurer pre-approval for certain medical services—may delay or deter appropriate care. Indeed, CVD-related services such as echocardiography are among the most frequently targeted for PA. PA is increasingly used by Medicare Advantage (MA) plans, with 50 million PA requests processed annually; the extensive use of PA in MA is a stark contrast to government-administered Traditional Medicare, which employs minimal PA. While PA may prevent unnecessary care, it is controversial due to concerns it imposes administrative burdens for clinicians and access barriers for patients. Despite growing momentum for federal and state reforms to PA, little empirical evidence exists on how PA affects service use, care delays, or health outcomes. Further, there is no causal evidence for how PA affects CVD services or patient outcomes. The purpose of this project is to develop new policy-relevant evidence on the scope and effects of PA for CVD. The project leverages novel administrative data from the nation's largest MA insurer, UnitedHealth, including PA policies, medical claims, and enrollment data for MA and commercial plans. We also utili"
NIH RePORTER,prior authorization,Insurance-related barriers to medications for opioid use disorder in private and Medicaid plans,UNIVERSITY OF MICHIGAN AT ANN ARBOR,MI,"CHUA, KAO-PING ",R01,666015,2023,2022-09-30T00:00:00,2026-07-31T00:00:00,False,5R01DA056438-02,"PROJECT SUMMARY In 2020, a record 71,000 opioid overdose deaths occurred in the U.S. The number of such deaths can be reduced by buprenorphine, methadone, and extended-release naltrexone, the three FDA-approved medications for opioid use disorder (MOUD). Despite this, many patients with opioid use disorder (OUD) never initiate treatment with MOUD, and those that do often drop out of treatment, increasing their risk of death. Although the uninsured are over-represented among patients with OUD, privately insured and Medicaid patients represent three-quarters of non-elderly Americans with OUD, suggesting that mitigating barriers to MOUD use in these patients is an especially important goal. Among the many such barriers, insurance-related barriers are an appealing target for intervention, as insurance benefit design is directly under the control of policymakers, insurers, and employers. However, the effects of insurance-related barriers on MOUD use in privately insured and Medicaid patients have not been rigorously studied. Consequently, it is unclear which barriers should be targeted in policy interventions and how these interventions should be designed. In this proposal, we will provide actionable, policy-relevant information on the effect of cost-sharing for MOUD in privately insured patients and on the effect of removing prior authorization requirements for MOUD in Medicaid patients. To do so, we will analyze 2017-2023 data from several state-of-the-art national databases, in"
NIH RePORTER,prior authorization,Insurance-related barriers to medications for opioid use disorder in private and Medicaid plans,UNIVERSITY OF MICHIGAN AT ANN ARBOR,MI,"CHUA, KAO-PING ",R01,616875,2024,2022-09-30T00:00:00,2026-07-31T00:00:00,False,5R01DA056438-03,"PROJECT SUMMARY In 2020, a record 71,000 opioid overdose deaths occurred in the U.S. The number of such deaths can be reduced by buprenorphine, methadone, and extended-release naltrexone, the three FDA-approved medications for opioid use disorder (MOUD). Despite this, many patients with opioid use disorder (OUD) never initiate treatment with MOUD, and those that do often drop out of treatment, increasing their risk of death. Although the uninsured are over-represented among patients with OUD, privately insured and Medicaid patients represent three-quarters of non-elderly Americans with OUD, suggesting that mitigating barriers to MOUD use in these patients is an especially important goal. Among the many such barriers, insurance-related barriers are an appealing target for intervention, as insurance benefit design is directly under the control of policymakers, insurers, and employers. However, the effects of insurance-related barriers on MOUD use in privately insured and Medicaid patients have not been rigorously studied. Consequently, it is unclear which barriers should be targeted in policy interventions and how these interventions should be designed. In this proposal, we will provide actionable, policy-relevant information on the effect of cost-sharing for MOUD in privately insured patients and on the effect of removing prior authorization requirements for MOUD in Medicaid patients. To do so, we will analyze 2017-2023 data from several state-of-the-art national databases, in"
NIH RePORTER,prior authorization,Insurance-related barriers to medications for opioid use disorder in private and Medicaid plans,UNIVERSITY OF MICHIGAN AT ANN ARBOR,MI,"CHUA, KAO-PING ",R01,553695,2025,2022-09-30T00:00:00,2027-07-31T00:00:00,False,5R01DA056438-04,"PROJECT SUMMARY In 2020, a record 71,000 opioid overdose deaths occurred in the U.S. The number of such deaths can be reduced by buprenorphine, methadone, and extended-release naltrexone, the three FDA-approved medications for opioid use disorder (MOUD). Despite this, many patients with opioid use disorder (OUD) never initiate treatment with MOUD, and those that do often drop out of treatment, increasing their risk of death. Although the uninsured are over-represented among patients with OUD, privately insured and Medicaid patients represent three-quarters of non-elderly Americans with OUD, suggesting that mitigating barriers to MOUD use in these patients is an especially important goal. Among the many such barriers, insurance-related barriers are an appealing target for intervention, as insurance benefit design is directly under the control of policymakers, insurers, and employers. However, the effects of insurance-related barriers on MOUD use in privately insured and Medicaid patients have not been rigorously studied. Consequently, it is unclear which barriers should be targeted in policy interventions and how these interventions should be designed. In this proposal, we will provide actionable, policy-relevant information on the effect of cost-sharing for MOUD in privately insured patients and on the effect of removing prior authorization requirements for MOUD in Medicaid patients. To do so, we will analyze 2017-2023 data from several state-of-the-art national databases, in"
NIH RePORTER,prior authorization,Medicare Advantage Today and Tomorrow,HARVARD MEDICAL SCHOOL,MA,"LANDON, BRUCE E.",P01,496757,2025,2009-08-15T00:00:00,2030-04-30T00:00:00,False,2P01AG032952-16,"REVISED PROJECT SUMMARY/ABSTRACT Enrollment in Medicare Advantage (MA), in which Medicare contracts out financial responsibility for beneficiaries’ care to private health plans, now exceeds enrollment in traditional Medicare (TM). The skyrocketing popularity of the Medicare Advantage (MA) program presents a double-edged sword for a rapidly growing senior population. While it offers them an alternative to TM through private health plans, concerns linger about how MA plans balance cost-containment practices with ensuring access to essential, high-quality services. Studies suggest practices like claim denials and limited networks, particularly concerning access to critical specialists like cardiologists and orthopedic surgeons, might restrict necessary care. This can potentially impact quality, with adverse welfare consequences for specific subpopulations. Additionally, the current diagnosis-based risk adjustment methods used to compensate plans may be susceptible to manipulation, potentially rewarding plans for focusing on less complex cases. As an agent for its beneficiaries, Medicare has two main tools for encouraging private MA plans to add value. The first is to encourage competition, both from TM and within MA. The second is direct regulation of aspects of plan design and behavior — including utilization management, provider network restrictions, risk selection, and diagnosis coding or other rent-seeking strategies — through standards, oversight, and payment system metho"
NIH RePORTER,prior authorization,Medicare Advantage Today and Tomorrow,HARVARD MEDICAL SCHOOL,MA,"LANDON, BRUCE E.",P01,466645,2026,2009-08-15T00:00:00,2030-04-30T00:00:00,False,5P01AG032952-17,"REVISED PROJECT SUMMARY/ABSTRACT Enrollment in Medicare Advantage (MA), in which Medicare contracts out financial responsibility for beneficiaries’ care to private health plans, now exceeds enrollment in traditional Medicare (TM). The skyrocketing popularity of the Medicare Advantage (MA) program presents a double-edged sword for a rapidly growing senior population. While it offers them an alternative to TM through private health plans, concerns linger about how MA plans balance cost-containment practices with ensuring access to essential, high-quality services. Studies suggest practices like claim denials and limited networks, particularly concerning access to critical specialists like cardiologists and orthopedic surgeons, might restrict necessary care. This can potentially impact quality, with adverse welfare consequences for specific subpopulations. Additionally, the current diagnosis-based risk adjustment methods used to compensate plans may be susceptible to manipulation, potentially rewarding plans for focusing on less complex cases. As an agent for its beneficiaries, Medicare has two main tools for encouraging private MA plans to add value. The first is to encourage competition, both from TM and within MA. The second is direct regulation of aspects of plan design and behavior — including utilization management, provider network restrictions, risk selection, and diagnosis coding or other rent-seeking strategies — through standards, oversight, and payment system metho"
NIH RePORTER,prior authorization,Transplanting Lungs from Uncontrolled Donation after Circulatory Death,NEW YORK UNIVERSITY SCHOOL OF MEDICINE,NY,"WALL, STEPHEN P",R61,405375,2023,2022-07-08T00:00:00,2024-06-30T00:00:00,False,5R61HL156890-02,"ABSTRACT: One way to recover more lungs for the escalating numbers of patients requiring transplants is to expand the donor pool via uncontrolled donation after circulatory death (uDCD), when organs are recovered after death occurs unexpectedly inside or outside of hospitals. European countries use uDCD lungs routinely, achieving outcomes similar to those from donation after brain death. In Europe, uDCD operates within opt-out systems that allow rapid in situ lung preservation with cold perfusion via tubes inserted into the chests of the recently deceased, a practice that would require prior authorization in the U.S. Our collaborators from Toronto developed a novel uDCD protocol that preserves lungs non-invasively for just over 3 hours after death using positive end expiratory pressure (PEEP) and supplemental oxygen. In ~3 years, five patients received lungs from uDCD donors, with four patients surviving beyond 100 days. Authorization for organ donation was required before initiating lung preservation, leading to prolonged warm ischemic times (median 166 min) and discarding 64% of lungs assessed with ex vivo lung perfusion (EVLP). Our empirical data suggest authorized persons might accept having lung preservation initiated without explicit authorization when the procedures maintain body integrity, which could dramatically reduce warm ischemic times and improve transplant yield after EVLP to >50%. Before conducting a multicenter trial of our novel uDCD protocol, garnering appr"
NIH RePORTER,prior authorization,Project 4 - The Health Impact of Administrative Burdens for People with ADRD,NATIONAL BUREAU OF ECONOMIC RESEARCH,MA,"LAYTON, TIMOTHY ",P01,402664,2024,1997-02-01T00:00:00,2029-08-31T00:00:00,False,2P01AG005842-35A1,"OTHER PROJECT INFORMATION – Project Summary/Abstract Project 4 – The Health Impact of Administrative Burdens for People with ADRD The lives of people living with Alzheimer’s disease and related dementias are challenging on multiple dimensions that are made further complicated by healthcare-imposed administrative burdens. People with ADRD struggle with both complex and simple memory and cognitive tasks that dominate their daily lives, often relying on overburdened family caregivers. ADRD also face many other, less-obvious challenges related to their health and well-being, including suffering from a variety of comorbidities, receiving lower quality care when accessing services to treat these conditions, and high levels of reliance on caregivers for navigating the complexities of the healthcare system. Further, doctors report challenges treating people with ADRD, including those related to working with the patient (due to time and communication constraints), those related to billing for services provided to people with ADRD, and helping them access specialist and social services. These challenges have the potential to make people with ADRD uniquely impacted by the administrative burdens and hassles imposed by the U.S. healthcare system. These hassles are pervasive. Patients and healthcare providers encounter these burdens nearly every time they interact with the system. They come in the form of billing hassles, prior authorization restrictions, complex applications for public in"
NIH RePORTER,prior authorization,Evaluating Use and Expenditures on Low Quality Breast Cancer Care in the Medicare Program,GEORGETOWN UNIVERSITY,DC,"MITCHELL, JEAN M",R01,400000,2026,2024-07-01T00:00:00,2028-04-30T00:00:00,False,5R01HS029678-03,"Project Summary The provision of low-value (quality) care, defined as services for which the potential for harm outweighs the potential for benefit, is estimated to account for more than $300 billion in health care expenditures annually and thus has critical consequences for patients and the overall health care system (Koziara 2020). Over the past decade, initiatives such as the Choosing Wisely (CW) campaign and the Less is More series sponsored by JAMA Internal Medicine have raised awareness of the magnitude of the problem. (Because most published studies use the term “low-value” we adopt this terminology as equivalent to low-quality). Several studies constructed indicators of low-value care from claims data; most measures were diagnostic test or imaging procedures (Schwartz et al. 2014; Mafi et al. 2021; Segal et al. 2014; Colla et al. 2015). Research to date shows that the CW campaign had little impact on reducing the use of low-value care. Early-stage breast cancer (BC) is a highly prevalent condition for which several metrics of low-value care have been identified by oncology and surgical specialty societies. Thus, efforts to reduce the use of these low-value services will likely yield substantial cost savings. Private Medicare Advantage (MA) plans have a unique toolkit which can be used to reduce the use of low-value care. For example, MA plans may require prior authorization for high-cost procedures, provide incentives for beneficiaries to seek care from a network of "
NIH RePORTER,prior authorization,Evaluating Use and Expenditures on Low Quality Breast Cancer Care in the Medicare Program,GEORGETOWN UNIVERSITY,DC,"MITCHELL, JEAN M",R01,399999,2024,2024-07-01T00:00:00,2028-04-30T00:00:00,False,1R01HS029678-01A1,"Project Summary The provision of low-value (quality) care, defined as services for which the potential for harm outweighs the potential for benefit, is estimated to account for more than $300 billion in health care expenditures annually and thus has critical consequences for patients and the overall health care system (Koziara 2020). Over the past decade, initiatives such as the Choosing Wisely (CW) campaign and the Less is More series sponsored by JAMA Internal Medicine have raised awareness of the magnitude of the problem. (Because most published studies use the term “low-value” we adopt this terminology as equivalent to low-quality). Several studies constructed indicators of low-value care from claims data; most measures were diagnostic test or imaging procedures (Schwartz et al. 2014; Mafi et al. 2021; Segal et al. 2014; Colla et al. 2015). Research to date shows that the CW campaign had little impact on reducing the use of low-value care. Early-stage breast cancer (BC) is a highly prevalent condition for which several metrics of low-value care have been identified by oncology and surgical specialty societies. Thus, efforts to reduce the use of these low-value services will likely yield substantial cost savings. Private Medicare Advantage (MA) plans have a unique toolkit which can be used to reduce the use of low-value care. For example, MA plans may require prior authorization for high-cost procedures, provide incentives for beneficiaries to seek care from a network of "
NIH RePORTER,prior authorization,Evaluating Use and Expenditures on Low Quality Breast Cancer Care in the Medicare Program,GEORGETOWN UNIVERSITY,DC,"MITCHELL, JEAN M",R01,399452,2025,2024-07-01T00:00:00,2028-04-30T00:00:00,False,5R01HS029678-02,"Project Summary The provision of low-value (quality) care, defined as services for which the potential for harm outweighs the potential for benefit, is estimated to account for more than $300 billion in health care expenditures annually and thus has critical consequences for patients and the overall health care system (Koziara 2020). Over the past decade, initiatives such as the Choosing Wisely (CW) campaign and the Less is More series sponsored by JAMA Internal Medicine have raised awareness of the magnitude of the problem. (Because most published studies use the term “low-value” we adopt this terminology as equivalent to low-quality). Several studies constructed indicators of low-value care from claims data; most measures were diagnostic test or imaging procedures (Schwartz et al. 2014; Mafi et al. 2021; Segal et al. 2014; Colla et al. 2015). Research to date shows that the CW campaign had little impact on reducing the use of low-value care. Early-stage breast cancer (BC) is a highly prevalent condition for which several metrics of low-value care have been identified by oncology and surgical specialty societies. Thus, efforts to reduce the use of these low-value services will likely yield substantial cost savings. Private Medicare Advantage (MA) plans have a unique toolkit which can be used to reduce the use of low-value care. For example, MA plans may require prior authorization for high-cost procedures, provide incentives for beneficiaries to seek care from a network of "
NIH RePORTER,prior authorization,Project 4 - The Health Impact of Administrative Burdens for People with ADRD,NATIONAL BUREAU OF ECONOMIC RESEARCH,MA,"LAYTON, TIMOTHY ",P01,364973,2025,1997-02-01T00:00:00,2029-08-31T00:00:00,False,5P01AG005842-36,"OTHER PROJECT INFORMATION – Project Summary/Abstract Project 4 – The Health Impact of Administrative Burdens for People with ADRD The lives of people living with Alzheimer’s disease and related dementias are challenging on multiple dimensions that are made further complicated by healthcare-imposed administrative burdens. People with ADRD struggle with both complex and simple memory and cognitive tasks that dominate their daily lives, often relying on overburdened family caregivers. ADRD also face many other, less-obvious challenges related to their health and well-being, including suffering from a variety of comorbidities, receiving lower quality care when accessing services to treat these conditions, and high levels of reliance on caregivers for navigating the complexities of the healthcare system. Further, doctors report challenges treating people with ADRD, including those related to working with the patient (due to time and communication constraints), those related to billing for services provided to people with ADRD, and helping them access specialist and social services. These challenges have the potential to make people with ADRD uniquely impacted by the administrative burdens and hassles imposed by the U.S. healthcare system. These hassles are pervasive. Patients and healthcare providers encounter these burdens nearly every time they interact with the system. They come in the form of billing hassles, prior authorization restrictions, complex applications for public in"
NIH RePORTER,prior authorization,Learning from Program Differences between Medicaid and Medicare,HARVARD MEDICAL SCHOOL,MA,"MCGUIRE, THOMAS G.",P01,309906,2023,2009-04-15T00:00:00,2025-03-31T00:00:00,False,5P01AG032952-14,"ABSTRACT Medicare and Medicaid are the largest social health insurance programs in the United States, together providing health insurance for over 130 million Americans. While the programs share some key attributes, they also differ in important ways, with the key institutional difference being that states have significant control over the design of their Medicaid programs while Medicare is managed at the national level. Despite their importance to the U.S. health care system, there is little rigorous quasi-experimental work studying how the two programs compare to each other in terms of their effects on health care access, quality, and outcomes for enrollees. In this project, we will examine the relative effects of these two programs by following adults with disabilities who are enrolled in Medicaid before age 65 into Medicare at age 65 and beyond—that is, as disabled adults with only Medicaid switch to become dual-eligibles enrolled in both Medicaid and Medicare. Adults with disabilities who are dually enrolled in both Medicaid and Medicare before age 65 will serve as the control group, as they do not experience a transition between programs at age 65. Studying these changes to dual eligibility will allow us to isolate the average effects of state Medicaid programs on patient care and outcomes relative to a structurally different Medicare program (e.g., with a wider set of participating providers than Medicaid), as well as to explore variation in these effects across featur"
NIH RePORTER,prior authorization,Learning from Program Differences between Medicaid and Medicare,HARVARD MEDICAL SCHOOL,MA,"MCGUIRE, THOMAS G.",P01,309904,2024,2009-04-15T00:00:00,2025-08-31T00:00:00,False,5P01AG032952-15,"ABSTRACT Medicare and Medicaid are the largest social health insurance programs in the United States, together providing health insurance for over 130 million Americans. While the programs share some key attributes, they also differ in important ways, with the key institutional difference being that states have significant control over the design of their Medicaid programs while Medicare is managed at the national level. Despite their importance to the U.S. health care system, there is little rigorous quasi-experimental work studying how the two programs compare to each other in terms of their effects on health care access, quality, and outcomes for enrollees. In this project, we will examine the relative effects of these two programs by following adults with disabilities who are enrolled in Medicaid before age 65 into Medicare at age 65 and beyond—that is, as disabled adults with only Medicaid switch to become dual-eligibles enrolled in both Medicaid and Medicare. Adults with disabilities who are dually enrolled in both Medicaid and Medicare before age 65 will serve as the control group, as they do not experience a transition between programs at age 65. Studying these changes to dual eligibility will allow us to isolate the average effects of state Medicaid programs on patient care and outcomes relative to a structurally different Medicare program (e.g., with a wider set of participating providers than Medicaid), as well as to explore variation in these effects across featur"
NIH RePORTER,prior authorization,Better Together: Integrating MOUD in African American Community Settings,UNIVERSITY OF ILLINOIS AT CHICAGO,IL,"KARNIK, NIRANJAN SUBHASH",UG1,297166,2023,2022-03-10T00:00:00,2024-02-29T00:00:00,False,3UG1DA049467-05S1,"Racial disparities in engagement and retention in treatment with medication treatment for opioid use disorder (MOUD) are profound and persistent and have devastating consequences. Black/African American persons have experienced the fastest increases in opioid overdose deaths nationally since 2013 and now have higher rates of overdose deaths than whites [1,2]. COVID-19 has accelerated overdose deaths especially among Black/African Americans: during 2020, the number of Black persons dying from an opioid overdose increased by 45% compared to the previous year, nearly double the increase for white overdose deaths [3]. Despite the great need for MOUD, Black/African Americans are substantially less likely than whites to receive MOUD, especially buprenorphine, and have substantially lower rates of MOUD treatment retention [4-8]. These differences in MOUD treatment engagement and retention persist even when controlling for socioeconomic factors and despite reducing barriers to MOUD (e.g., expanding Medicaid eligibility, eliminating co-pays or prior authorization requirements) and increasing its availability in a broad range of medical settings (e.g., medical offices, clinics, federally qualified health centers, and Emergency Departments) [8-13]. Our own and others’ research identify that stigma, medical mistrust, fear of legal consequences, and bias and misunderstanding about MOUD contribute to underutilization of MOUD in Black/African American populations [14-17]. To address these b"
NIH RePORTER,prior authorization,Impact of Restrictive Drug Coverage Policies on Heart Failure Care,NEW YORK UNIVERSITY SCHOOL OF MEDICINE,NY,"MUKHOPADHYAY, AMRITA ",K23,198936,2025,2024-08-05T00:00:00,2029-07-31T00:00:00,False,5K23HL171636-02,"Despite proven benefits, many patients with heart failure with reduced ejection fraction (HFrEF) are not prescribed life-saving, guideline-recommended medications. This gap in prescribing occurs in up to 75% of eligible patients, leading to an estimated 68,000 preventable deaths per year nationwide. Moreover, patients often do not consistently adhere to these life-saving medications up to 60% of the time. A major reason for these gaps in prescribing and adherence may due to be restrictive coverage policies, such as cost-sharing (patients pay out of pocket through copayment or co-insurance), and prior authorization (providers required to justify use of a medication before it is covered). These policies can have harmful effects when applied to life-saving therapies. For example, high out-of-pocket costs can result in reduced medication adherence, or may worsen health differences by differentially impacting different subpopulations. Moreover, physicians are often unaware of these policies’ existence or magnitude, and often do not discuss cost with their patients, despite the majority of patients wanting their providers to initiate this conversation. We propose to utilize a large, integrated database combining publicly available insurance formulary information, electronic health record (EHR) data, pharmacy data, and neighborhood-level census information. In Aim 1, we will use this database to quantify the effects of restrictive drug coverage policies for guideline-recommended HFr"
NIH RePORTER,prior authorization,Impact of Restrictive Drug Coverage Policies on Heart Failure Care,NEW YORK UNIVERSITY SCHOOL OF MEDICINE,NY,"MUKHOPADHYAY, AMRITA ",K23,198936,2026,2024-08-05T00:00:00,2029-07-31T00:00:00,False,5K23HL171636-03,"Despite proven benefits, many patients with heart failure with reduced ejection fraction (HFrEF) are not prescribed life-saving, guideline-recommended medications. This gap in prescribing occurs in up to 75% of eligible patients, leading to an estimated 68,000 preventable deaths per year nationwide. Moreover, patients often do not consistently adhere to these life-saving medications up to 60% of the time. A major reason for these gaps in prescribing and adherence may due to be restrictive coverage policies, such as cost-sharing (patients pay out of pocket through copayment or co-insurance), and prior authorization (providers required to justify use of a medication before it is covered). These policies can have harmful effects when applied to life-saving therapies. For example, high out-of-pocket costs can result in reduced medication adherence, or may worsen health differences by differentially impacting different subpopulations. Moreover, physicians are often unaware of these policies’ existence or magnitude, and often do not discuss cost with their patients, despite the majority of patients wanting their providers to initiate this conversation. We propose to utilize a large, integrated database combining publicly available insurance formulary information, electronic health record (EHR) data, pharmacy data, and neighborhood-level census information. In Aim 1, we will use this database to quantify the effects of restrictive drug coverage policies for guideline-recommended HFr"
NIH RePORTER,prior authorization,Impact of Restrictive Drug Coverage Policies on Heart Failure Care,NEW YORK UNIVERSITY SCHOOL OF MEDICINE,NY,"MUKHOPADHYAY, AMRITA ",K23,198936,2024,2024-08-05T00:00:00,2029-07-31T00:00:00,False,1K23HL171636-01A1,"PROJECT SUMMARY Despite proven benefits, many patients with heart failure with reduced ejection fraction (HFrEF) are not prescribed life-saving, guideline-recommended medications. This gap in prescribing occurs in up to 75% of eligible patients, leading to an estimated 68,000 preventable deaths per year nationwide. Moreover, patients often do not consistently adhere to these life-saving medications up to 60% of the time. A major reason for these gaps in prescribing and adherence may due to be restrictive coverage policies, such as cost-sharing (patients pay out of pocket through copayment or co-insurance), and prior authorization (providers required to justify use of a medication before it is covered). These policies can have harmful effects when applied to life- saving therapies. For example, high out-of-pocket costs can result in reduced medication adherence, or may worsen inequities by differentially impacting vulnerable populations. Moreover, physicians are often unaware of these policies’ existence or magnitude, and often do not discuss cost with their patients, despite the majority of patients wanting their providers to initiate this conversation. We propose to utilize a large, integrated database combining publicly available insurance formulary information, electronic health record (EHR) data, pharmacy data, and neighborhood-level census information. In Aim 1, we will use this database to quantify the effects of restrictive drug coverage policies for guideline- recom"
NIH RePORTER,prior authorization,Developing a provider-facing intervention to address cost-related medication restrictions and improve medication use in patients with type 2 diabetes,UNIVERSITY OF PITTSBURGH AT PITTSBURGH,PA,"LUO, JING ",K23,188134,2024,2021-05-01T00:00:00,2026-02-28T00:00:00,False,5K23DK120956-04,"Project Summary/Abstract The prescribing of, and adherence to, glucose-lowering medications is increasingly being driven by health insurance factors such as high out-of-pocket medication costs and formulary practices that restrict use (e.g. requirements for prior authorization). These types of cost-related medication restrictions (defined as high copayments, high deductibles, formulary restrictions) can limit appropriate use of evidence-based medications, especially when formularies lag behind a rapidly evolving evidence base. For example, recent evidence suggests that SGLT-2 inhibitors and GLP-1 receptor agonists reduce the risk of cardiovascular disease (CVD) events and mortality in patients with type 2 diabetes and elevated CV risk. If cost-related medication restrictions limit the use of evidence-based, guideline recommended therapies in these patients, it may ultimately result in worse health outcomes. Such policies can also increase administrative burden for the practitioner and contribute to provider burnout. The goal of this proposal is to develop a provider-facing intervention to address cost-related restrictions and improve medication use for patients with type 2 diabetes. It has 3 specific aims: 1) To examine the association between cost-related medication restrictions and initiation of, and adherence to, newer 2nd line glucose-lowering medications among patients with type 2 diabetes (T2D) with and without established CVD, 2) To describe the cost-related restrictio"
NIH RePORTER,prior authorization,Developing a provider-facing intervention to address cost-related medication restrictions and improve medication use in patients with type 2 diabetes,UNIVERSITY OF PITTSBURGH AT PITTSBURGH,PA,"LUO, JING ",K23,188100,2023,2021-05-01T00:00:00,2025-02-28T00:00:00,False,5K23DK120956-03,"Project Summary/Abstract The prescribing of, and adherence to, glucose-lowering medications is increasingly being driven by health insurance factors such as high out-of-pocket medication costs and formulary practices that restrict use (e.g. requirements for prior authorization). These types of cost-related medication restrictions (defined as high copayments, high deductibles, formulary restrictions) can limit appropriate use of evidence-based medications, especially when formularies lag behind a rapidly evolving evidence base. For example, recent evidence suggests that SGLT-2 inhibitors and GLP-1 receptor agonists reduce the risk of cardiovascular disease (CVD) events and mortality in patients with type 2 diabetes and elevated CV risk. If cost-related medication restrictions limit the use of evidence-based, guideline recommended therapies in these patients, it may ultimately result in worse health outcomes. Such policies can also increase administrative burden for the practitioner and contribute to provider burnout. The goal of this proposal is to develop a provider-facing intervention to address cost-related restrictions and improve medication use for patients with type 2 diabetes. It has 3 specific aims: 1) To examine the association between cost-related medication restrictions and initiation of, and adherence to, newer 2nd line glucose-lowering medications among patients with type 2 diabetes (T2D) with and without established CVD, 2) To describe the cost-related restrictio"
NIH RePORTER,prior authorization,Meta-Analysis of Behavioral Treatments for Pediatric Feeding Disorders,UNIVERSITY OF FLORIDA,FL,"PODLESNIK, CHRISTOPHER A",R03,153500,2025,2025-09-05T00:00:00,2027-09-04T00:00:00,False,1R03MH140409-01,"PROJECT SUMMARY/ABSTRACT A high percentage of children do not eat or drink at sufficient levels, causing substantial health consequences, as well as psychological and financial stress for caregivers. Pediatric Feeding Disorders or Avoidant/Restrictive Food Intake Disorder (ARFID) are especially common in children diagnosed with intellectual and developmental disabilities and results from complications anywhere in the complex chain of reflexive and learned behaviors. Children with a severe feeding difficulty (SFD) can learn to associate feeding with pain and discomfort, leading to intense refusal behavior that leaves caregivers with the inability to feed their children. When children learn that engaging in refusal behavior successfully avoids meals, refusal behavior can persist even after amelioration of underlying medical conditions. If refusal persists, a two-phase behavior-based method (1) assesses conditions maintaining refusal behavior for individual children and (2) bases treatment of refusal behavior on the assessment through teaching developmentally appropriate feeding skills both to children and caregivers. Though highly effective, most evidence supporting behavioral treatments for SFD comes from a large number of published studies using single-case experimental designs. This approach is useful for conducting individualized treatments, but their format impedes evaluation of the most effective methods and generality of outcomes, and limits dissemination across scientif"
NIH RePORTER,prior authorization,Assessing the Impact of Economic Policies on the Use of Pre-Exposure Prophylaxis in the United States,UNIVERSITY OF PENNSYLVANIA,PA,"FAYAZ FARKHAD, BITA ",K01,134811,2023,2023-08-01T00:00:00,2028-07-31T00:00:00,False,1K01AI172614-01A1,"PROJECT SUMMARY Although involve PrEP case changes based, project will policies, secondary impact on condom use and HIV testing. social-behavioral their 2 MSM. PrEP These mathematical policy such recent federal and state policies targeted t o encourage PrEP (pre-exposure prophylaxis) — which (a) enabling pharmacy-based PrEP delivery 1 , (b) leveraging Medicaid program's benefits to promote (i.e., removal of prior authorization, coverage of telemedicine-delivered PrEP, and overage of targeted management) 2 , and (c) mandating zero-cost sharing 3 — have been described as the most significant that have happened with PrEP 4 – , their impact is not well understood. By implementing a theory- multi-level, longitudinal analysis of how public health policies identify policies to efficiently achieve the Ending the HIV Epidemic goals. – 13 Aim 1 will integrate prescription data, surveys, and consumer data to isolate the effects of the policies on PrEP use Aim 2 will expand our longitudinal database to include determinants of PrEP use, including attitudes, norms, and behavioral control, and explore mediating role in the relation between public health policies and PrEP uptake and persistence. Aims 1 and will mode l a) the US population, (b) MSM (men who have sex with men), and (c) Black, Hispanic, and White Aim 3 will f urther examine the effectiveness of the policies studied in Aim 1 by moving from effects on t o modeling effects on HIV transmission among MSM in general and Black, Hispan"
NIH RePORTER,prior authorization,Assessing the Impact of Economic Policies on the Use of Pre-Exposure Prophylaxis in the United States,UNIVERSITY OF PENNSYLVANIA,PA,"FAYAZ FARKHAD, BITA ",K01,134811,2024,2023-08-01T00:00:00,2028-07-31T00:00:00,False,5K01AI172614-02,"PROJECT SUMMARY Although involve PrEP case changes based, project will policies, secondary impact on condom use and HIV testing. social-behavioral their 2 MSM. PrEP These mathematical policy such recent federal and state policies targeted t o encourage PrEP (pre-exposure prophylaxis) — which (a) enabling pharmacy-based PrEP delivery 1 , (b) leveraging Medicaid program's benefits to promote (i.e., removal of prior authorization, coverage of telemedicine-delivered PrEP, and overage of targeted management) 2 , and (c) mandating zero-cost sharing 3 — have been described as the most significant that have happened with PrEP 4 – , their impact is not well understood. By implementing a theory- multi-level, longitudinal analysis of how public health policies identify policies to efficiently achieve the Ending the HIV Epidemic goals. – 13 Aim 1 will integrate prescription data, surveys, and consumer data to isolate the effects of the policies on PrEP use Aim 2 will expand our longitudinal database to include determinants of PrEP use, including attitudes, norms, and behavioral control, and explore mediating role in the relation between public health policies and PrEP uptake and persistence. Aims 1 and will mode l a) the US population, (b) MSM (men who have sex with men), and (c) Black, Hispanic, and White Aim 3 will f urther examine the effectiveness of the policies studied in Aim 1 by moving from effects on t o modeling effects on HIV transmission among MSM in general and Black, Hispan"
NIH RePORTER,prior authorization,Assessing the Impact of Economic Policies on the Use of Pre-Exposure Prophylaxis in the United States,UNIVERSITY OF PENNSYLVANIA,PA,"FAYAZ FARKHAD, BITA ",K01,134811,2025,2023-08-01T00:00:00,2026-01-16T00:00:00,False,5K01AI172614-03,"PROJECT SUMMARY Although involve PrEP case changes based, project will policies, secondary impact on condom use and HIV testing. social-behavioral their 2 MSM. PrEP These mathematical policy such recent federal and state policies targeted t o encourage PrEP (pre-exposure prophylaxis) — which (a) enabling pharmacy-based PrEP delivery 1 , (b) leveraging Medicaid program's benefits to promote (i.e., removal of prior authorization, coverage of telemedicine-delivered PrEP, and overage of targeted management) 2 , and (c) mandating zero-cost sharing 3 — have been described as the most significant that have happened with PrEP 4 – , their impact is not well understood. By implementing a theory- multi-level, longitudinal analysis of how public health policies identify policies to efficiently achieve the Ending the HIV Epidemic goals. – 13 Aim 1 will integrate prescription data, surveys, and consumer data to isolate the effects of the policies on PrEP use Aim 2 will expand our longitudinal database to include determinants of PrEP use, including attitudes, norms, and behavioral control, and explore mediating role in the relation between public health policies and PrEP uptake and persistence. Aims 1 and will mode l a) the US population, (b) MSM (men who have sex with men), and (c) Black, Hispanic, and White Aim 3 will f urther examine the effectiveness of the policies studied in Aim 1 by moving from effects on t o modeling effects on HIV transmission among MSM in general and Black, Hispan"
NIH RePORTER,prior authorization,Assessing the Impact of Economic Policies on the Use of Pre-Exposure Prophylaxis in the United States,UNIV OF ARKANSAS FOR MED SCIS,AR,"FAYAZ FARKHAD, BITA ",K01,134398,2025,2023-08-01T00:00:00,2028-07-31T00:00:00,False,7K01AI172614-04,"PROJECT SUMMARY Although involve PrEP case changes based, project will policies, secondary impact on condom use and HIV testing. social-behavioral their 2 MSM. PrEP These mathematical policy such recent federal and state policies targeted t o encourage PrEP (pre-exposure prophylaxis) — which (a) enabling pharmacy-based PrEP delivery 1 , (b) leveraging Medicaid program's benefits to promote (i.e., removal of prior authorization, coverage of telemedicine-delivered PrEP, and overage of targeted management) 2 , and (c) mandating zero-cost sharing 3 — have been described as the most significant that have happened with PrEP 4 – , their impact is not well understood. By implementing a theory- multi-level, longitudinal analysis of how public health policies identify policies to efficiently achieve the Ending the HIV Epidemic goals. – 13 Aim 1 will integrate prescription data, surveys, and consumer data to isolate the effects of the policies on PrEP use Aim 2 will expand our longitudinal database to include determinants of PrEP use, including attitudes, norms, and behavioral control, and explore mediating role in the relation between public health policies and PrEP uptake and persistence. Aims 1 and will mode l a) the US population, (b) MSM (men who have sex with men), and (c) Black, Hispanic, and White Aim 3 will f urther examine the effectiveness of the policies studied in Aim 1 by moving from effects on t o modeling effects on HIV transmission among MSM in general and Black, Hispan"
NIH RePORTER,prior authorization,Examining the Impact of Medicaid's Prior Authorization Requirements for Tobacco Cessation Medications on Tobacco Cessation Medication Prescriptions,VANDERBILT UNIVERSITY,TN,"DILLENDER, MARCUS OWEN",R03,79250,2024,2023-01-01T00:00:00,2025-12-31T00:00:00,False,5R03CA270451-02,"PROJECT SUMMARY/ABSTRACT Increasing access to tobacco cessation medications is a key part of U.S. health policy’s strategy for reducing smoking, especially for low-income smokers, who are less likely to use tobacco cessation medications than high-income smokers are. Given that the Affordable Care Act requires Medicaid programs to cover tobacco cessation medications, Medicaid coverage grants enrollees access to tobacco cessation medications in principle, but over two-thirds of state Medicaid programs require doctors to obtain prior authorization from program administrators before prescribing tobacco cessation medications. While prior authorization requirements’ advocates argue that requiring prior authorization can ensure appropriate and cost-effective prescribing without reducing access to helpful medications, even small prescribing hurdles have the potential to have large impacts on prescribing behavior and medication access. Public health leaders call for removing barriers in access to tobacco cessation medications, but it is not currently known if requiring prior authorization meaningfully reduces overall use of these medications or if it instead ensures appropriate use without reducing access more generally, as its advocates argue. This project proposes to estimate the impact of prior authorization requirements in Medicaid on the use of tobacco cessation medications by using detailed data on health care claims to study Colorado’s Medicaid program removing its prior author"
NIH RePORTER,prior authorization,Examining the Impact of Medicaid's Prior Authorization Requirements for Tobacco Cessation Medications on Tobacco Cessation Medication Prescriptions,VANDERBILT UNIVERSITY,TN,"DILLENDER, MARCUS OWEN",R03,79250,2023,2023-01-01T00:00:00,2024-12-31T00:00:00,False,1R03CA270451-01A1,"PROJECT SUMMARY/ABSTRACT Increasing access to tobacco cessation medications is a key part of U.S. health policy’s strategy for reducing smoking, especially for low-income smokers, who are less likely to use tobacco cessation medications than high-income smokers are. Given that the Affordable Care Act requires Medicaid programs to cover tobacco cessation medications, Medicaid coverage grants enrollees access to tobacco cessation medications in principle, but over two-thirds of state Medicaid programs require doctors to obtain prior authorization from program administrators before prescribing tobacco cessation medications. While prior authorization requirements’ advocates argue that requiring prior authorization can ensure appropriate and cost-effective prescribing without reducing access to helpful medications, even small prescribing hurdles have the potential to have large impacts on prescribing behavior and medication access. Public health leaders call for removing barriers in access to tobacco cessation medications, but it is not currently known if requiring prior authorization meaningfully reduces overall use of these medications or if it instead ensures appropriate use without reducing access more generally, as its advocates argue. This project proposes to estimate the impact of prior authorization requirements in Medicaid on the use of tobacco cessation medications by using detailed data on health care claims to study Colorado’s Medicaid program removing its prior author"
NIH RePORTER,prior authorization,Developing a provider-facing intervention to address cost-related medication restrictions and improve medication use in patients with type 2 diabetes,UNIVERSITY OF PITTSBURGH AT PITTSBURGH,PA,"LUO, JING ",K23,75456,2023,2021-05-01T00:00:00,2025-02-28T00:00:00,False,3K23DK120956-03S1,"Project Summary/Abstract The prescribing of, and adherence to, glucose-lowering medications is increasingly being driven by health insurance factors such as high out-of-pocket medication costs and formulary practices that restrict use (e.g. requirements for prior authorization). These types of cost-related medication restrictions (defined as high copayments, high deductibles, formulary restrictions) can limit appropriate use of evidence-based medications, especially when formularies lag behind a rapidly evolving evidence base. For example, recent evidence suggests that SGLT-2 inhibitors and GLP-1 receptor agonists reduce the risk of cardiovascular disease (CVD) events and mortality in patients with type 2 diabetes and elevated CV risk. If cost-related medication restrictions limit the use of evidence-based, guideline recommended therapies in these patients, it may ultimately result in worse health outcomes. Such policies can also increase administrative burden for the practitioner and contribute to provider burnout. The goal of this proposal is to develop a provider-facing intervention to address cost-related restrictions and improve medication use for patients with type 2 diabetes. It has 3 specific aims: 1) To examine the association between cost-related medication restrictions and initiation of, and adherence to, newer 2nd line glucose-lowering medications among patients with type 2 diabetes (T2D) with and without established CVD, 2) To describe the cost-related restrictio"
NIH RePORTER,medical coding automation,Multi-Stakeholder Consensus Approach to Problem Consolidation and Strategic Use of Electronic Health Record (EHR) Data Standards for Clinical Research and Regulatory Reporting,UNIVERSITY OF MICHIGAN AT ANN ARBOR,MI,"RICHESSON, RACHEL L",U01,99896,2023,2022-07-01T00:00:00,2025-06-30T00:00:00,False,5U01FD007673-02,"Project Summary/Abstract The use of electronic health record (EHR) systems as a source of “real-world data” (RWD) has great potential to transform and improve research. Despite the potential value and public health need for RWD, the ability to extract and use data from EHR systems for research is limited due to the absence of clearly defined and uniformly implemented standards that represent the semantic meaning of clinical data, including the context and specificity of coding. A particular challenge is that clinical coding systems used for EHR data often have very granular codes to support documentation of detailed diagnoses and highly specific tests and packaged medications. These granular codes must be grouped into broad concepts for research analyses and submissions, but consistent and reproducible data aggregation methods that preserve important semantic meaning and context of clinical RWD for research purposes are lacking. We propose to use a well-informed environmental scan, targeted literature review, and a multi-stakeholder group of standards experts to identify unresolved methodological issues and critical challenges – and delineate alternative approaches for standardization or harmonization - that can support strategic action for leveraging RWD in the short term and enable a more robust clinical research infrastructure to support future research needs. The multi-stakeholder group will include data and standards experts from both clinical informatics and research da"
NIH RePORTER,healthcare fraud,CORE B: PROGRAM DEVELOPMENT (PILOT) CORE,NATIONAL BUREAU OF ECONOMIC RESEARCH,MA,"CUTLER, DAVID M",P30,101749,2026,1997-08-01T00:00:00,2027-08-31T00:00:00,False,5P30AG012810-32,"OTHER PROJECT INFORMATION – Revised Project Summary/Abstract Core B – Program Development (Pilot) Core The program development core uses emerging scholar pilot projects to develop and support the community of early career scientists that is engaged in research on health and aging issues; and to incubate innovative work that lays foundations for larger-scale projects under development. Particular attention is paid to creating a pipeline of science-leading scholars, whose engagement with the Center can guide and accelerate their achievements in innovative scientific inquiry. Emerging scholars receive a two-year appointment with the first year focused on an innovative developmental research project and the second year focused on translating this work into a larger scale NIA grant application. Four emerging scholar pilot projects will be awarded for years 12, four for years 3-4, and four for years 5-6 – a total of 12 pilots over the 6-year duration of the continuation. the four projects proposed for years 1-2 are on (1) the impact of hurricanes on treatment for stroke among older Americans, (2) reducing the impact of label noise in artificial intelligence applications in health care, (3) healthcare fraud and patient health outcomes, and (4) variations in housing conditions and their effect on health outcomes. Each pilot will be conducted by an emerging scholar in the first 10 years since receiving their PhD, complementing training activities already available at the NBER for gr"
NIH RePORTER,healthcare fraud,CORE B: PROGRAM DEVELOPMENT (PILOT) CORE,NATIONAL BUREAU OF ECONOMIC RESEARCH,MA,"CUTLER, DAVID M",P30,101749,2025,1997-08-01T00:00:00,2027-08-31T00:00:00,False,2P30AG012810-31,"OTHER PROJECT INFORMATION – Revised Project Summary/Abstract Core B – Program Development (Pilot) Core The program development core uses emerging scholar pilot projects to develop and support the community of early career scientists that is engaged in research on health and aging issues; and to incubate innovative work that lays foundations for larger-scale projects under development. Particular attention is paid to creating a pipeline of science-leading scholars, whose engagement with the Center can guide and accelerate their achievements in innovative scientific inquiry. Emerging scholars receive a two-year appointment with the first year focused on an innovative developmental research project and the second year focused on translating this work into a larger scale NIA grant application. Four emerging scholar pilot projects will be awarded for years 1-2, four for years 3-4, and four for years 5-6 – a total of 12 pilots over the 6-year duration of the continuation. the four projects proposed for years 1-2 are on (1) the impact of hurricanes on treatment for stroke among older Americans, (2) reducing the impact of label noise in artificial intelligence applications in health care, (3) healthcare fraud and patient health outcomes, and (4) variations in housing conditions and their effect on health outcomes. Each pilot will be conducted by an emerging scholar in the first 10 years since receiving their PhD, complementing training activities already available at the NBER for g"
NIH RePORTER,price transparency,Cyberinfrastructure and Artificial Intelligence Platforms,NATIONAL HUMAN GENOME RESEARCH INSTITUTE,,"MOONEY, SEAN ",ZIA,1335000,2025,,,False,1ZIAHG200425-01,"The Section Cyberinfrastructure and Artificial Intelligence Platforms (the laboratory of Dr. Sean Mooney) completed its first full fiscal year in September 2025. During that time, we completed laboratory space development within the NIH clinical center and continued to expand the staff and research efforts in the laboratory. For much of the year, we consisted of two postdoctoral fellows and one staff scientist. Our focus has remained steady, that is, research at the intersection of artificial intelligence and human genetics. To that end we have contributed to several projects. Update on Lab Activities We have established regular group meetings (Thursdays at noon) and regular 1:1s with Dr. Mooney (Thursday afternoons) and we participate in NHGRI programs such as the monthly Center for Genomics and Data Science Research team meetings. We have presented there twice. We participated in several conferences including the Pacific Symposium of Biocomputing 2025 (PSB) in January and the Intelligent Systems in Molecular Biology (ISMB) Conference in July. In July we worked with CIT and ODSS to run a workshop on NIH cyberinfrastructure at ISMB. Recruitment We are restarting recruitment of postdoctoral fellows to build the laboratory. We are posting positions in computational genomics and artificial intelligence model development. We intend to recruit 5-8 postdoctoral fellows with the key goal of collaborating with other laboratories within the Intramural Research Program at the"
NIH RePORTER,price transparency,A mobile application to offer upfront healthcare prices and automated medical billing for socioeconomically disadvantaged Americans,HANDL HEALTH LLC,CA,"MARMOUSH, AHMED ",R44,1185981,2024,2021-09-23T00:00:00,2026-03-31T00:00:00,True,2R44NR021119-03A1,"Project Summary/Abstract This SBIR Phase II (R44) grant application will leverage publicly available healthcare service pricing data (i.e. emerging big data resources) to improve health information dissemination and utilization by minority health and disparity individuals, small businesses and communities. The long-term goal is to reduce health literacy barriers around the cost of healthcare and to simplify access to this information through an assisted mobile application and secure short message service (SMS) that helps minority and disparity populations get the care they need at a price they can afford. This will ultimately improve healthcare access and outcomes while reducing the burden of medical debt. Healthcare consumers today have limited information about the cost of a service until after it is rendered, despite there being significant variability in the price of the same service depending on location and provider. This makes it incredibly difficult for patients to make cost-informed choices about where to get healthcare or check the accuracy of medical bills, contributing to the $195bn of medical debt that Americans are burdened with. Minority health and disparity populations are disproportionately impacted by this, with Black Americans, Hispanic Americans and those below the federal poverty level (FPL) more likely to carry medical debt [1]. Soaring healthcare costs and the considerable impacts to minority health and disparity populations have resulted in significant"
NIH RePORTER,price transparency,A mobile application to offer upfront healthcare prices and automated medical billing for socioeconomically disadvantaged Americans,HANDL HEALTH LLC,CA,"MARMOUSH, AHMED ",R44,690531,2025,2021-09-23T00:00:00,2026-03-31T00:00:00,True,5R44NR021119-04,"Project Summary/Abstract This SBIR Phase II (R44) grant application will leverage publicly available healthcare service pricing data (i.e. emerging big data resources) to improve health information dissemination and utilization by minority health and disparity individuals, small businesses and communities. The long-term goal is to reduce health literacy barriers around the cost of healthcare and to simplify access to this information through an assisted mobile application and secure short message service (SMS) that helps minority and disparity populations get the care they need at a price they can afford. This will ultimately improve healthcare access and outcomes while reducing the burden of medical debt. Healthcare consumers today have limited information about the cost of a service until after it is rendered, despite there being significant variability in the price of the same service depending on location and provider. This makes it incredibly difficult for patients to make cost-informed choices about where to get healthcare or check the accuracy of medical bills, contributing to the $195bn of medical debt that Americans are burdened with. Minority health and disparity populations are disproportionately impacted by this, with Black Americans, Hispanic Americans and those below the federal poverty level (FPL) more likely to carry medical debt [1]. Soaring healthcare costs and the considerable impacts to minority health and disparity populations have resulted in significant"
NIH RePORTER,price transparency,Effectiveness of Out-of-Pocket Cost COMmunication and Financial Navigation (CostCOM) in Cancer Patients,UNIVERSITY OF CALIFORNIA-IRVINE,CA,"SADIGH, GELAREH ",R01,652687,2023,2023-01-04T00:00:00,2027-12-31T00:00:00,False,1R01CA272680-01,"PROJECT SUMMARY High out-of-pocket costs (OOPC) of cancer treatment and lost income result in financial hardship. There is compelling evidence that OOPC communication complemented by financial navigation and counseling will decrease financial hardship by enabling cancer patients to anticipate and accommodate treatment costs and proactively seek financial assistance. Importantly, this intervention aligns with the Centers for Medicare and Medicaid Services (CMS) price transparency mandate. We will evaluate the effectiveness of an innovative personalized intervention designed to improve cost-related cancer care non-adherence by conducting a randomized controlled trial of OOP cost communication and financial navigation (CostCOM) vs. enhanced usual care (EUC) at NCI Community Oncology Research Program (NCORP) practices. Our multidisciplinary team has experience with all facets of the proposed intervention including conducting clinical trials at NCORP practices. CostCOM comprises four 1-hour counseling sessions to impart: (1) OOPC communication, individualized, patient-specific education of the anticipated OOPC using a price estimator tool; (2) Financial navigation, real-time professional guidance to identify financial assistance programs that will alleviate costs of care and discuss information to improve insurance coverage; and (3) Financial counseling to address the range of patients’ financial concerns and enroll patients in financial assistance programs. We will recruit 720 pa"
NIH RePORTER,price transparency,Effectiveness of Out-of-Pocket Cost COMmunication and Financial Navigation (CostCOM) in Cancer Patients,UNIVERSITY OF CALIFORNIA-IRVINE,CA,"SADIGH, GELAREH ",R01,613085,2025,2023-01-04T00:00:00,2027-12-31T00:00:00,False,5R01CA272680-03,"PROJECT SUMMARY High out-of-pocket costs (OOPC) of cancer treatment and lost income result in financial hardship. There is compelling evidence that OOPC communication complemented by financial navigation and counseling will decrease financial hardship by enabling cancer patients to anticipate and accommodate treatment costs and proactively seek financial assistance. Importantly, this intervention aligns with the Centers for Medicare and Medicaid Services (CMS) price transparency mandate. We will evaluate the effectiveness of an innovative personalized intervention designed to improve cost-related cancer care non-adherence by conducting a randomized controlled trial of OOP cost communication and financial navigation (CostCOM) vs. enhanced usual care (EUC) at NCI Community Oncology Research Program (NCORP) practices. Our multidisciplinary team has experience with all facets of the proposed intervention including conducting clinical trials at NCORP practices. CostCOM comprises four 1-hour counseling sessions to impart: (1) OOPC communication, individualized, patient-specific education of the anticipated OOPC using a price estimator tool; (2) Financial navigation, real-time professional guidance to identify financial assistance programs that will alleviate costs of care and discuss information to improve insurance coverage; and (3) Financial counseling to address the range of patients’ financial concerns and enroll patients in financial assistance programs. We will recruit 720 pa"
NIH RePORTER,price transparency,Effectiveness of Out-of-Pocket Cost COMmunication and Financial Navigation (CostCOM) in Cancer Patients,UNIVERSITY OF CALIFORNIA-IRVINE,CA,"SADIGH, GELAREH ",R01,599047,2026,2023-01-04T00:00:00,2027-12-31T00:00:00,False,5R01CA272680-04,"PROJECT SUMMARY High out-of-pocket costs (OOPC) of cancer treatment and lost income result in financial hardship. There is compelling evidence that OOPC communication complemented by financial navigation and counseling will decrease financial hardship by enabling cancer patients to anticipate and accommodate treatment costs and proactively seek financial assistance. Importantly, this intervention aligns with the Centers for Medicare and Medicaid Services (CMS) price transparency mandate. We will evaluate the effectiveness of an innovative personalized intervention designed to improve cost-related cancer care non-adherence by conducting a randomized controlled trial of OOP cost communication and financial navigation (CostCOM) vs. enhanced usual care (EUC) at NCI Community Oncology Research Program (NCORP) practices. Our multidisciplinary team has experience with all facets of the proposed intervention including conducting clinical trials at NCORP practices. CostCOM comprises four 1-hour counseling sessions to impart: (1) OOPC communication, individualized, patient-specific education of the anticipated OOPC using a price estimator tool; (2) Financial navigation, real-time professional guidance to identify financial assistance programs that will alleviate costs of care and discuss information to improve insurance coverage; and (3) Financial counseling to address the range of patients’ financial concerns and enroll patients in financial assistance programs. We will recruit 720 pa"
NIH RePORTER,price transparency,Effectiveness of Out-of-Pocket Cost COMmunication and Financial Navigation (CostCOM) in Cancer Patients,UNIVERSITY OF CALIFORNIA-IRVINE,CA,"SADIGH, GELAREH ",R01,554885,2024,2023-01-04T00:00:00,2027-12-31T00:00:00,False,5R01CA272680-02,"PROJECT SUMMARY High out-of-pocket costs (OOPC) of cancer treatment and lost income result in financial hardship. There is compelling evidence that OOPC communication complemented by financial navigation and counseling will decrease financial hardship by enabling cancer patients to anticipate and accommodate treatment costs and proactively seek financial assistance. Importantly, this intervention aligns with the Centers for Medicare and Medicaid Services (CMS) price transparency mandate. We will evaluate the effectiveness of an innovative personalized intervention designed to improve cost-related cancer care non-adherence by conducting a randomized controlled trial of OOP cost communication and financial navigation (CostCOM) vs. enhanced usual care (EUC) at NCI Community Oncology Research Program (NCORP) practices. Our multidisciplinary team has experience with all facets of the proposed intervention including conducting clinical trials at NCORP practices. CostCOM comprises four 1-hour counseling sessions to impart: (1) OOPC communication, individualized, patient-specific education of the anticipated OOPC using a price estimator tool; (2) Financial navigation, real-time professional guidance to identify financial assistance programs that will alleviate costs of care and discuss information to improve insurance coverage; and (3) Financial counseling to address the range of patients’ financial concerns and enroll patients in financial assistance programs. We will recruit 720 pa"
NIH RePORTER,price transparency,Improving medication adherence and disease control for patients with multimorbidity: the role of price transparency tools,DUKE UNIVERSITY,NC,"SLOAN, CAROLINE ELLEN",K23,186913,2023,2023-01-01T00:00:00,2027-12-31T00:00:00,False,1K23AG076889-01A1,"Dr. Sloan is a general internist and health services researcher whose long-term career goal is to evaluate the effectiveness of policies and interventions that address barriers to care for older adults with multimorbidity. Many patients with multimorbidity struggle to pay for their medications. These patients have lower medication adherence, resulting in a higher risk of disease progression, functional limitations, hospitalization, and death. Patients cannot account for medication costs in their medical decisions, because they rarely know what those costs will be before getting to the pharmacy. If clinicians could access information about their patients’ medica- tion-related out-of-pocket costs at the point-of-prescribing, they could help their patients apply for financial sup- port, or prescribe lower-cost alternatives. New out-of-pocket drug price transparency tools could fill this need. The Centers for Medicare and Medicaid Services recently mandated that Medicare Part D plans make clinician- facing out-of-pocket drug price transparency tools available to clinics and hospitals via the electronic health record (EHR). No one has described the uptake and acceptability of these tools, or their impact on clinical out- comes among middle-aged and older patients with multimorbidity. The goal of this K23 award is to evaluate how primary care providers at one large academic health system use a widely available price transparency tool and how price transparency at the point-of-pre"
NIH RePORTER,price transparency,Improving medication adherence and disease control for patients with multimorbidity: the role of price transparency tools,DUKE UNIVERSITY,NC,"SLOAN, CAROLINE ELLEN",K23,181733,2025,2023-01-01T00:00:00,2027-12-31T00:00:00,False,5K23AG076889-03,"Dr. Sloan is a general internist and health services researcher whose long-term career goal is to evaluate the effectiveness of policies and interventions that address barriers to care for older adults with multimorbidity. Many patients with multimorbidity struggle to pay for their medications. These patients have lower medication adherence, resulting in a higher risk of disease progression, functional limitations, hospitalization, and death. Patients cannot account for medication costs in their medical decisions, because they rarely know what those costs will be before getting to the pharmacy. If clinicians could access information about their patients’ medica- tion-related out-of-pocket costs at the point-of-prescribing, they could help their patients apply for financial sup- port, or prescribe lower-cost alternatives. New out-of-pocket drug price transparency tools could fill this need. The Centers for Medicare and Medicaid Services recently mandated that Medicare Part D plans make clinician- facing out-of-pocket drug price transparency tools available to clinics and hospitals via the electronic health record (EHR). No one has described the uptake and acceptability of these tools, or their impact on clinical out- comes among middle-aged and older patients with multimorbidity. The goal of this K23 award is to evaluate how primary care providers at one large academic health system use a widely available price transparency tool and how price transparency at the point-of-pre"
NIH RePORTER,price transparency,Improving medication adherence and disease control for patients with multimorbidity: the role of price transparency tools,DUKE UNIVERSITY,NC,"SLOAN, CAROLINE ELLEN",K23,178387,2024,2023-01-01T00:00:00,2027-12-31T00:00:00,False,5K23AG076889-02,"Dr. Sloan is a general internist and health services researcher whose long-term career goal is to evaluate the effectiveness of policies and interventions that address barriers to care for older adults with multimorbidity. Many patients with multimorbidity struggle to pay for their medications. These patients have lower medication adherence, resulting in a higher risk of disease progression, functional limitations, hospitalization, and death. Patients cannot account for medication costs in their medical decisions, because they rarely know what those costs will be before getting to the pharmacy. If clinicians could access information about their patients’ medica- tion-related out-of-pocket costs at the point-of-prescribing, they could help their patients apply for financial sup- port, or prescribe lower-cost alternatives. New out-of-pocket drug price transparency tools could fill this need. The Centers for Medicare and Medicaid Services recently mandated that Medicare Part D plans make clinician- facing out-of-pocket drug price transparency tools available to clinics and hospitals via the electronic health record (EHR). No one has described the uptake and acceptability of these tools, or their impact on clinical out- comes among middle-aged and older patients with multimorbidity. The goal of this K23 award is to evaluate how primary care providers at one large academic health system use a widely available price transparency tool and how price transparency at the point-of-pre"
NIH RePORTER,price transparency,"Impact of Health Deductible Health Plans on the Evaluation, Treatment, and Outcomes for Acute Coronary Syndrome","UNIVERSITY OF CALIFORNIA, SAN FRANCISCO",CA,"CHOU, SHIH-CHUAN ",K23,169924,2023,2023-08-09T00:00:00,2028-07-31T00:00:00,False,1K23HL164970-01A1,"PROJECT ABSTRACT This K23 award will enable the candidate, Shih-Chuan Chou, MD, MPH, SM, to become an independent physician-scientist focused on the effect of out-of-pocket costs on care utilization and outcomes of acute chest pain and cardiovascular care. Chest pain is one of the most common reasons for emergency department (ED) evaluation, with over 7 million visits annually. ED visits ensure the timely identification and treatment of acute myocardial infarction (AMI) or acute coronary syndrome (ACS). However, the financial implications of care have escalated over the past two decades with the growth of high deductible health plans (HDHP). By 2020, nearly 6 in 10 US employees with employer-sponsored insurance will have deductibles of ≥$1,000. While research has begun to explore HDHP’s effect on cancer screening and chronic disease management, little research has examined how it affects acute cardiovascular care. In a preliminary study, Dr. Chou found that HDHP enrollment reduced ED visits for non-specific chest pain but increased AMI after chest pain admission among the lower-income population. In this K23, Dr. Chou will further extend this research with 3 proposed aims. Aim 1 will use segmented survival analysis in a large commercial claims database to examine whether employer-mandated HDHP enrollment negatively impacted AMI outcomes. Using the same database, aim 2 will utilize the natural randomization of patients to ED clinicians within each ED to determine whether HDHP "
NIH RePORTER,price transparency,Improving medication adherence and disease control for patients with multimorbidity: the role of price transparency tools,DUKE UNIVERSITY,NC,"SLOAN, CAROLINE ELLEN",K23,169755,2026,2023-01-01T00:00:00,2027-12-31T00:00:00,False,5K23AG076889-04,"Dr. Sloan is a general internist and health services researcher whose long-term career goal is to evaluate the effectiveness of policies and interventions that address barriers to care for older adults with multimorbidity. Many patients with multimorbidity struggle to pay for their medications. These patients have lower medication adherence, resulting in a higher risk of disease progression, functional limitations, hospitalization, and death. Patients cannot account for medication costs in their medical decisions, because they rarely know what those costs will be before getting to the pharmacy. If clinicians could access information about their patients’ medica- tion-related out-of-pocket costs at the point-of-prescribing, they could help their patients apply for financial sup- port, or prescribe lower-cost alternatives. New out-of-pocket drug price transparency tools could fill this need. The Centers for Medicare and Medicaid Services recently mandated that Medicare Part D plans make clinician- facing out-of-pocket drug price transparency tools available to clinics and hospitals via the electronic health record (EHR). No one has described the uptake and acceptability of these tools, or their impact on clinical out- comes among middle-aged and older patients with multimorbidity. The goal of this K23 award is to evaluate how primary care providers at one large academic health system use a widely available price transparency tool and how price transparency at the point-of-pre"
NIH RePORTER,price transparency,"Impact of Health Deductible Health Plans on the Evaluation, Treatment, and Outcomes for Acute Coronary Syndrome","UNIVERSITY OF CALIFORNIA, SAN FRANCISCO",CA,"CHOU, SHIH-CHUAN ",K23,167777,2024,2023-08-09T00:00:00,2028-07-31T00:00:00,False,5K23HL164970-02,"PROJECT ABSTRACT This K23 award will enable the candidate, Shih-Chuan Chou, MD, MPH, SM, to become an independent physician-scientist focused on the effect of out-of-pocket costs on care utilization and outcomes of acute chest pain and cardiovascular care. Chest pain is one of the most common reasons for emergency department (ED) evaluation, with over 7 million visits annually. ED visits ensure the timely identification and treatment of acute myocardial infarction (AMI) or acute coronary syndrome (ACS). However, the financial implications of care have escalated over the past two decades with the growth of high deductible health plans (HDHP). By 2020, nearly 6 in 10 US employees with employer-sponsored insurance will have deductibles of ≥$1,000. While research has begun to explore HDHP’s effect on cancer screening and chronic disease management, little research has examined how it affects acute cardiovascular care. In a preliminary study, Dr. Chou found that HDHP enrollment reduced ED visits for non-specific chest pain but increased AMI after chest pain admission among the lower-income population. In this K23, Dr. Chou will further extend this research with 3 proposed aims. Aim 1 will use segmented survival analysis in a large commercial claims database to examine whether employer-mandated HDHP enrollment negatively impacted AMI outcomes. Using the same database, aim 2 will utilize the natural randomization of patients to ED clinicians within each ED to determine whether HDHP "
NIH RePORTER,price transparency,"Impact of Health Deductible Health Plans on the Evaluation, Treatment, and Outcomes for Acute Coronary Syndrome","UNIVERSITY OF CALIFORNIA, SAN FRANCISCO",CA,"CHOU, SHIH-CHUAN ",K23,167471,2026,2023-08-09T00:00:00,2028-07-31T00:00:00,False,5K23HL164970-04,"PROJECT ABSTRACT This K23 award will enable the candidate, Shih-Chuan Chou, MD, MPH, SM, to become an independent physician-scientist focused on the effect of out-of-pocket costs on care utilization and outcomes of acute chest pain and cardiovascular care. Chest pain is one of the most common reasons for emergency department (ED) evaluation, with over 7 million visits annually. ED visits ensure the timely identification and treatment of acute myocardial infarction (AMI) or acute coronary syndrome (ACS). However, the financial implications of care have escalated over the past two decades with the growth of high deductible health plans (HDHP). By 2020, nearly 6 in 10 US employees with employer-sponsored insurance will have deductibles of ≥$1,000. While research has begun to explore HDHP’s effect on cancer screening and chronic disease management, little research has examined how it affects acute cardiovascular care. In a preliminary study, Dr. Chou found that HDHP enrollment reduced ED visits for non-specific chest pain but increased AMI after chest pain admission among the lower-income population. In this K23, Dr. Chou will further extend this research with 3 proposed aims. Aim 1 will use segmented survival analysis in a large commercial claims database to examine whether employer-mandated HDHP enrollment negatively impacted AMI outcomes. Using the same database, aim 2 will utilize the natural randomization of patients to ED clinicians within each ED to determine whether HDHP "
NIH RePORTER,price transparency,"Impact of Health Deductible Health Plans on the Evaluation, Treatment, and Outcomes for Acute Coronary Syndrome","UNIVERSITY OF CALIFORNIA, SAN FRANCISCO",CA,"CHOU, SHIH-CHUAN ",K23,167152,2025,2023-08-09T00:00:00,2028-07-31T00:00:00,False,5K23HL164970-03,"PROJECT ABSTRACT This K23 award will enable the candidate, Shih-Chuan Chou, MD, MPH, SM, to become an independent physician-scientist focused on the effect of out-of-pocket costs on care utilization and outcomes of acute chest pain and cardiovascular care. Chest pain is one of the most common reasons for emergency department (ED) evaluation, with over 7 million visits annually. ED visits ensure the timely identification and treatment of acute myocardial infarction (AMI) or acute coronary syndrome (ACS). However, the financial implications of care have escalated over the past two decades with the growth of high deductible health plans (HDHP). By 2020, nearly 6 in 10 US employees with employer-sponsored insurance will have deductibles of ≥$1,000. While research has begun to explore HDHP’s effect on cancer screening and chronic disease management, little research has examined how it affects acute cardiovascular care. In a preliminary study, Dr. Chou found that HDHP enrollment reduced ED visits for non-specific chest pain but increased AMI after chest pain admission among the lower-income population. In this K23, Dr. Chou will further extend this research with 3 proposed aims. Aim 1 will use segmented survival analysis in a large commercial claims database to examine whether employer-mandated HDHP enrollment negatively impacted AMI outcomes. Using the same database, aim 2 will utilize the natural randomization of patients to ED clinicians within each ED to determine whether HDHP "
NIH RePORTER,price transparency,Effects of Negotiated Price Transparency Regulations: Evidence from Hospital Prices,DUKE UNIVERSITY,NC,"BEHRER, CHRISTOPHER REMSEN",R36,42886,2023,2023-08-01T00:00:00,2025-12-31T00:00:00,False,1R36HS029269-01A1,"ABSTRACT Health care affordability is a major policy concern, a barrier to equitable access to care, and an important factor in patient health outcomes. Prices for health care services are an important determinant of affordability, and prices for privately insured individuals in the United States are negotiated between private health insurers and health care providers. Historically, a hospital-insurer negotiated price was not easily observed by actors outside of the negotiation. This lack of transparency created a barrier to fully-informed patient choice, policy responses, and academic study. In 2021, the Centers for Medicare and Medicaid Services (CMS) Price Transparency Rule required hospital systems to publicly post their negotiated prices with all insurers. The effects of this rule on prices, mechanisms of these effects, and the ensuing consequences have not yet been rigorously studied. The goal of this policy was to increase information and drive down spending. However, prior evidence and economic theory suggest that the effects are not clear. In concentrated markets with prices set by negotiation, increased price transparency may facilitate collusion or lead to price increases in other ways. Further, insurers sell insurance contracts to employers based on the network of hospitals with which the insurer has negotiated prices. This employer-insurer relationship can be modelled as a principal-agent relationship in which insurers exert effort to negotiate prices and the ben"
NIH RePORTER,claims data infrastructure,Usage of Novel Linked Databases to Improve the Perioperative Management of Patients With Alzheimers Disease and Related Dementias,STANFORD UNIVERSITY,CA,"SUN, ERIC ",RF1,2356117,2024,2024-09-17T00:00:00,2027-08-31T00:00:00,False,1RF1AG085589-01A1,"PROJECT SUMMARY AND ABSTRACT Many patients with Alzheimer’s Disease and Related Dementias (ADRD) undergo surgery. Indeed, patients with ADRD patients account for 25% of patients undergoing hip fracture surgery and 10% of patients undergoing high risk surgery. However, the extent to which these patients are at higher risk for adverse postoperative outcomes remains unknown, with existing studies finding conflicting results. Moreover, while many aspects of the management of these patients, such as the use of certain anesthetic agents and gases, have been hypothesized to improve or worsen postoperative outcomes, the evidence base in support of these hypotheses is weak. Our long-term goal is to advance the health of surgical patients with ADRD by developing individualized models of risk assessment as well as evidence-based guidelines aimed at reducing this risk. Towards this end, the overall objective of this study is to (a) identify the extent to which surgical patients with ADRD are at increased risk for adverse postoperative outcomes and (b) estimate the association between various perioperative interventions (e.g., use of anesthetic gases, choice of discharge location) and the incidence of adverse postoperative outcomes. Specifically, this study will test the central hypothesis that surgical patients with ADRD are at increased risk for adverse postoperative outcomes but that appropriate perioperative interventions can reduce this risk. To assess this hypothesis, this study wil"
NIH RePORTER,claims data infrastructure,Illinois Precision Medicine Consortium ,NORTHWESTERN UNIVERSITY,IL,"GREENLAND, PHILIP ",OT2,1600000,2023,2018-06-01T00:00:00,2023-08-31T00:00:00,False,3OT2OD026557-01S6,"1.1 Overview Precision medicine seeks to capitalize on growing capabilities in the areas of genomics, clinical phenotyping, clinical informatics, electronic health record (EHR) availability and interoperability, and mobile health technologies to improve understanding of human health and disease. Improved understanding of the complex interplay of genetic and environmental exposures, beyond those previously available in long-term observational epidemiological research, holds the promise of better prediction, prevention, and treatment of a host of human diseases including coronary heart disease, stroke, numerous cancers, dementing illnesses, arthritis, and other major causes of disability and early death. Internationally, efforts to address the opportunities of precision medicine have led to the assembly of large cohorts in the UK (UK Biobank), the China Kadoorie Biobank, and in a selected sub-population in the US (the Million Veteran Project - MVP). In January 2015, President Obama announced a plan for the Precision Medicine Initiative (PMI) to address this significant scientific opportunity. This is a unified multi-PI application (Drs. Greenland, Ahsan, Daviglus and Winn) from the Illinois Precision Medicine Consortium (IPMC) representing 3 major Chicago-area academic institutions (Northwestern University, University of Chicago, and the University of Illinois at Chicago) and their healthcare provider organization (HPO) partners, in response to OT-PM-18-001, Limited Competition"
NIH RePORTER,claims data infrastructure,DP22-002 HEALTH: Harnessing Epidemiology to Advance Lupus Treatment and Health,NEW YORK UNIVERSITY SCHOOL OF MEDICINE,NY,"IZMIRLY, PETER ",U01,950000,2024,2022-09-30T00:00:00,2027-09-29T00:00:00,False,5U01DP006700-03,"ABSTRACT Lupus remains a leading cause of death in young women, with racial/ethnic minority patients having worse long-term outcomes, including progression to end stage renal disease and overall mortality, and poorer intermediate outcomes of disease activity and damage accrual. Further, manifestations of lupus affect physical function, fatigue, pain, and other patient-reported outcomes, potentially leading to challenges with maintaining everyday activities and function, which are linked to better quality of life, productivity, and survival. Finally, a major challenge in SLE management is delayed identification of early kidney disease, which ultimately leads to a greater burden on both patients and the health system. In response to the CDC NOFO RFA-DP-22-002, Component A, “Epidemiology of Lupus: Longitudinal Studies in Population-Based Cohorts,” this proposal leverages our well-established, longitudinal, ethnically/racially and socioeconomically diverse, and phenotypically well-characterized cohort of patients with lupus. This proposal’s overarching goals include clarifying the long-term natural history of SLE by evaluating disease severity, morbidity, and multi-morbidity; assessing disparities in illness experience associated with race/ethnicity, age, and socioeconomic status; collecting novel biospecimens to potentially differentiate roots of pain/fatigue syndromes; and evaluating a novel strategy to identify early kidney disease in high-risk patients. The NYU Lupus Cohort i"
NIH RePORTER,claims data infrastructure,DP22-002 HEALTH: Harnessing Epidemiology to Advance Lupus Treatment and Health,NEW YORK UNIVERSITY SCHOOL OF MEDICINE,NY,"IZMIRLY, PETER ",U01,899999,2025,2022-09-30T00:00:00,2027-09-29T00:00:00,False,5U01DP006700-04,"ABSTRACT Lupus remains a leading cause of death in young women, with racial/ethnic minority patients having worse long-term outcomes, including progression to end stage renal disease and overall mortality, and poorer intermediate outcomes of disease activity and damage accrual. Further, manifestations of lupus affect physical function, fatigue, pain, and other patient-reported outcomes, potentially leading to challenges with maintaining everyday activities and function, which are linked to better quality of life, productivity, and survival. Finally, a major challenge in SLE management is delayed identification of early kidney disease, which ultimately leads to a greater burden on both patients and the health system. In response to the CDC NOFO RFA-DP-22-002, Component A, “Epidemiology of Lupus: Longitudinal Studies in Population-Based Cohorts,” this proposal leverages our well-established, longitudinal, ethnically/racially and socioeconomically diverse, and phenotypically well-characterized cohort of patients with lupus. This proposal’s overarching goals include clarifying the long-term natural history of SLE by evaluating disease severity, morbidity, and multi-morbidity; assessing disparities in illness experience associated with race/ethnicity, age, and socioeconomic status; collecting novel biospecimens to potentially differentiate roots of pain/fatigue syndromes; and evaluating a novel strategy to identify early kidney disease in high-risk patients. The NYU Lupus Cohort i"
NIH RePORTER,claims data infrastructure,HEALTH: Harnessing Epidemiology to Advance Lupus Treatment and Health,NEW YORK UNIVERSITY SCHOOL OF MEDICINE,NY,"IZMIRLY, PETER ",U01,899999,2023,2022-09-30T00:00:00,2027-09-29T00:00:00,False,5U01DP006700-02,"ABSTRACT Lupus remains a leading cause of death in young women, with racial/ethnic minority patients having worse long-term outcomes, including progression to end stage renal disease and overall mortality, and poorer intermediate outcomes of disease activity and damage accrual. Further, manifestations of lupus affect physical function, fatigue, pain, and other patient-reported outcomes, potentially leading to challenges with maintaining everyday activities and function, which are linked to better quality of life, productivity, and survival. Finally, a major challenge in SLE management is delayed identification of early kidney disease, which ultimately leads to a greater burden on both patients and the health system. In response to the CDC NOFO RFA-DP-22-002, Component A, “Epidemiology of Lupus: Longitudinal Studies in Population-Based Cohorts,” this proposal leverages our well-established, longitudinal, ethnically/racially and socioeconomically diverse, and phenotypically well-characterized cohort of patients with lupus. This proposal’s overarching goals include clarifying the long-term natural history of SLE by evaluating disease severity, morbidity, and multi-morbidity; assessing disparities in illness experience associated with race/ethnicity, age, and socioeconomic status; collecting novel biospecimens to potentially differentiate roots of pain/fatigue syndromes; and evaluating a novel strategy to identify early kidney disease in high-risk patients. The NYU Lupus Cohort i"
NIH RePORTER,claims data infrastructure,Evaluating the Impact of Non-COPD Medications on COPD Management,BRIGHAM AND WOMEN'S HOSPITAL,MA,"BYKOV, KATSIARYNA ",R01,794681,2024,2024-09-17T00:00:00,2029-06-30T00:00:00,False,1R01HL174838-01,"Chronic obstructive pulmonary disease (COPD) is a leading cause of morbidity and mortality worldwide. While numerous scientific advances have been made to improve the care of patients with COPD, current therapeutic options remain limited. The growing availability of electronic health data and new computational tools have brought an unprecedented opportunity to accelerate the discovery of new therapeutic options for COPD via the analysis of existing health care data. We hypothesize that observational health data can be utilized to identify drug repurposing opportunities for COPD in a valid and expeditious way. The overarching goal of this proposal is to develop a population-based analytics and data infrastructure that will allow robust and valid evaluation of non-COPD drugs and COPD outcomes in patients with COPD, leveraging existing claims data sources and state-of-the-art methods for causal inference. The claims data will cover U.S. commercially insured individuals and Medicare beneficiaries. Electronic health records (EHR) and longitudinal data from COPDGene, a cohort of almost 5,000 smokers with longitudinal collection of extensive clinical and patient-reported data over 10-year period, will be linked to claims and used to develop, validate, or further refine key definitions for claims-based analyses, including endpoints, COPD severity markers, and COPD subtypes. The infrastructure will be developed using statins and diabetes medications, and further refined via emulation "
NIH RePORTER,claims data infrastructure,Novel approaches to improve comparative effectiveness research of medical and surgical weight reduction strategies in clinical practice,BRIGHAM AND WOMEN'S HOSPITAL,MA,"PATORNO, ELISABETTA ",R01,792374,2024,2024-03-15T00:00:00,2029-02-28T00:00:00,False,1R01DK138036-01,"The obesity epidemic will affect 1 in 2 adults in the US by 2030. While several medical and surgical weight reduction strategies are available, with newer, transformative medications recently approved, little is known about their safety and effectiveness in clinical practice. Real-world evidence (RWE) studies based on routinely generated health insurance claims from millions of patients have the size and the breadth of data capture needed to provide critical information on the safety and effectiveness of weight loss strategies in clinical practice, complementing evidence from RCTs. In this setting, however, the adiposity measure that guides weight loss treatment, i.e., body mass index (BMI), although captured with high specificity, is often missing. Yet, BMI information is necessary to accurately identify study populations, adjust for confounding, and assess effect modification on a large scale in claims data. Similarly, confounding and other biases may be present in RWE studies. Thus, identifying methodological approaches that increase the validity of RWE studies comparing weight loss strategies is critical to generate unbiased findings that can validly address questions not answered or answerable by RCTs. Our overarching goal is to develop, implement, and test approaches to produce large scale, high-quality RWE on the comparative safety and effectiveness of medical and surgical weight loss strategies to complement RCTs. To achieve this goal, we will leverage (1) the Nurses’"
NIH RePORTER,claims data infrastructure,Evaluating the Impact of Non-COPD Medications on COPD Management,BRIGHAM AND WOMEN'S HOSPITAL,MA,"BYKOV, KATSIARYNA ",R01,779839,2025,2024-09-17T00:00:00,2029-06-30T00:00:00,False,5R01HL174838-02,"Chronic obstructive pulmonary disease (COPD) is a leading cause of morbidity and mortality worldwide. While numerous scientific advances have been made to improve the care of patients with COPD, current therapeutic options remain limited. The growing availability of electronic health data and new computational tools have brought an unprecedented opportunity to accelerate the discovery of new therapeutic options for COPD via the analysis of existing health care data. We hypothesize that observational health data can be utilized to identify drug repurposing opportunities for COPD in a valid and expeditious way. The overarching goal of this proposal is to develop a population-based analytics and data infrastructure that will allow robust and valid evaluation of non-COPD drugs and COPD outcomes in patients with COPD, leveraging existing claims data sources and state-of-the-art methods for causal inference. The claims data will cover U.S. commercially insured individuals and Medicare beneficiaries. Electronic health records (EHR) and longitudinal data from COPDGene, a cohort of almost 5,000 smokers with longitudinal collection of extensive clinical and patient-reported data over 10-year period, will be linked to claims and used to develop, validate, or further refine key definitions for claims-based analyses, including endpoints, COPD severity markers, and COPD subtypes. The infrastructure will be developed using statins and diabetes medications, and further refined via emulation "
NIH RePORTER,claims data infrastructure,Novel approaches to improve comparative effectiveness research of medical and surgical weight reduction strategies in clinical practice,BRIGHAM AND WOMEN'S HOSPITAL,MA,"PATORNO, ELISABETTA ",R01,772572,2025,2024-03-15T00:00:00,2029-02-28T00:00:00,False,5R01DK138036-02,"The obesity epidemic will affect 1 in 2 adults in the US by 2030. While several medical and surgical weight reduction strategies are available, with newer, transformative medications recently approved, little is known about their safety and effectiveness in clinical practice. Real-world evidence (RWE) studies based on routinely generated health insurance claims from millions of patients have the size and the breadth of data capture needed to provide critical information on the safety and effectiveness of weight loss strategies in clinical practice, complementing evidence from RCTs. In this setting, however, the adiposity measure that guides weight loss treatment, i.e., body mass index (BMI), although captured with high specificity, is often missing. Yet, BMI information is necessary to accurately identify study populations, adjust for confounding, and assess effect modification on a large scale in claims data. Similarly, confounding and other biases may be present in RWE studies. Thus, identifying methodological approaches that increase the validity of RWE studies comparing weight loss strategies is critical to generate unbiased findings that can validly address questions not answered or answerable by RCTs. Our overarching goal is to develop, implement, and test approaches to produce large scale, high-quality RWE on the comparative safety and effectiveness of medical and surgical weight loss strategies to complement RCTs. To achieve this goal, we will leverage (1) the Nurses’"
NIH RePORTER,claims data infrastructure,The effect of antihypertensive and statin therapy on dementia incidence: a novel analytical approach in large electronic health record datasets with long follow-up times and minimal loss to follow-up,STANFORD UNIVERSITY,CA,"GELDSETZER, PASCAL ",R01,768364,2024,2023-12-01T00:00:00,2028-11-30T00:00:00,False,1R01AG084535-01,"Antihypertensive and statin therapy represent imminently scalable interventions for preventing Alzheimer’s disease and related dementias (ADRD). Evidence from randomized trials for the effect of these medications on preventing ADRD provided mixed results and has often been limited by short follow-up times, low statistical power, and a lack of representativeness for the broader population and routine care. Using large-scale electronic health record (EHR) data from three integrated health systems in the US as well as nation-wide data from the UK and Denmark, this project will employ an innovative and well-validated method for causal effect estimation to fill this evidence gap. Specifically, we will exploit thresholds in blood pressure, LDL, and cardiovascular disease risk in clinical guidelines. Patients close to these thresholds are similar to each other except that crossing a given threshold results in a sudden jump in the probability of receiving the medication. Importantly, the validity of this approach can be fully verified in the data, including by comparing patients’ characteristics just above versus just below each threshold. Our datasets have follow-up times between 17 and 35 years, include detailed pharmacy records, and have minimal loss to follow-up due to complete linkage of all US datasets to Medicare claims data and the single-provider nature of the UK and Danish health system. Generated as part of an NIH New Innovator Award to the PI, our extensive preliminary an"
NIH RePORTER,claims data infrastructure,Novel approaches to improve comparative effectiveness research of medical and surgical weight reduction strategies in clinical practice,BRIGHAM AND WOMEN'S HOSPITAL,MA,"PATORNO, ELISABETTA ",R01,767671,2026,2024-03-15T00:00:00,2029-02-28T00:00:00,False,5R01DK138036-03,"The obesity epidemic will affect 1 in 2 adults in the US by 2030. While several medical and surgical weight reduction strategies are available, with newer, transformative medications recently approved, little is known about their safety and effectiveness in clinical practice. Real-world evidence (RWE) studies based on routinely generated health insurance claims from millions of patients have the size and the breadth of data capture needed to provide critical information on the safety and effectiveness of weight loss strategies in clinical practice, complementing evidence from RCTs. In this setting, however, the adiposity measure that guides weight loss treatment, i.e., body mass index (BMI), although captured with high specificity, is often missing. Yet, BMI information is necessary to accurately identify study populations, adjust for confounding, and assess effect modification on a large scale in claims data. Similarly, confounding and other biases may be present in RWE studies. Thus, identifying methodological approaches that increase the validity of RWE studies comparing weight loss strategies is critical to generate unbiased findings that can validly address questions not answered or answerable by RCTs. Our overarching goal is to develop, implement, and test approaches to produce large scale, high-quality RWE on the comparative safety and effectiveness of medical and surgical weight loss strategies to complement RCTs. To achieve this goal, we will leverage (1) the Nurses’"
NIH RePORTER,claims data infrastructure,Evaluating the Impact of Non-COPD Medications on COPD Management,BRIGHAM AND WOMEN'S HOSPITAL,MA,"BYKOV, KATSIARYNA ",R01,762313,2026,2024-09-17T00:00:00,2029-06-30T00:00:00,False,5R01HL174838-03,"Chronic obstructive pulmonary disease (COPD) is a leading cause of morbidity and mortality worldwide. While numerous scientific advances have been made to improve the care of patients with COPD, current therapeutic options remain limited. The growing availability of electronic health data and new computational tools have brought an unprecedented opportunity to accelerate the discovery of new therapeutic options for COPD via the analysis of existing health care data. We hypothesize that observational health data can be utilized to identify drug repurposing opportunities for COPD in a valid and expeditious way. The overarching goal of this proposal is to develop a population-based analytics and data infrastructure that will allow robust and valid evaluation of non-COPD drugs and COPD outcomes in patients with COPD, leveraging existing claims data sources and state-of-the-art methods for causal inference. The claims data will cover U.S. commercially insured individuals and Medicare beneficiaries. Electronic health records (EHR) and longitudinal data from COPDGene, a cohort of almost 5,000 smokers with longitudinal collection of extensive clinical and patient-reported data over 10-year period, will be linked to claims and used to develop, validate, or further refine key definitions for claims-based analyses, including endpoints, COPD severity markers, and COPD subtypes. The infrastructure will be developed using statins and diabetes medications, and further refined via emulation "
NIH RePORTER,claims data infrastructure,The effect of antihypertensive and statin therapy on dementia incidence: a novel analytical approach in large electronic health record datasets with long follow-up times and minimal loss to follow-up,STANFORD UNIVERSITY,CA,"GELDSETZER, PASCAL ",R01,736818,2026,2023-12-01T00:00:00,2028-11-30T00:00:00,False,5R01AG084535-03,"Antihypertensive and statin therapy represent imminently scalable interventions for preventing Alzheimer’s disease and related dementias (ADRD). Evidence from randomized trials for the effect of these medications on preventing ADRD provided mixed results and has often been limited by short follow-up times, low statistical power, and a lack of representativeness for the broader population and routine care. Using large-scale electronic health record (EHR) data from three integrated health systems in the US as well as nation-wide data from the UK and Denmark, this project will employ an innovative and well-validated method for causal effect estimation to fill this evidence gap. Specifically, we will exploit thresholds in blood pressure, LDL, and cardiovascular disease risk in clinical guidelines. Patients close to these thresholds are similar to each other except that crossing a given threshold results in a sudden jump in the probability of receiving the medication. Importantly, the validity of this approach can be fully verified in the data, including by comparing patients’ characteristics just above versus just below each threshold. Our datasets have follow-up times between 17 and 35 years, include detailed pharmacy records, and have minimal loss to follow-up due to complete linkage of all US datasets to Medicare claims data and the single-provider nature of the UK and Danish health system. Generated as part of an NIH New Innovator Award to the PI, our extensive preliminary an"
NIH RePORTER,claims data infrastructure,The effect of antihypertensive and statin therapy on dementia incidence: a novel analytical approach in large electronic health record datasets with long follow-up times and minimal loss to follow-up,STANFORD UNIVERSITY,CA,"GELDSETZER, PASCAL ",R01,735952,2025,2023-12-01T00:00:00,2028-11-30T00:00:00,False,5R01AG084535-02,"Antihypertensive and statin therapy represent imminently scalable interventions for preventing Alzheimer’s disease and related dementias (ADRD). Evidence from randomized trials for the effect of these medications on preventing ADRD provided mixed results and has often been limited by short follow-up times, low statistical power, and a lack of representativeness for the broader population and routine care. Using large-scale electronic health record (EHR) data from three integrated health systems in the US as well as nation-wide data from the UK and Denmark, this project will employ an innovative and well-validated method for causal effect estimation to fill this evidence gap. Specifically, we will exploit thresholds in blood pressure, LDL, and cardiovascular disease risk in clinical guidelines. Patients close to these thresholds are similar to each other except that crossing a given threshold results in a sudden jump in the probability of receiving the medication. Importantly, the validity of this approach can be fully verified in the data, including by comparing patients’ characteristics just above versus just below each threshold. Our datasets have follow-up times between 17 and 35 years, include detailed pharmacy records, and have minimal loss to follow-up due to complete linkage of all US datasets to Medicare claims data and the single-provider nature of the UK and Danish health system. Generated as part of an NIH New Innovator Award to the PI, our extensive preliminary an"
NIH RePORTER,claims data infrastructure,Universal HCV screening in pregnancy: Examining testing uptake and HCV care,WEILL MEDICAL COLL OF CORNELL UNIV,NY,"KAPADIA, SHASHI ",R01,731960,2025,2024-09-30T00:00:00,2029-07-31T00:00:00,False,5R01DA060499-02,"PROJECT ABSTRACT: Hepatitis C virus (HCV) during pregnancy predominantly affects people who inject drugs. The rates of perinatal HCV and maternal to child transmission are rising in concert with the current injection drug use crisis. Testing for HCV in the perinatal period has been inadequate, as has testing of infants born to mothers infected with HCV. To improve testing rates, several professional societies released guidance recommend universal HCV testing with each pregnancy in spring of 2020. However, screening recommendations are not universally followed, and may not be applied equitably across populations. Additionally, we do not know whether an increase in testing ultimately leads to the desired downstream outcomes of linkage to care, treatment, and identification of infants at risk for perinatal transmission. In this proposal, we will use national Medicaid and commercial claims data to examine HCV testing and treatment among pregnant and postpartum women and their infants. Specifically, we will 1) determine whether the testing guideline change was associated with increased HCV testing rates among pregnant women compared to non-pregnant reproductive age women; 2) determine whether the guideline change was associated with increased postpartum HCV linkage to care and treatment as well as other aspects of maternal care, and 3) determine whether the guidelines were associated with increases in appropriate HCV testing and diagnoses for infants born to HCV-infected mothers i"
NIH RePORTER,claims data infrastructure,Universal HCV screening in pregnancy: Examining testing uptake and HCV care,WEILL MEDICAL COLL OF CORNELL UNIV,NY,"KAPADIA, SHASHI ",R01,707647,2024,2024-09-30T00:00:00,2029-07-31T00:00:00,False,1R01DA060499-01A1,"PROJECT ABSTRACT: Hepatitis C virus (HCV) during pregnancy predominantly affects people who inject drugs. The rates of perinatal HCV and maternal to child transmission are rising in concert with the current injection drug use crisis. Testing for HCV in the perinatal period has been inadequate, as has testing of infants born to mothers infected with HCV. To improve testing rates, several professional societies released guidance recommend universal HCV testing with each pregnancy in spring of 2020. However, screening recommendations are not universally followed, and may not be applied equitably across populations. Additionally, we do not know whether an increase in testing ultimately leads to the desired downstream outcomes of linkage to care, treatment, and identification of infants at risk for perinatal transmission. In this proposal, we will use national Medicaid and commercial claims data to examine HCV testing and treatment among pregnant and postpartum women and their infants. Specifically, we will 1) determine whether the testing guideline change was associated with increased HCV testing rates among pregnant women compared to non-pregnant reproductive age women; 2) determine whether the guideline change was associated with increased postpartum HCV linkage to care and treatment as well as other aspects of maternal care, and 3) determine whether the guidelines were associated with increases in appropriate HCV testing and diagnoses for infants born to HCV-infected mothers i"
NIH RePORTER,claims data infrastructure,Research Infrastructure to Provide Insight on Healthcare Utilization of Older Adults Exposed to Elder Mistreatment and Self-Neglect,WEILL MEDICAL COLL OF CORNELL UNIV,NY,"ROSEN, ANTHONY ",R61,698599,2026,2026-09-01T00:00:00,2028-08-31T00:00:00,False,1R61AG104480-01,"PROJECT SUMMARY As many as 5 million US older adults (nearly 10% of those aged ≥60) experience elder mistreatment (EM) and as many as 15 million (nearly 30%) experience self-neglect (SN) each year. Both are associated with adverse health outcomes including dramatically increased mortality, highlighting their urgent public health importance. Improving understanding of healthcare utilization among older adults experiencing EM and SN has the potential to improve prevention, detection, and intervention. Limited information exists about this relationship because no research datasets link large numbers of EM and SN records with relevant healthcare claims and administrative assessments. Adult protective services (APS) is the primary agency in US states that investigates and intervenes in cases of EM and SN. US state APS agencies receive 1.3 million+ reports annually and, after investigating, identify 270,000+ adults experiencing EM and/or SN. Using APS data for research and linking it to claims from Centers for Medicare and Medicaid Services (CMS) has the potential to: provide a comprehensive picture of healthcare utilization before and after APS initial involvement, enable rigorous health and healthcare research and intervention testing, and attract new researchers to this critical topic. We propose to create “ACLink,” a privacy-preserving, real-world linked dataset connecting APS records with CMS claims data that will be accessible to qualified researchers under appropriate govern"
NIH RePORTER,claims data infrastructure,Core B - CMS Data Core,NATIONAL BUREAU OF ECONOMIC RESEARCH,MA,"DOYLE, JOSEPH J",P01,675969,2024,1997-02-01T00:00:00,2029-08-31T00:00:00,False,2P01AG005842-35A1,"OTHER PROJECT INFORMATION – Project Summary/Abstract Core B: CMS Data Core The CMS Data Core acquires, manages, enhances, and makes available for researcher use a rich collection of claims data from the Centers for Medicare and Medicaid Services (CMS). The NBER’s existing CMS database consists of Medicare claims for all beneficiaries covered by traditional fee-for-service Medicare over the last 35 years. Incremental goals of this continuation are to add Medicare Advantage (MA) and Medicaid records, and to enhance the data to better support studies of Alzheimer’s Disease and Related Dementias (ADRD), and racial and ethnic disparities in health and healthcare. Working with Core C, we will incorporate in our CMS databases state-of-the-art measures of ADRD symptoms and diagnosis, stages of dementia, and cognitive impairment; state-of-the-art identifiers for patient and to some extent provider race and ethnicity; and likely spousal identification as potential caregivers. There are substantial interactions between Cores B and C, as the methodological implementation of existing algorithms and advances in ADRD and race/ethnicity measurement developed under Core C will be incorporated in our CMS database infrastructure under Core B. To accomplish these aims, we will draw on our extensive experience working with the underlying claims records, newly informed by additional Program Project collaborators with relevant expertise in ADRD patient care, ADRD and dementia- related measurement, "
NIH RePORTER,claims data infrastructure,A Randomized Controlled Trial to Improve Health Insurance Literacy and Surveillance among Young Adult Cancer Survivors,UTAH STATE HIGHER EDUCATION SYSTEM--UNIVERSITY OF UTAH,UT,"KIRCHHOFF, ANNE C",R01,672704,2023,2023-06-14T00:00:00,2028-05-31T00:00:00,False,1R01CA276825-01A1,"ABSTRACT The first year after cancer treatment ends is a critical time to establish survivorship care for young adult (YA) cancer survivors ages 26 to 39. Receipt of evidence-based survivorship care, including surveillance for cancer recurrence based on national guidelines, remain low among YA survivors. At the same time, YAs ages 26 to 39 have the highest rate of both uninsurance and underinsurance among US adults. Our team’s prior work demonstrated that YA cancer survivors report low understanding of their health insurance and the services it covers, which affects their ability to navigate care. Together, these issues can lead to significant access to care barriers and severe medical cost consequences for this population. This proposal addresses the urgent need to improve YA cancer survivors’ health insurance literacy and decrease financial toxicity, thus improving their ability to receive recommended survivorship care. Guided by Andersen and Aday’s Behavioral Model of Health Services Use, we developed and pilot-tested a 4-session virtual patient navigation intervention for YA cancer survivors that was adapted from a pilot program for childhood cancer survivors. Initial results support feasibility, acceptability, and preliminary efficacy of both of these pilot trials with YA survivors ages 26 to 39. We now propose a randomized controlled trial to test the efficacy of this program (“CHAT-S”) to improve health insurance literacy, financial toxicity due to medical costs, and p"
NIH RePORTER,claims data infrastructure,Medicare Advantage and the Financial Toxicity of Alzheimer's Disease and Related Dementias,UNIVERSITY OF COLORADO DENVER,CO,"NICHOLAS, LAUREN HERSCH",R01,669195,2026,2026-09-01T00:00:00,2031-05-31T00:00:00,False,1R01AG091586-01A1,"PROJECT SUMMARY Alzheimer’s Disease and Related Dementias (ADRD) impose unique financial burdens on patients and their families due to patients’ difficulties managing money and extensive health and social care needs over a prolonged duration. An estimated 12 million older Americans will have ADRD by 2050. The lack of treatments to prevent or reverse ADRD combined with brain changes that make patients susceptible to fraud and poor financial decision-making highlights the need to prevent monetary losses. Catastrophic financial losses like bankruptcy and foreclosure not only pose significant economic challenges but are independent risk factors for poor health outcomes. In work focused on Traditional Medicare (TM), we showed that impaired financial behavior begins almost a decade prior to clinical recognition of ADRD. However, Medicare Advantage (MA), the managed care alternative to TM has recently emerged as the dominant source of Medicare coverage. MA includes features that may help enrollees manage ADRD, such as greater flexibility to pay for home-based and social care services. Yet, MA networks can be difficult to navigate with cognitive impairment and there are growing concerns about benefit design choices leaving patients with greater expenses and exacerbating the financial challenges of ADRD. In addition, MA enrollees may have lower levels of financial literacy, which could further impact their financial presentation. Given that MA now enrolls more than 50% of the Medicare"
NIH RePORTER,claims data infrastructure,New approaches to safety monitoring of novel systemic treatments for atopic dermatitis in clinical practice and underrepresented populations,BRIGHAM AND WOMEN'S HOSPITAL,MA,"SCHNEEWEISS, SEBASTIAN G.",R01,656232,2023,2022-02-01T00:00:00,2026-12-31T00:00:00,False,5R01AR080194-02,"Summary: Severe treatment recalcitrant atopic dermatitis (AD) is a debilitating condition with substantial population impact. Dermatology has experienced the emergence of targeted immuno-modulating drugs (IMDs) that have unprecedented efficacy in treating AD. Their optimal use is still unknown because their safety remains insufficiently characterized. A range of serious side effects are conceivable based on the immunologic pathways although it is unlikely that they will all play out in clinical practice. Quantifying or refuting these adverse effects is critical for a clinical benefit-risk assessment and personalized treatment decisions. Existing trials have not answered these questions and are unlikely to address them in the near future. The resulting uncertainty has led to both overly restrictive but also aggressive prescribing of highly efficacious IMDs and this proposal aims to close this glaring knowledge gap. We propose a population-based prospective drug safety monitoring system leveraging existing data sources that shortens the time to insights and provides high validity findings through advanced causal inference methods. Analyses of longitudinal healthcare databases cover a source population of >78 million Americans and include commercially insured and Medicaid beneficiaries. New and urgently needed safety insights will reflect clinical practice, including populations typically excluded from RCTs, like children, women in reproductive age, patients with complex disease"
NIH RePORTER,claims data infrastructure,Access to and effectiveness of community-based rehabilitation after stroke,UNIVERSITY OF PITTSBURGH AT PITTSBURGH,PA,"FREBURGER, JANET KUES",R01,653657,2023,2021-07-08T00:00:00,2026-06-30T00:00:00,False,5R01HD101493-03,"PROJECT SUMMARY/ABSTRACT The Comprehensive Post-Acute Stroke Services (COMPASS) Study, implemented across the stroke belt of North Carolina (NC), is a pragmatic trial of comprehensive transitional care for stroke. Forty hospitals were randomized to deliver the transitional care model (COMPASS-TC) or usual care. COMPASS-TC supports education, secondary prevention, rehabilitation and recovery following stroke. A key component of the model is the Movement Matters Activity Program. It is an evidence-based rehabilitation program to maximize survivor health, recovery, and function in the home and community. The COMPASS Study and its Vanguard site have collected data on over 11,000 NC patients hospitalized for stroke or transient ischemic attack (TIA) and discharged home. Baseline data provide rich information to control patient and clinical characteristics that may influence rehabilitation use (i.e., PT/OT visits) and patient outcomes. Two-day call and clinic visit data include information on social, behavioral, and functional determinants of health, in addition to clinical information. Ninety-day outcomes include several important patient-reported measures including the Stroke Impact Scale-16. Linkage of COMPASS data to NC administrative claims data provide valid information on rehabilitation use in the COMPASS sample. Together, the COMPASS Study and administrative claims data constitute a unique and robust data set on a large and diverse sample. Analyses of these data provide "
NIH RePORTER,claims data infrastructure,Identifying Cancer Recurrence with Novel Data Linkages with a Cancer Registry,UTAH STATE HIGHER EDUCATION SYSTEM--UNIVERSITY OF UTAH,UT,"DOHERTY, JENNIFER ANNE",R01,648152,2025,2022-08-01T00:00:00,2027-07-31T00:00:00,False,5R01CA260891-04,"ABSTRACT For the estimated 17 million cancer survivors in the US today, fear of recurrence is a substantial source of stress and an issue that drives survivorship care. Understanding the scope of recurrence among cancer survivors can inform clinical practice, improve patient health, and allow for real-world assessment of treatment effectiveness. Population-level data on cancer recurrence are difficult to capture, and require evaluation of multiple data sources to accurately identify cancer recurrences. The Utah Cancer Registry (UCR), a SEER registry since 1973, is strongly positioned to identify recurrences in a population-based setting. The registry data are linked to the Utah Population Database (UPDB), which includes electronic medical records (EMR), statewide healthcare facility data (SHFD; inpatient, ambulatory surgery and emergency department), and claims data (All Payer Claims Database (APCD), Medicare). We propose to assess the utility of using data sources common across all state cancer registries and to investigate the added value of novel data linkages available at the Utah Cancer Registry. We also propose to extend and validate a recently-developed algorithm to identify individual level breast cancer recurrence to identify recurrence for other cancer types to estimate the population-level burden of recurrence. Our specific aims are as follows: 1) Determine the predictive performance to identify recurrence using data currently available to cancer registries for bre"
NIH RePORTER,claims data infrastructure,Identifying Cancer Recurrence with Novel Data Linkages with a Cancer Registry,UTAH STATE HIGHER EDUCATION SYSTEM--UNIVERSITY OF UTAH,UT,"DOHERTY, JENNIFER ANNE",R01,648152,2026,2022-08-01T00:00:00,2027-07-31T00:00:00,False,5R01CA260891-05,"ABSTRACT For the estimated 17 million cancer survivors in the US today, fear of recurrence is a substantial source of stress and an issue that drives survivorship care. Understanding the scope of recurrence among cancer survivors can inform clinical practice, improve patient health, and allow for real-world assessment of treatment effectiveness. Population-level data on cancer recurrence are difficult to capture, and require evaluation of multiple data sources to accurately identify cancer recurrences. The Utah Cancer Registry (UCR), a SEER registry since 1973, is strongly positioned to identify recurrences in a population-based setting. The registry data are linked to the Utah Population Database (UPDB), which includes electronic medical records (EMR), statewide healthcare facility data (SHFD; inpatient, ambulatory surgery and emergency department), and claims data (All Payer Claims Database (APCD), Medicare). We propose to assess the utility of using data sources common across all state cancer registries and to investigate the added value of novel data linkages available at the Utah Cancer Registry. We also propose to extend and validate a recently-developed algorithm to identify individual level breast cancer recurrence to identify recurrence for other cancer types to estimate the population-level burden of recurrence. Our specific aims are as follows: 1) Determine the predictive performance to identify recurrence using data currently available to cancer registries for bre"
NIH RePORTER,claims data infrastructure,A Randomized Controlled Trial to Improve Health Insurance Literacy and Surveillance among Young Adult Cancer Survivors,UTAH STATE HIGHER EDUCATION SYSTEM--UNIVERSITY OF UTAH,UT,"KIRCHHOFF, ANNE C",R01,646275,2026,2023-06-14T00:00:00,2028-05-31T00:00:00,False,5R01CA276825-04,"ABSTRACT The first year after cancer treatment ends is a critical time to establish survivorship care for young adult (YA) cancer survivors ages 26 to 39. Receipt of evidence-based survivorship care, including surveillance for cancer recurrence based on national guidelines, remain low among YA survivors. At the same time, YAs ages 26 to 39 have the highest rate of both uninsurance and underinsurance among US adults. Our team’s prior work demonstrated that YA cancer survivors report low understanding of their health insurance and the services it covers, which affects their ability to navigate care. Together, these issues can lead to significant access to care barriers and severe medical cost consequences for this population. This proposal addresses the urgent need to improve YA cancer survivors’ health insurance literacy and decrease financial toxicity, thus improving their ability to receive recommended survivorship care. Guided by Andersen and Aday’s Behavioral Model of Health Services Use, we developed and pilot-tested a 4-session virtual patient navigation intervention for YA cancer survivors that was adapted from a pilot program for childhood cancer survivors. Initial results support feasibility, acceptability, and preliminary efficacy of both of these pilot trials with YA survivors ages 26 to 39. We now propose a randomized controlled trial to test the efficacy of this program (“CHAT-S”) to improve health insurance literacy, financial toxicity due to medical costs, and p"
NIH RePORTER,claims data infrastructure,A Randomized Controlled Trial to Improve Health Insurance Literacy and Surveillance among Young Adult Cancer Survivors,UTAH STATE HIGHER EDUCATION SYSTEM--UNIVERSITY OF UTAH,UT,"KIRCHHOFF, ANNE C",R01,645259,2025,2023-06-14T00:00:00,2028-05-31T00:00:00,False,5R01CA276825-03,"ABSTRACT The first year after cancer treatment ends is a critical time to establish survivorship care for young adult (YA) cancer survivors ages 26 to 39. Receipt of evidence-based survivorship care, including surveillance for cancer recurrence based on national guidelines, remain low among YA survivors. At the same time, YAs ages 26 to 39 have the highest rate of both uninsurance and underinsurance among US adults. Our team’s prior work demonstrated that YA cancer survivors report low understanding of their health insurance and the services it covers, which affects their ability to navigate care. Together, these issues can lead to significant access to care barriers and severe medical cost consequences for this population. This proposal addresses the urgent need to improve YA cancer survivors’ health insurance literacy and decrease financial toxicity, thus improving their ability to receive recommended survivorship care. Guided by Andersen and Aday’s Behavioral Model of Health Services Use, we developed and pilot-tested a 4-session virtual patient navigation intervention for YA cancer survivors that was adapted from a pilot program for childhood cancer survivors. Initial results support feasibility, acceptability, and preliminary efficacy of both of these pilot trials with YA survivors ages 26 to 39. We now propose a randomized controlled trial to test the efficacy of this program (“CHAT-S”) to improve health insurance literacy, financial toxicity due to medical costs, and p"
NIH RePORTER,claims data infrastructure,Core H: Religious Orders Study Core,RUSH UNIVERSITY MEDICAL CENTER,IL,"BENNETT, DAVID ALAN",P30,641298,2026,2021-09-01T00:00:00,2031-06-30T00:00:00,False,2P30AG072975-06,"ABSTRACT – RELIGIOUS ORDERS STUDY CORE The overall goal of the Religious Orders Study (ROS) Core is to continue to support high quality, cutting edge, research projects on the etiology, pathogenesis, diagnosis, treatment, and prevention of Alzheimer’s disease and related dementias (AD/ADRD). The ROS Core will support a wide range of research studies that address transitions from normality to mild cognitive impairment (MCI) to dementia, risk factors for these transitions, clinical-pathology and resilience, secular trends, work with Medicare claims data, disease mechanisms, precision medicine, and human cell modeling. The ROS Core was originally funded July 1, 1993. With more than 1550 participants and nearly 1000 autopsies, the ROS Core has been highly productive. Of the 496 publications since the ADRC was funded in 2021, 422 (86%) include ROS (of the 1628 publications since the Rush ADCC was first funded in 1991, 1308 (80%) include ROS Core data), many in collaboration with other Cores particularly the Npath Core. There are 401 ROS Core participants alive and active. Aim 1 will continue to conduct follow-up evaluations of older Catholic religious men and women clergy who are currently participating in the ROS Core; it will perform annual structured clinical evaluations and facilitate brain autopsies at 15 locations across the United States, in collaboration with the Data/Stat, Npath and Latino Cores, and the REC. Aim 2 will facilitate externally funded research that: a. Decon"
NIH RePORTER,claims data infrastructure,Universal HCV screening in pregnancy: Examining testing uptake and HCV care,WEILL MEDICAL COLL OF CORNELL UNIV,NY,"KAPADIA, SHASHI ",R01,640273,2026,2024-09-30T00:00:00,2029-07-31T00:00:00,False,5R01DA060499-03,"PROJECT ABSTRACT: Hepatitis C virus (HCV) during pregnancy predominantly affects people who inject drugs. The rates of perinatal HCV and maternal to child transmission are rising in concert with the current injection drug use crisis. Testing for HCV in the perinatal period has been inadequate, as has testing of infants born to mothers infected with HCV. To improve testing rates, several professional societies released guidance recommend universal HCV testing with each pregnancy in spring of 2020. However, screening recommendations are not universally followed, and may not be applied equitably across populations. Additionally, we do not know whether an increase in testing ultimately leads to the desired downstream outcomes of linkage to care, treatment, and identification of infants at risk for perinatal transmission. In this proposal, we will use national Medicaid and commercial claims data to examine HCV testing and treatment among pregnant and postpartum women and their infants. Specifically, we will 1) determine whether the testing guideline change was associated with increased HCV testing rates among pregnant women compared to non-pregnant reproductive age women; 2) determine whether the guideline change was associated with increased postpartum HCV linkage to care and treatment as well as other aspects of maternal care, and 3) determine whether the guidelines were associated with increases in appropriate HCV testing and diagnoses for infants born to HCV-infected mothers i"
NIH RePORTER,claims data infrastructure,Identifying Cancer Recurrence with Novel Data Linkages with a Cancer Registry,UTAH STATE HIGHER EDUCATION SYSTEM--UNIVERSITY OF UTAH,UT,"HASHIBE, MIA ",R01,639749,2023,2022-08-01T00:00:00,2027-07-31T00:00:00,False,5R01CA260891-02,"ABSTRACT For the estimated 17 million cancer survivors in the US today, fear of recurrence is a substantial source of stress and an issue that drives survivorship care. Understanding the scope of recurrence among cancer survivors can inform clinical practice, improve patient health, and allow for real-world assessment of treatment effectiveness. Population-level data on cancer recurrence are difficult to capture, and require evaluation of multiple data sources to accurately identify cancer recurrences. The Utah Cancer Registry (UCR), a SEER registry since 1973, is strongly positioned to identify recurrences in a population-based setting. The registry data are linked to the Utah Population Database (UPDB), which includes electronic medical records (EMR), statewide healthcare facility data (SHFD; inpatient, ambulatory surgery and emergency department), and claims data (All Payer Claims Database (APCD), Medicare). We propose to assess the utility of using data sources common across all state cancer registries and to investigate the added value of novel data linkages available at the Utah Cancer Registry. We also propose to extend and validate a recently-developed algorithm to identify individual level breast cancer recurrence to identify recurrence for other cancer types to estimate the population-level burden of recurrence. Our specific aims are as follows: 1) Determine the predictive performance to identify recurrence using data currently available to cancer registries for bre"
NIH RePORTER,claims data infrastructure,New approaches to safety monitoring of novel systemic treatments for atopic dermatitis in clinical practice and underrepresented populations,BRIGHAM AND WOMEN'S HOSPITAL,MA,"SCHNEEWEISS, SEBASTIAN G.",R01,636546,2024,2022-02-01T00:00:00,2026-12-31T00:00:00,False,5R01AR080194-03,"Summary: Severe treatment recalcitrant atopic dermatitis (AD) is a debilitating condition with substantial population impact. Dermatology has experienced the emergence of targeted immuno-modulating drugs (IMDs) that have unprecedented efficacy in treating AD. Their optimal use is still unknown because their safety remains insufficiently characterized. A range of serious side effects are conceivable based on the immunologic pathways although it is unlikely that they will all play out in clinical practice. Quantifying or refuting these adverse effects is critical for a clinical benefit-risk assessment and personalized treatment decisions. Existing trials have not answered these questions and are unlikely to address them in the near future. The resulting uncertainty has led to both overly restrictive but also aggressive prescribing of highly efficacious IMDs and this proposal aims to close this glaring knowledge gap. We propose a population-based prospective drug safety monitoring system leveraging existing data sources that shortens the time to insights and provides high validity findings through advanced causal inference methods. Analyses of longitudinal healthcare databases cover a source population of >78 million Americans and include commercially insured and Medicaid beneficiaries. New and urgently needed safety insights will reflect clinical practice, including populations typically excluded from RCTs, like children, women in reproductive age, patients with complex disease"
NIH RePORTER,claims data infrastructure,Access to and effectiveness of community-based rehabilitation after stroke,UNIVERSITY OF PITTSBURGH AT PITTSBURGH,PA,"FREBURGER, JANET KUES",R01,635620,2024,2021-07-08T00:00:00,2026-06-30T00:00:00,False,5R01HD101493-04,"PROJECT SUMMARY/ABSTRACT The Comprehensive Post-Acute Stroke Services (COMPASS) Study, implemented across the stroke belt of North Carolina (NC), is a pragmatic trial of comprehensive transitional care for stroke. Forty hospitals were randomized to deliver the transitional care model (COMPASS-TC) or usual care. COMPASS-TC supports education, secondary prevention, rehabilitation and recovery following stroke. A key component of the model is the Movement Matters Activity Program. It is an evidence-based rehabilitation program to maximize survivor health, recovery, and function in the home and community. The COMPASS Study and its Vanguard site have collected data on over 11,000 NC patients hospitalized for stroke or transient ischemic attack (TIA) and discharged home. Baseline data provide rich information to control patient and clinical characteristics that may influence rehabilitation use (i.e., PT/OT visits) and patient outcomes. Two-day call and clinic visit data include information on social, behavioral, and functional determinants of health, in addition to clinical information. Ninety-day outcomes include several important patient-reported measures including the Stroke Impact Scale-16. Linkage of COMPASS data to NC administrative claims data provide valid information on rehabilitation use in the COMPASS sample. Together, the COMPASS Study and administrative claims data constitute a unique and robust data set on a large and diverse sample. Analyses of these data provide "
NIH RePORTER,claims data infrastructure,Access to and effectiveness of community-based rehabilitation after stroke,UNIVERSITY OF PITTSBURGH AT PITTSBURGH,PA,"FREBURGER, JANET KUES",R01,627589,2025,2021-07-08T00:00:00,2027-06-30T00:00:00,False,5R01HD101493-05,"PROJECT SUMMARY/ABSTRACT The Comprehensive Post-Acute Stroke Services (COMPASS) Study, implemented across the stroke belt of North Carolina (NC), is a pragmatic trial of comprehensive transitional care for stroke. Forty hospitals were randomized to deliver the transitional care model (COMPASS-TC) or usual care. COMPASS-TC supports education, secondary prevention, rehabilitation and recovery following stroke. A key component of the model is the Movement Matters Activity Program. It is an evidence-based rehabilitation program to maximize survivor health, recovery, and function in the home and community. The COMPASS Study and its Vanguard site have collected data on over 11,000 NC patients hospitalized for stroke or transient ischemic attack (TIA) and discharged home. Baseline data provide rich information to control patient and clinical characteristics that may influence rehabilitation use (i.e., PT/OT visits) and patient outcomes. Two-day call and clinic visit data include information on social, behavioral, and functional determinants of health, in addition to clinical information. Ninety-day outcomes include several important patient-reported measures including the Stroke Impact Scale-16. Linkage of COMPASS data to NC administrative claims data provide valid information on rehabilitation use in the COMPASS sample. Together, the COMPASS Study and administrative claims data constitute a unique and robust data set on a large and diverse sample. Analyses of these data provide "
NIH RePORTER,claims data infrastructure,Identifying Cancer Recurrence with Novel Data Linkages with a Cancer Registry,UTAH STATE HIGHER EDUCATION SYSTEM--UNIVERSITY OF UTAH,UT,"DOHERTY, JENNIFER ANNE",R01,618197,2024,2022-08-01T00:00:00,2027-07-31T00:00:00,False,5R01CA260891-03,"ABSTRACT For the estimated 17 million cancer survivors in the US today, fear of recurrence is a substantial source of stress and an issue that drives survivorship care. Understanding the scope of recurrence among cancer survivors can inform clinical practice, improve patient health, and allow for real-world assessment of treatment effectiveness. Population-level data on cancer recurrence are difficult to capture, and require evaluation of multiple data sources to accurately identify cancer recurrences. The Utah Cancer Registry (UCR), a SEER registry since 1973, is strongly positioned to identify recurrences in a population-based setting. The registry data are linked to the Utah Population Database (UPDB), which includes electronic medical records (EMR), statewide healthcare facility data (SHFD; inpatient, ambulatory surgery and emergency department), and claims data (All Payer Claims Database (APCD), Medicare). We propose to assess the utility of using data sources common across all state cancer registries and to investigate the added value of novel data linkages available at the Utah Cancer Registry. We also propose to extend and validate a recently-developed algorithm to identify individual level breast cancer recurrence to identify recurrence for other cancer types to estimate the population-level burden of recurrence. Our specific aims are as follows: 1) Determine the predictive performance to identify recurrence using data currently available to cancer registries for bre"
NIH RePORTER,claims data infrastructure,New approaches to safety monitoring of novel systemic treatments for atopic dermatitis in clinical practice and underrepresented populations,BRIGHAM AND WOMEN'S HOSPITAL,MA,"SCHNEEWEISS, SEBASTIAN G.",R01,616690,2025,2022-02-01T00:00:00,2026-12-31T00:00:00,False,5R01AR080194-04,"Summary: Severe treatment recalcitrant atopic dermatitis (AD) is a debilitating condition with substantial population impact. Dermatology has experienced the emergence of targeted immuno-modulating drugs (IMDs) that have unprecedented efficacy in treating AD. Their optimal use is still unknown because their safety remains insufficiently characterized. A range of serious side effects are conceivable based on the immunologic pathways although it is unlikely that they will all play out in clinical practice. Quantifying or refuting these adverse effects is critical for a clinical benefit-risk assessment and personalized treatment decisions. Existing trials have not answered these questions and are unlikely to address them in the near future. The resulting uncertainty has led to both overly restrictive but also aggressive prescribing of highly efficacious IMDs and this proposal aims to close this glaring knowledge gap. We propose a population-based prospective drug safety monitoring system leveraging existing data sources that shortens the time to insights and provides high validity findings through advanced causal inference methods. Analyses of longitudinal healthcare databases cover a source population of >78 million Americans and include commercially insured and Medicaid beneficiaries. New and urgently needed safety insights will reflect clinical practice, including populations typically excluded from RCTs, like children, women in reproductive age, patients with complex disease"
NIH RePORTER,claims data infrastructure,A Randomized Controlled Trial to Improve Health Insurance Literacy and Surveillance among Young Adult Cancer Survivors,UTAH STATE HIGHER EDUCATION SYSTEM--UNIVERSITY OF UTAH,UT,"KIRCHHOFF, ANNE C",R01,613806,2024,2023-06-14T00:00:00,2028-05-31T00:00:00,False,5R01CA276825-02,"ABSTRACT The first year after cancer treatment ends is a critical time to establish survivorship care for young adult (YA) cancer survivors ages 26 to 39. Receipt of evidence-based survivorship care, including surveillance for cancer recurrence based on national guidelines, remain low among YA survivors. At the same time, YAs ages 26 to 39 have the highest rate of both uninsurance and underinsurance among US adults. Our team’s prior work demonstrated that YA cancer survivors report low understanding of their health insurance and the services it covers, which affects their ability to navigate care. Together, these issues can lead to significant access to care barriers and severe medical cost consequences for this population. This proposal addresses the urgent need to improve YA cancer survivors’ health insurance literacy and decrease financial toxicity, thus improving their ability to receive recommended survivorship care. Guided by Andersen and Aday’s Behavioral Model of Health Services Use, we developed and pilot-tested a 4-session virtual patient navigation intervention for YA cancer survivors that was adapted from a pilot program for childhood cancer survivors. Initial results support feasibility, acceptability, and preliminary efficacy of both of these pilot trials with YA survivors ages 26 to 39. We now propose a randomized controlled trial to test the efficacy of this program (“CHAT-S”) to improve health insurance literacy, financial toxicity due to medical costs, and p"
NIH RePORTER,claims data infrastructure,New approaches to safety monitoring of novel systemic treatments for atopic dermatitis in clinical practice and underrepresented populations,BRIGHAM AND WOMEN'S HOSPITAL,MA,"SCHNEEWEISS, SEBASTIAN G.",R01,602476,2026,2022-02-01T00:00:00,2026-12-31T00:00:00,False,5R01AR080194-05,"Summary: Severe treatment recalcitrant atopic dermatitis (AD) is a debilitating condition with substantial population impact. Dermatology has experienced the emergence of targeted immuno-modulating drugs (IMDs) that have unprecedented efficacy in treating AD. Their optimal use is still unknown because their safety remains insufficiently characterized. A range of serious side effects are conceivable based on the immunologic pathways although it is unlikely that they will all play out in clinical practice. Quantifying or refuting these adverse effects is critical for a clinical benefit-risk assessment and personalized treatment decisions. Existing trials have not answered these questions and are unlikely to address them in the near future. The resulting uncertainty has led to both overly restrictive but also aggressive prescribing of highly efficacious IMDs and this proposal aims to close this glaring knowledge gap. We propose a population-based prospective drug safety monitoring system leveraging existing data sources that shortens the time to insights and provides high validity findings through advanced causal inference methods. Analyses of longitudinal healthcare databases cover a source population of >78 million Americans and include commercially insured and Medicaid beneficiaries. New and urgently needed safety insights will reflect clinical practice, including populations typically excluded from RCTs, like children, women in reproductive age, patients with complex disease"
NIH RePORTER,claims data infrastructure,Core B - CMS Data Core,NATIONAL BUREAU OF ECONOMIC RESEARCH,MA,"DOYLE, JOSEPH J",P01,592463,2025,1997-02-01T00:00:00,2029-08-31T00:00:00,False,5P01AG005842-36,"OTHER PROJECT INFORMATION – Project Summary/Abstract Core B: CMS Data Core The CMS Data Core acquires, manages, enhances, and makes available for researcher use a rich collection of claims data from the Centers for Medicare and Medicaid Services (CMS). The NBER’s existing CMS database consists of Medicare claims for all beneficiaries covered by traditional fee-for-service Medicare over the last 35 years. Incremental goals of this continuation are to add Medicare Advantage (MA) and Medicaid records, and to enhance the data to better support studies of Alzheimer’s Disease and Related Dementias (ADRD), and racial and ethnic disparities in health and healthcare. Working with Core C, we will incorporate in our CMS databases state-of-the-art measures of ADRD symptoms and diagnosis, stages of dementia, and cognitive impairment; state-of-the-art identifiers for patient and to some extent provider race and ethnicity; and likely spousal identification as potential caregivers. There are substantial interactions between Cores B and C, as the methodological implementation of existing algorithms and advances in ADRD and race/ethnicity measurement developed under Core C will be incorporated in our CMS database infrastructure under Core B. To accomplish these aims, we will draw on our extensive experience working with the underlying claims records, newly informed by additional Program Project collaborators with relevant expertise in ADRD patient care, ADRD and dementia- related measurement, "
NIH RePORTER,claims data infrastructure,NICHD STANDARDIZE GOVERNANCE METADATA FOR PEDIATRIC COVID-19 DATA LINKAGE ,MITRE CORPORATION,VA,"CHEN-HUNG, VIVIAN ",N02,567015,2023,2023-09-28T00:00:00,2024-11-27T00:00:00,False,75N94023F00171-0-0-1,"Centers for Medicare & Medicaid Services (CMS) Alliance to Modernize Healthcare Federally Funded Research and Development Center (Health FFRDC) Strategic Services in Support of Standardize Governance Metadata for Pediatric COVID-19 Data Linkage for the National Institutes of Health (NIH), Eunice Kennedy Shriver National Institute of Child Health and Human Development (NICHD) The National Institutes of Health (NIH), a part of the U.S. Department of Health and Human Services (HHS), is the nation’s primary medical research agency, making important discoveries that improve health and saves lives. NIH is now one of the world’s foremost biomedical research agencies and serves as the focal point for biomedical research within the Federal Government. NIH began in 1887, and today, is comprised of 27 separate Institutes and Centers (ICs), most of which are located in Bethesda, Maryland. The NIH works toward that mission by: 1) conducting research in its own laboratories; 2) supporting non-Federal scientists at universities, teaching hospitals, and other academic institutions around the world; 3) sponsoring training programs for research investigators; and 4) fostering the communication of research-based health information. The Eunice Kennedy Shriver National Institute of Child Health and Human Development (NICHD) is leading an effort to assess the usage of privacy preserving record linkage (PPRL) for pediatric patient-centered outcomes research, with a focus on pediatric COVID res"
NIH RePORTER,claims data infrastructure,Leveraging routinely collected health data to improve early identification of autism and co-occurring conditions,DUKE UNIVERSITY,NC,"GOLDSTEIN, BENJAMIN ALAN",P50,490520,2023,2017-09-07T00:00:00,2027-08-31T00:00:00,False,5P50HD093074-07,"ABSTRACT – Project 2 The overall goal of the Duke Autism Center of Excellence (ACE) is to use a translational digital health and computational approach to address the critical need for more effective autism screening tools, objective outcome measures, and brain-based biomarkers that can be used in clinical trials with young autistic children. This Project will develop and evaluate a novel digital health approach to autism screening. Universal autism screening is recommended for children at 18 months. This is typically achieved via a caregiver questionnaire. However, research has shown that a commonly used autism screening questionnaire has reduced accuracy when used in real-world settings, such as primary care. By leveraging health data related to early medical conditions collected as part of clinical care, Project 2 aims to develop an automatic, objective tool for autism prediction at 18 months that can be implemented in primary care settings. We will use routinely collected health data to develop a prediction model for autism and use the model to design a clinical decision support tool for providers that can be integrated into pediatric primary care and includes actionable guidance regarding referrals and linkage to services. We will first develop and validate a generalizable, off-the-shelf model to predict autism for use at 18 months of age using longitudinal claims data (Medicaid and Blue Cross Blue Shield) from a diverse sample of children across North Carolina with cont"
NIH RePORTER,claims data infrastructure,Health Effects Of Exposures In Agriculture,NATIONAL INSTITUTE OF ENVIRONMENTAL HEALTH SCIENCES,,"SANDLER, DALE P",ZIA,449205,2024,,,False,1ZIAES049030-28,"The Agricultural Health Study (AHS) enrolled more than 57,000 licensed private applicators (1993-1997; mostly farmers) in Iowa (IA) and North Carolina (NC), and 4900 commercial applicators from IA. Enrollment questionnaires asked about 50 specific pesticides, farm characteristics, and health conditions; 44% of private applicators completed a supplemental questionnaire on select pesticides and farm practices; 32,000 spouses provided data on pesticides, health, and children under age 21. In 1995-1996, NIEHS enrolled a sample of Black farmers (N=1181, 66% female) in central and eastern NC, where most Black AHS participants reside. The NIEHS leads AHS research on non-cancer outcomes, such as neurological conditions, respiratory outcomes, autoimmune disease, infections, and kidney disease. Health outcomes have been updated in follow-up surveys (1999-2003, 2005-2010, 2013-2015, 2019-2021). Questionnaires capture key covariates, pesticide use (through 2010), and farming status. In 1999-2003, about 40% of participants completed food frequency questionnaires and provided buccal cell DNA. Cancer incidence and causes of death are obtained through regular linkage of the cohort, including the Black farmer sample are linked to NC and IA cancer registries and vital statistics. Over 47,000 AHS participants were also linked to Medicare claims data (1999-2016) to identify outcomes not collected in surveys or in those lost to follow-up. AHS and Black Farmer study samples have also been linke"
NIH RePORTER,claims data infrastructure,Assessment of Frailty Phenotype and Functional Limitations to Improve Prediction of Subsequent Health Care Utilization in Older Community-Dwelling Adults,UNIVERSITY OF MINNESOTA,MN,"ENSRUD, KRISTINE ",R01,448257,2023,2020-09-01T00:00:00,2026-05-31T00:00:00,False,5R01AG067973-04,"Health care burden as manifested by greater health care utilization rises markedly with advancing age due in part to increasing prevalence of multiple chronic medical conditions (multimorbidity). While multimorbidity is a robust risk factor for higher health care burden, current multimorbidity measures explain only a modest proportion of the variation in subsequent health care costs. In order to constrain health care burden without negatively impacting health outcomes, improved understanding of key determinants of health care utilization among older adults is essential. Risk factors from other domains (including potentially modifiable determinants) would enhance identification of older community-dwelling adults likely to require costly care. Thus, models of health care utilization including the potentially modifiable (but not routinely measured in clinical settings) domains of the frailty phenotype and self-reported functional limitations may improve characterization of patient risk profiles and therefore improve targeting and design of interventions to reduce subsequent health care burden. The overarching objective of this proposal is to construct interpretable, generalizable and validated models of health care costs and utilization among older community dwelling adults that identify clinical risk factors amenable to targeted interventions to reduce risk of subsequent extensive and costly health care. We will take advantage of the linkage between community-dwelling participa"
NIH RePORTER,claims data infrastructure,Health Insurance and Disparities: More than Access,UNIVERSITY OF COLORADO DENVER,CO,"BRADLEY, CATHY J",R01,427608,2026,2025-01-01T00:00:00,2029-12-31T00:00:00,False,5R01CA288259-02,"PROJECT SUMMARY Cancer health disparities in the US persist, particularly between racial/ethnic groups and urban/rural residency, despite nearly 92% of Americans having health insurance coverage. In 2021, Medicaid covered ~19% of people; 54.2% were covered by employer-based insurance; Medicare covered another 18.4%; 10.2% were covered by direct purchase plans, and the remaining 3.5% were covered by military plans. Previous research has focused on patients without insurance, but factors associated with coverage, such as cost sharing, out-of-pocket limits, provider networks, and drug formularies can vary widely, potentially contributing to substantial disparities in access to and costs of care. Progress toward ameliorating disparities is hindered by the absence of multiple-payer data that could inform policies. Population-based registries do not adequately capture health insurance coverage or the full cancer care experience. Moreover, few data sources capture OOP costs that can both influence treatment decisions and lead to financial hardship. We address this gap by building on an established linkage between the Colorado Central Cancer Registry (CCCR) and the Colorado All-Payer Claims Data (APCD). APCDs are an emerging source for comprehensive data on healthcare utilization within a state. We supplement these data with plan-level information and census and health services files to better understand the social determinants of health context in which patients reside. The resultin"
NIH RePORTER,claims data infrastructure,A Turn-Key EHR Simulation Program to Reduce Diagnostic Error in Ambulatory Care,OREGON HEALTH & SCIENCE UNIVERSITY,OR,"GOLD, JEFFREY A.",R18,398921,2023,2019-09-30T00:00:00,2024-08-31T00:00:00,False,5R18HS027119-05,"Project Summary: Diagnostic error is believed to be the most common type of patient safety event. Affecting between 5-10% of all patient encounters, it results in significant patient morbidity and mortality. Ambulatory care is especially susceptible to this, with diagnostic errors outnumbering other types 6:1 and 5% of patients seeking ambulatory care experiencing diagnostic error. Comprised of delayed and missed diagnosis, diagnostic error is frequently the consequence of the inability to effectively access and/or synthesize complex medical information for medical decision making. With the adoption of the HITECH Act over 95% of hospitals and 80% of office based practice utilize Electronic Health Records (EHRs) as their primary source of patient information. With the rapid expansion of EHRs, there is growing appreciation of the myriad of ways in which EHRs contribute to failures in information gathering and/or synthesis. These EHR use errors are often a combination of system design issues and poor user training. Simulation affords a powerful tool to both study, in a systematic way, the means in which EHRs contribute to said errors as well as provide a powerful training tool. We previously demonstrated that hi-fidelity EHR based simulation exercises in the ICU, using purposively designed EHR charts, uncovers the contribution of EHR use errors to diagnostic error. Participation in these exercises improves the recognition of embedded trends in patient information required for ef"
NIH RePORTER,claims data infrastructure,Determining Barriers Leading to Inferior Survival for Black and Hispanic Patients with Hodgkin Lymphoma: A Patient-Centered Study,UNIVERSITY OF FLORIDA,FL,"MAILHOT, RAYMOND B",R37,384340,2025,2025-02-01T00:00:00,2025-11-14T00:00:00,False,1R37CA288560-01A1,"Project Abstract Although Hodgkin lymphoma (HL) 5-year relative survival exceeds 90%, Black and Hispanic patients face inferior survival in childhood, adolescence and young adulthood (AYA), and as older adults. The gap in knowledge for the mechanism explaining inferior survival reflects (i) the inability to provide individual social factor data, (ii) the lack of postrelapse treatment data, especially stem cell transplant (SCT) data, and (iii) the omission of survivorship care as a cause. There is a critical need to identify predictors of variation in treatment and survivorship care leading to worse survival reported for Black and Hispanic patients with HL to create an evidence-based framework upon which to design interventions to improve outcomes of HL patients of all ages. This proposal’s overall objective is to determine how social factors may explain poorer HL survival outcomes for Black and Hispanic patients. Our central hypothesis is that key and distinct social factors influence survival for each age group, and these will be identified through the novel linkage of comprehensive longitudinal databases: the Patient-Centered Outcomes Research Network (PCORnet, which provides longitudinal patient- level electronic medical record and administrative claims data) and the Center for International Blood and Marrow Transplantation Research (CIBMTR, which provides high-quality clinical and SCT data). The central hypothesis will be tested by pursuing three specific aims in this mix"
NIH RePORTER,claims data infrastructure,Population-Based Data Core,UNIVERSITY OF COLORADO DENVER,CO,"ORNSTEIN, KATHERINE A",U54,374645,2026,2025-08-06T00:00:00,2030-07-31T00:00:00,False,5U54AG093230-02,"ASCENT: POPULATION-BASED DATA CORE PROJECT SUMMARY/ABSTRACT Existing population-based data offer an opportunity to expand our understanding of palliative care (PC) across the lifespan. Research involving primary data collection from persons with serious illness (PWSI) is challenging due to high symptom burden, caregiver strain, and disease-related functional and cognitive decline. Results from individuals well enough to participate in clinical trials may not be generalizable to other PWSI. Nationally representative rich datasets can be used to strengthen the evidence base for caring for PWSI. To understand the best ways to provide and finance PC, there is a need to identify existing data sources that can be used to analyze populations for whom PC is relevant, measure PC interventions, patient-centered outcomes and caregiver experiences, and estimate associated costs. To efficiently leverage existing survey, claims, electronic health record (EHR), registry, provider, and neighborhood data requires expertise in data management, merging, cleaning, and linkage; cohort identification; maintenance of secure analytic files; and accounting for endogenous treatment selection in observational data, where treatments and policies cannot be randomly assigned. As part of the Advancing the Science of Palliative Care Research across the Lifespan (ASCENT) Consortium methods cluster, the Population-Based Data Core (Pop Core) will provide training and resources to support research"
NIH RePORTER,claims data infrastructure,Evaluating the effects of recreational cannabis policies on prenatal cannabis use and maternal and child health outcomes for real-world impact,BOSTON COLLEGE,MA,"HAWKINS, SUMMER SHERBURNE",R01,372936,2026,2026-06-15T00:00:00,2030-04-30T00:00:00,False,1R01DA066717-01,"PROJECT SUMMARY Cannabis use among pregnant women has increased more than 60% over the past decade. Up to 15% of women use cannabis prior to pregnancy and 6% prenatally, with differences by demographics, mental health symptoms, polysubstance use, and area-level factors. While evidence is building on the detrimental effects of cannabis use on adverse birth outcomes, the consequences of prenatal use on women's health during pregnancy or postpartum or on child health outcomes remains under-studied. The cannabis policy context has been evolving rapidly with 24 states and DC having legalized recreational cannabis. Significant gaps remain in understanding the effects of legalization on prenatal cannabis use and spillover effects on other substances, birth outcomes, maternal and child health outcomes, and provider assessment of use as well as variations in policy effects across individual- and area-level factors. The state of Maine provides an important natural experiment to understand the contextual landscape and trajectory of cannabis use among pregnant women. Maine legalized recreational cannabis in January 2017 and introduced retail sales in October 2020; municipalities were required to opt-in, providing staggered retail sales across the 16 counties. We propose a novel data linkage between Maine Pregnancy Risk Assessment Monitoring System 2016-2023 state-representative cohorts with birth certificates, All-Payer Claims Data and hospital health insurance claims to collate 6 year"
NIH RePORTER,claims data infrastructure,Population-Based Data Core,UNIVERSITY OF COLORADO DENVER,CO,"ORNSTEIN, KATHERINE A",U54,366422,2025,2025-08-06T00:00:00,2030-07-31T00:00:00,False,1U54AG093230-01,"ASCENT: POPULATION-BASED DATA CORE PROJECT SUMMARY/ABSTRACT Existing population-based data offer an opportunity to expand our understanding of palliative care (PC) across the lifespan. Research involving primary data collection from persons with serious illness (PWSI) is challenging due to high symptom burden, caregiver strain, and disease-related functional and cognitive decline. Results from individuals well enough to participate in clinical trials may not be generalizable to other PWSI. Nationally representative rich datasets can be used to strengthen the evidence base for caring for PWSI. To understand the best ways to provide and finance PC, there is a need to identify existing data sources that can be used to analyze populations for whom PC is relevant, measure PC interventions, patient-centered outcomes and caregiver experiences, and estimate associated costs. To efficiently leverage existing survey, claims, electronic health record (EHR), registry, provider, and neighborhood data requires expertise in data management, merging, cleaning, and linkage; cohort identification; maintenance of secure analytic files; and accounting for endogenous treatment selection in observational data, where treatments and policies cannot be randomly assigned. As part of the Advancing the Science of Palliative Care Research across the Lifespan (ASCENT) Consortium methods cluster, the Population-Based Data Core (Pop Core) will provide training and resources to support research"
NIH RePORTER,claims data infrastructure,Health Insurance and Disparities: More than Access,UNIVERSITY OF COLORADO DENVER,CO,"BRADLEY, CATHY J",R01,357694,2025,2025-01-01T00:00:00,2029-12-31T00:00:00,False,1R01CA288259-01A1,"PROJECT SUMMARY Cancer health disparities in the US persist, particularly between racial/ethnic groups and urban/rural residency, despite nearly 92% of Americans having health insurance coverage. In 2021, Medicaid covered ~19% of people; 54.2% were covered by employer-based insurance; Medicare covered another 18.4%; 10.2% were covered by direct purchase plans, and the remaining 3.5% were covered by military plans. Previous research has focused on patients without insurance, but factors associated with coverage, such as cost sharing, out-of-pocket limits, provider networks, and drug formularies can vary widely, potentially contributing to substantial disparities in access to and costs of care. Progress toward ameliorating disparities is hindered by the absence of multiple-payer data that could inform policies. Population-based registries do not adequately capture health insurance coverage or the full cancer care experience. Moreover, few data sources capture OOP costs that can both influence treatment decisions and lead to financial hardship. We address this gap by building on an established linkage between the Colorado Central Cancer Registry (CCCR) and the Colorado All-Payer Claims Data (APCD). APCDs are an emerging source for comprehensive data on healthcare utilization within a state. We supplement these data with plan-level information and census and health services files to better understand the social determinants of health context in which patients reside. The resultin"
NIH RePORTER,claims data infrastructure,Leveraging routinely collected health data to improve early identification of autism and co-occurring conditions,DUKE UNIVERSITY,NC,"GOLDSTEIN, BENJAMIN ALAN",P50,345855,2026,2017-09-07T00:00:00,2027-08-31T00:00:00,False,5P50HD093074-10,"ABSTRACT – Project 2 The overall goal of the Duke Autism Center of Excellence (ACE) is to use a translational digital health and computational approach to address the critical need for more effective autism screening tools, objective outcome measures, and brain-based biomarkers that can be used in clinical trials with young autistic children. This Project will develop and evaluate a novel digital health approach to autism screening. Universal autism screening is recommended for children at 18 months. This is typically achieved via a caregiver questionnaire. However, research has shown that a commonly used autism screening questionnaire has reduced accuracy when used in real-world settings, such as primary care. By leveraging health data related to early medical conditions collected as part of clinical care, Project 2 aims to develop an automatic, objective tool for autism prediction at 18 months that can be implemented in primary care settings. We will use routinely collected health data to develop a prediction model for autism and use the model to design a clinical decision support tool for providers that can be integrated into pediatric primary care and includes actionable guidance regarding referrals and linkage to services. We will first develop and validate a generalizable, off-the-shelf model to predict autism for use at 18 months of age using longitudinal claims data (Medicaid and Blue Cross Blue Shield) from a diverse sample of children across North Carolina with cont"
NIH RePORTER,claims data infrastructure,Remote Data Enclave Core (RDEC),JOHNS HOPKINS UNIVERSITY,MD,"POLSKY, DANIEL E",P30,344328,2023,2020-08-01T00:00:00,2025-06-30T00:00:00,False,5P30AG066587-04,"Abstract – Remote Data Enclave Core (RDEC) – Core E The Remote Data Enclave Core (RDEC) will be the “lab” for the HEADS Center, offering secure and remote access to a wide range of ADRD-relevant datasets in a high-capacity computing environment. Given the importance and growing relevance of large and often restricted data sources that can be applied to address many of the most pressing questions tied to HEADS themes, claims data from Medicare and Medicaid being the most prominent example, a high-capacity computing environment that meets strict security and privacy standards is a critical need that the RDEC is designed to meet. The RDEC will support a remote data enclave in a high-capacity computing environment to address the overall themes of the HEADs Center. The RDEC will have the following Specific Aims: SPECIFIC AIM 1. To create and sustain hardware and software for a remote data enclave with (a) security standards, (b) privacy protection, (c) high-capacity computing, and (d) remote access. SPECIFIC AIM 2. To build and maintain a unified data warehouse of ADRD-relevant datasets that (a) centralizes inventory of data assets, (b) systematizes licensing and data use agreements, and (c) maintains and updates critical datasets. Data warehouse will include restricted datasets, proprietary datasets, and linkable public-use files. SPECIFIC AIM 3. To provide high-level services to remote data enclave users including (a) establishing and ensuring fidelity to processes for data acce"
NIH RePORTER (SBIR/STTR),health admin (broad),A mobile application to offer upfront healthcare prices and automated medical billing for socioeconomically disadvantaged Americans,HANDL HEALTH LLC,CA,"MARMOUSH, AHMED ",R44,690531,2025,,,True,5R44NR021119-04,"Project Summary/Abstract This SBIR Phase II (R44) grant application will leverage publicly available healthcare service pricing data (i.e. emerging big data resources) to improve health information dissemination and utilization by minority health and disparity individuals, small businesses and communities. The long-term goal is to reduce health literacy barriers around the cost of healthcare and to simplify access to this information through an assisted mobile application and secure short message service (SMS) that helps minority and disparity populations get the care they need at a price they can afford. This will ultimately improve healthcare access and outcomes while reducing the burden of medical debt. Healthcare consumers today have limited information about the cost of a service until after it is rendered, despite there being significant variability in the price of the same service depending on location and provider. This makes it incredibly difficult for patients to make cost-informed choices about where to get healthcare or check the accuracy of medical bills, contributing to the $195bn of medical debt that Americans are burdened with. Minority health and disparity populati"
NIH RePORTER (SBIR/STTR),health admin (broad),A mobile application to offer upfront healthcare prices and automated medical billing for socioeconomically disadvantaged Americans,HANDL HEALTH LLC,CA,"MARMOUSH, AHMED ",R44,1185981,2024,,,True,2R44NR021119-03A1,"Project Summary/Abstract This SBIR Phase II (R44) grant application will leverage publicly available healthcare service pricing data (i.e. emerging big data resources) to improve health information dissemination and utilization by minority health and disparity individuals, small businesses and communities. The long-term goal is to reduce health literacy barriers around the cost of healthcare and to simplify access to this information through an assisted mobile application and secure short message service (SMS) that helps minority and disparity populations get the care they need at a price they can afford. This will ultimately improve healthcare access and outcomes while reducing the burden of medical debt. Healthcare consumers today have limited information about the cost of a service until after it is rendered, despite there being significant variability in the price of the same service depending on location and provider. This makes it incredibly difficult for patients to make cost-informed choices about where to get healthcare or check the accuracy of medical bills, contributing to the $195bn of medical debt that Americans are burdened with. Minority health and disparity populati"
NIH RePORTER (SBIR/STTR),health admin (broad),A mobile application to offer upfront healthcare prices and automated medical billing for socioeconomically disadvantaged Americans,HANDL HEALTH LLC,CA,"MARMOUSH, AHMED ",R43,237448,2022,,,True,5R43MD017137-02,"Project Summary/Abstract This SBIR Phase I project will develop a novel healthcare cost estimator and billing management mobile application to assist minority health and disparity populations in America find affordable healthcare and accurately pay medical bills. America has the largest per capita health expenditure in the world, and Americans bear the significant burden of this with medical debt reaching US $81 billion in 2016 [1][2]. Over a quarter of Americans have challenges paying for medical care and this disproportionately impacts those minority health and disparity populations, leading to disparities in access and ultimately health outcomes. For example, Blacks/African Americans are 25% more likely to have challenges paying for medical care than the average American, Hispanics/Latinos - 30% higher and socioeconomically disadvantaged populations - 60% higher for those who earn less than $50,000 [3]. To make fully informed decisions about their healthcare and be protected from surprise billing, patients must know the price and quality of a good or service in advance. Approximately 73% of inpatient care and 90% of outpatient care with the highest-spending are offered by multip"
NIH RePORTER (SBIR/STTR),health admin (broad),Initial validation of a novel pre-screening tool for HIV-associated CNS impairment: The Virtual Driving and CNS Assessment System (VDCA),"DIAGNOSTIC DRIVING, INC.",PA,"KANDADAI, VENKATESH ",R43,73961,2022,,,True,3R43MH122035-01A1S2,"Project Summary and Abstract The standard paradigm for the detection of HIV-associated CNS impairment (HIVCI) involves protocols that require trained personnel, often impractical and unavailable in typical outpatient clinical settings. As a result, HIVCI is often undetected or detected late, leading to a lower quality of life and decreased survival. With the need for earlier detection and the availability of new medical billing codes, a recent push to change the paradigm towards earlier screening of cognitive impairment as a precursor to diagnostic testing is currently underway; however, severely limited in its capability and scope. Therefore, there is an urgent need to enable this new paradigm to detect HIVCI earlier in the disease course (a topic area of interest to NIMH’s Division of AIDS Research and HIV Neuropathogenesis Program): universal screening (not requiring trained staff) to reliably refer HIV+ patients to neuropsychometric (NP) diagnostic testing (by trained staff). This SBIR proposes a novel value proposition: A universal screening tool based on a known functional impairment - driving. Thus, the long-term goal of this SBIR is a new Virtual Driving and CNS Assessment "
NSF,claim denials,SBIR Phase I:  Reducing Medical Insurance Claim Denials with Code-Augmented Policies,ACTUALIZATION AI LLC,FL,Animesh Nighojkar,SBIR Phase I,274926,,09/01/2024,10/31/2025,True,2423392,"The broader/commercial impact of this Small Business Innovation Research (SBIR) Phase I project to provide a framework so that AI systems can follow rules given by humans, in the form of policies, laws, contractual agreements, or the like. This will allow for trustworthy chatbots and interactive AI agents, which are already becoming widespread amongst all industries despite their known limitations (particularly problems of hallucination) and inability to behave in accordance with the given policies. Actualization’s technology will streamline build the medical claims creation process, by allowing for complex insurance policies and regulations to be incorporated into the considerations of healthcare management systems. Given that virtually all industries with a customer interaction component are turning to chatbots, the economic impact of the project is significant. Furthermore, this work will advance the scientific and technological understanding of how to design rules such that they can be consistently interpreted not only by different humans, but by artificially intelligent systems. To establish commercial feasibility, market and customer hypotheses will be tested through a survey"
NSF,claim denials,SBIR Phase II:  Reducing Claims Denials in Healthcare Through Blockchain and Machine Learning,"BRILLIANTMD, LLC",CA,Richard Peters,SBIR Phase II,1000000,,05/15/2022,12/31/2024,True,2126982,"This Small Business Innovation Research (SBIR) project is focused on improving healthcare reimbursement and revenue cycle management. Two key concerns are that errors in healthcare claims result in frequent payment denials, and failure to obtain prior authorization can make those services non-reimbursable. These issues can lead to inappropriate direct billing to patients and/or a write-off by the healthcare provider and cost-shifting to cover losses. In addition, complexity within the rules for payment and prior authorization require considerable administrative overhead for claim submission, reconciliation, and rework, inflating administrative costs. The proposed project addresses these inefficiencies in the health care reimbursement system. This SBIR Phase II project proposes to use advanced analytics, machine learning, and blockchain technologies to address the following research objectives: (1) analyze and predict healthcare claim risk for denial of payment; (2) predict the likelihood of a prior authorization requirement before a clinical intervention is undertaken; and (3) incentivize accuracy in the claim submission process and decrease associated administrative burden and"
NSF,prior authorization,SBIR Phase I: AI-Driven Platform for Prior Authorization Automation and Workflow Optimization in Oncology Specialty Healthcare,"HIDALGA TECHNOLOGIES, LLC",AR,Joshua Upshaw,SBIR Phase I,304935,,10/01/2025,09/30/2026,True,2507367,"The broader impact/commercial potential of this Small Business Innovation Research (SBIR) Phase I project lies in transforming oncology prior authorization (PA) processes through artificial intelligence (AI) automation. Current PA systems are labor-intensive, causing costly delays in life-saving cancer treatments. This innovation aims to streamline treatment approvals, reducing administrative burdens and supporting faster patient access to care. By leveraging natural language processing and machine learning, the platform could improve workflow efficiency, decrease PA processing times, and increase initial PA approval rates. The commercial potential is significant, with the U.S. oncology clinics market of $454 million. The business model follows a subscription-based software approach, ensuring scalability and recurring revenue. The company projects over $8 million in revenue and break even by year three, positioning itself for long-term growth and acquisition by major healthcare IT firms. This project will advance scientific understanding of AI applications in healthcare administration while providing a scalable, competitive solution to a critical inefficiency in US healthcare. "
NSF,prior authorization,SBIR Phase II: A Blockchain Ecosystem for Encrypting Real World Data and Developing Artificial Intelligence to Optimize Pharmacy Prior Authorization,"EPIDAURUS HEALTH, INC.",VA,Mark Stephenson,SBIR Phase II,1000000,,05/01/2023,04/30/2025,True,2200163,"The broader impact/commercial potential of this Small Business Innovation Research (SBIR) Phase II project is to significantly reduce administrative inefficiency in pharmaceutical benefit management processing. The specific focus is on prior authorization processing, where payers and prescribers must reach a consensus on medical necessity. The project delivers a solution to optimize prescription authorization and provide more comprehensive patient histories for clinical authorization criteria fulfillment than other available products on the current health technology market. Lack of efficient access to reliable patient histories is the principal reason for delayed authorizations, resulting in delayed care access. A 2022 survey showed 93% of physicians reported that prior authorization often or always creates care delays; 82% reported delays that led to treatment abandonment. A secure yet progressively decentralized patient data transfer protocol would heighten transparency of clinical decision-making processes and also increase opportunities for patient engagement during prior authorization of medical prescriptions. Further, since administrative costs increase the cost of benefits, "
NSF,prior authorization,SBIR Phase II:  Reducing Claims Denials in Healthcare Through Blockchain and Machine Learning,"BRILLIANTMD, LLC",CA,Richard Peters,SBIR Phase II,1000000,,05/15/2022,12/31/2024,True,2126982,"This Small Business Innovation Research (SBIR) project is focused on improving healthcare reimbursement and revenue cycle management. Two key concerns are that errors in healthcare claims result in frequent payment denials, and failure to obtain prior authorization can make those services non-reimbursable. These issues can lead to inappropriate direct billing to patients and/or a write-off by the healthcare provider and cost-shifting to cover losses. In addition, complexity within the rules for payment and prior authorization require considerable administrative overhead for claim submission, reconciliation, and rework, inflating administrative costs. The proposed project addresses these inefficiencies in the health care reimbursement system. This SBIR Phase II project proposes to use advanced analytics, machine learning, and blockchain technologies to address the following research objectives: (1) analyze and predict healthcare claim risk for denial of payment; (2) predict the likelihood of a prior authorization requirement before a clinical intervention is undertaken; and (3) incentivize accuracy in the claim submission process and decrease associated administrative burden and"
NSF,medical coding,PFI-TT: Developing an Artificial Intelligence Solution for Accurate Medical Coding to Improve Healthcare Billing,Saint John's University,NY,Syed Ahmad Chan Bukhari,PFI-Partnrships for Innovation,550000,,09/01/2024,08/31/2027,False,2431840,"The broader impact of this Partnerships for Innovation - Technology Translation (PFI-TT) project lies in overcoming the limitations of automated biomedical content annotation systems, which include bias, errors, and a lack of adaptability to new information. By automating and optimizing the medical coding assignment process, the project will alleviate administrative and cognitive burdens on healthcare professionals, allowing them to focus more time and attention on patient care. The system will promote transparency, accountability, and trustworthiness through a sociotechnical-based approach, fostering greater trust and confidence in Artificial Intelligence (AI) driven systems within the healthcare industry. This innovative system will improve healthcare delivery by minimizing coding errors and ensuring precise reimbursement claims, leading to better patient outcomes. This project has the potential to advance scientific understanding of AI applications in healthcare and position itself as a leader in the growing healthcare technology market, fostering broader acceptance and adoption of AI-driven solutions. This project is at the intersection of AI, medical informatics, and socio-"
NSF,medical coding,I-Corps: Trustworthy Medical Code Recommendations,Saint John's University,NY,Syed Ahmad Chan Bukhari,I-Corps,50000,,05/15/2023,10/31/2024,False,2325785,"The broader impact/commercial potential of this I-Corps project is to revolutionize the medical coding process by increasing the efficiency, accuracy, and explainability of artificially intelligence-driven computer-assisted coding systems. The innovation has the potential to reduce human effort and errors, streamline medical claims and billing processes, and integrate information systems across healthcare providers, payers, and insurance companies. The increased transparency and trustworthiness of artificially intelligent generated codes, in turn, would lead to faster processing and resolution of medical bills and claims with fewer rejections. As a result, healthcare providers will save costs on providing quality healthcare services with better patient outcomes. The project’s broader significance also lies in its applicability to information systems in other industries that rely on coding and structured information, such as pharmaceuticals, bio-medical, legal, and accounting. This I-Corps project is based on the development of an innovative technology that combines deep learning attention mechanisms with symbolic artificially intelligent, specifically knowledge graphs, to improv"
NSF,medical coding,MRI:  Acquisition of an Enterprise Level System for Research and Research Training,Marist College,NY,Roger Norton,Major Research Instrumentation,678883,,09/01/2011,08/31/2014,False,1125520,"Proposal #: 11-25520 PI(s): Norton, Roger; Coleman, Ron G.; Lauria, Eitel Institution: Marist College Poughkeepsie, NY 12601-1387 Title: MRI/Acq.: An Enterprise System for Research and Research Training Project Proposed: This project from a mainly undergraduate-serving institution, acquiring an enterprise computing processor and associated storage and network peripherals, aims to introduce research training in enterprise computing to faculty, undergraduates, and K-12 teachers and students and to bring existing and new research applications onto the new system. Enterprise computing (EC) research and research training has steadily declined at universities for over three decades. Although enterprise systems and data are vital to national security and economic growth, many CS and ITS faculty are ill equipped to train the next generation of instrumentalists. This new equipment will be used to fill a major gap in computer science research and research training. Also, since many technological advances in systems hardware and software appear first on enterprise systems and are later adopted by smaller systems, access to an enterprise system will allow faculty researchers an"
NSF,healthcare fraud,"SBIR Phase II:  Predicting Healthcare Fraud, Waste and Abuse by Automatically Discovering Social Networks in Health Insurance Claims Data through Machine Learning","Albeado, Inc",CA,PARTHA DATTA RAY,SBIR Phase II,1049842,,04/01/2018,09/30/2021,True,1758684,"The broader impact/commercial potential of this Small Business Innovation Research (SBIR) Phase I project will usher new Artificial Intelligence/Machine Learning (AI/ML) products delivering high accuracy with explainability. Without rationale behind predictions, decision makers can't trust and effectively use AI/ML solutions. Outcome of R&D through this project would lead to more accurate and faster detection with appropriate explanation of anomalous interactions and recommend effective controls to 1) eliminate billions of dollars of fraud, waste and abuse (FWA) in Health Insurance markets; 2) lower costs, improve quality and speed of Health Care delivery to consumers; and 3) promote new markets in Personalized Health and Smart Health sector for emerging Medical Internet-of-Things (IOT) devices and systems, enabling economic growth. The results of this research are expected to enable the discovery of medical anomaly together with advancing the detection of new types of FWA. The boost in detection accuracy with explanation will save hundreds of millions of dollars. Societal impact includes reduced costs to consumers and taxpayers through better FWA control and advance health ou"
NSF,healthcare fraud,"SBIR Phase I:  Predicting Healthcare Fraud, Waste and Abuse by Automatically Discovering Social Networks in Health Insurance Claims Data through Machine Learning","Albeado, Inc",CA,Armand Prieditis,SBIR Phase I,224516,,12/01/2016,11/30/2017,True,1648542,"The broader impact/commercial potential of this Small Business Innovation Research (SBIR) Phase I project will pave the way for new types of social network analysis to detect anomalies, which could lead to more accurate and faster identification of Fraud, Waste, and Abuse (FWA), key opinion leaders (i.e., influentials), and market segments. Medicare and other healthcare providers lose hundreds of millions of dollars to FWA. This research proposes using a novel way to discover and combine relationships between entities (e.g., doctors) with information about the entities (e.g., prescription history) using machine learning. The goal is to reduce a claims investigator's workload while maintaining high accuracy in detecting FWA. In short, the results of this research will not only improve FWA detection efficiency, but enable detecting new types of FWA. Societal impact includes reduced costs to the taxpayer for government supported programs such as Medicare through better FWA detection. More broadly, the system could be used to find terrorist and crime networks, detect possible opioid or substance abuse epidemic cohorts, under-medication, over-medication, and even incorrect medicati"
NSF,revenue cycle,SBIR Phase II:  Reducing Claims Denials in Healthcare Through Blockchain and Machine Learning,"BRILLIANTMD, LLC",CA,Richard Peters,SBIR Phase II,1000000,,05/15/2022,12/31/2024,True,2126982,"This Small Business Innovation Research (SBIR) project is focused on improving healthcare reimbursement and revenue cycle management. Two key concerns are that errors in healthcare claims result in frequent payment denials, and failure to obtain prior authorization can make those services non-reimbursable. These issues can lead to inappropriate direct billing to patients and/or a write-off by the healthcare provider and cost-shifting to cover losses. In addition, complexity within the rules for payment and prior authorization require considerable administrative overhead for claim submission, reconciliation, and rework, inflating administrative costs. The proposed project addresses these inefficiencies in the health care reimbursement system. This SBIR Phase II project proposes to use advanced analytics, machine learning, and blockchain technologies to address the following research objectives: (1) analyze and predict healthcare claim risk for denial of payment; (2) predict the likelihood of a prior authorization requirement before a clinical intervention is undertaken; and (3) incentivize accuracy in the claim submission process and decrease associated administrative burden and"
NSF,health insurance claims,"EPSCoR Graduate Fellowship Program (EGFP): AIM Fellows - Artificial Intelligence and Machine Learning Industry PhD Fellowships with data science, cybersecurity, and online safety",University of Vermont & State Agricultural College,VT,Christopher Danforth,EGF-EPSCoR Graduate Fellowship,954000,,03/15/2027,02/28/2030,False,2535355,"The National Science Foundation (NSF), NSF EPSCoR Graduate Fellowship Program (EGFP) supports EGFP-designated institutions/programs in EPSCoR jurisdictions by providing funding for graduate fellowships for eligible applicants. Institutions receive a total of three years of stipend and associated cost-of-education (COE) allowance for each NSF EPSCoR Graduate Fellow. This award at the University of Vermont (UVM) seeks to enhance research competitiveness and capability through an investment in talent development. Fellow research topics will align with goals and programs supported by the NSF Directorate for Computer and Information Science and Engineering (CISE), and the Directorate for Technology, Innovation, and Partnerships (TIP). Research topics and activities will focus on translational AI and ML research and learning in a world-renowned interdisciplinary complex systems institute where researchers bring expertise in digital healthcare, security, modeling, and prediction. AIM Fellows will work with an industry partner and a faculty mentor who will facilitate the industry mentoring relationship. The fellowships will incorporate experiential learning rooted in real-world scenario"
NSF,health insurance claims,Conference: 2027 Label-Free Single Molecule Sensing Gordon Research Conference and Seminar,Gordon Research Conferences,RI,Georgios Alexandrakis,BIOSENS-Biosensing,10000,,03/15/2027,08/31/2027,False,2625972,"This award will provide partial support for the second Label-Free Single Molecule Sensing Gordon Research Conference, which will be held at Stonehill College from June 6–11, 2027. The first conference of this kind took place in 2025 and was a great success, providing this research community a dedicated meeting place. The 2027 conference will focus on ""label-free"" sensing, which addresses a key problem in studying individual molecules. Most existing techniques require attaching chemical tags or anchoring molecules in place to observe them. However, attaching a chemical tag or anchoring the molecules changes their behavior, which can make results misleading or hard to interpret. Newer techniques are making it possible to observe molecules without any attachments, giving scientists a much clearer picture of how they truly behave. This conference will build and sustain a community of researchers, from leading experts to graduate students, who share the common goal of leveraging new label-free techniques to produce tools that could transform medicine and healthcare. The ability to precisely detect biomolecules and measure their dynamics is central to understanding biological phenome"
NSF,health insurance claims,Travel: Student Travel Support for 2027 IEEE International Microwave Biomedical Conference (IMBioC),University of Illinois at Chicago,IL,Pai-Yen Chen,CSCS: Circuits and Systems for,26000,,03/01/2027,08/31/2027,False,2630803,"The IEEE International Microwave Biomedical Conference (IMBioC) provides a global platform for sharing latest innovations and developments in radio frequency (RF) and wireless technologies, antennas, and electromagnetic theory for biomedical and biological applications. The conference is financially sponsored by the IEEE Microwave Theory and Technology Society, with technical co-sponsorships from the IEEE Antennas and Propagation Society and the IEEE Engineering in Medicine and Biology Society. The 2027 IEEE IMBioC will be held in Chicago, Illinois on May 17-19, 2027. To support training the next-generation scientists and engineers working on RF and wireless technologies for biomedical applications, this NSF grant will provide travel support for 20 U.S. students to present their research papers at the conference and learn the state-of-the-art developments in this field. The travel grants will be awarded competitively to undergraduate and graduate students from U.S. universities who will present their accepted papers at the conference. The awardees will be selected by a review committee of the conference, and the paper quality will be considered in the selection process. The travel "
NSF,health insurance claims,EPSCoR Research Fellows: NSF: Engineering a Translational SERS Immunophenotyping and Multimodal Analytics Framework for Liquid-Biopsy Based Early Detection of Ovarian Cancer,University of Oklahoma Norman Campus,OK,Rupa Haldavnekar,EPSCoR RII: EPSCoR Research Fe,272105,,02/01/2027,01/31/2029,False,2624329,"This Research Infrastructure Improvement (RII) EPSCoR Research Fellows project provides a fellowship to an Assistant professor and training for a postdoctoral fellow at the University of Oklahoma. This work is conducted in collaboration with Dr. Anil Sood at M.D. Anderson Cancer Center. Through the fellowship, the PI will establish a minimally invasive, blood-based testing approach for early cancer detection of ovarian cancer. The project will combine advanced sensing technologies, artificial intelligence, and cancer research to identify subtle changes in the blood that may signal the earliest stages of disease. The fellowship will establish new laboratory and computational tools at the University of Oklahoma to better understand how ovarian cancer develops and how the body's immune system responds during early disease. These efforts will strengthen Oklahoma's research capacity, help train the next generation of scientists and healthcare innovators, expand collaborations, and advance the long-term goal of earlier ovarian cancer detection and improved patient outcomes. This project will establish a multimodal, quantitatively integrated platform to identify early signatures of ova"
NSF,health insurance claims,Collaborative Research: A Subspace Optimization Framework for Resource-Efficient and Private Fine-Tuning of Large Language Models,University of Texas at San Antonio,TX,Yuanxiong Guo,CSCS: Circuits and Systems for,120000,,01/01/2027,12/31/2029,False,2619079,"Large language models (LLMs) have transformed artificial intelligence (AI) applications by enabling advanced language understanding, content generation, and decision-making across many domains. However, adapting these general-purpose models to specialized tasks often requires substantial computing resources and access to sensitive, domain-specific data. These requirements can limit the ability of small organizations, universities, healthcare institutions, and other resource-constrained users to benefit from recent advances in AI. This project addresses this challenge by developing methods that make LLM adaptation more resource efficient while protecting sensitive information. The research contributes to societal benefits by broadening access to advanced AI tools, strengthening the protection of sensitive information, and reducing the financial and energy costs of model adaptation. The project also supports the development of the national AI workforce through new course content, laboratory modules, and hands-on research experiences for undergraduate and graduate students. Through established pre-college outreach activities at the participating institutions, project-based learning al"
NSF,health insurance claims,Collaborative Research: A Subspace Optimization Framework for Resource-Efficient and Private Fine-Tuning of Large Language Models,Texas A&M University,TX,Yanmin Gong,CSCS: Circuits and Systems for,120000,,01/01/2027,12/31/2029,False,2619080,"Large language models (LLMs) have transformed artificial intelligence (AI) applications by enabling advanced language understanding, content generation, and decision-making across many domains. However, adapting these general-purpose models to specialized tasks often requires substantial computing resources and access to sensitive, domain-specific data. These requirements can limit the ability of small organizations, universities, healthcare institutions, and other resource-constrained users to benefit from recent advances in AI. This project addresses this challenge by developing methods that make LLM adaptation more resource efficient while protecting sensitive information. The research contributes to societal benefits by broadening access to advanced AI tools, strengthening the protection of sensitive information, and reducing the financial and energy costs of model adaptation. The project also supports the development of the national AI workforce through new course content, laboratory modules, and hands-on research experiences for undergraduate and graduate students. Through established pre-college outreach activities at the participating institutions, project-based learning al"
NSF,health insurance claims,Collaborative Research: Federated Bilevel Optimization over Wireless Networks,University of Houston,TX,Sen Lin,CSCS: Circuits and Systems for,220000,,01/01/2027,12/31/2029,False,2624440,"Emerging edge intelligence systems are transforming applications such as AI-native wireless networks, autonomous systems, smart manufacturing, and personalized healthcare by enabling distributed devices to collaboratively learn and make decisions. These systems rely on hierarchical decision-making over resource-constrained wireless networks, where global objectives depend on coordinated optimization performed locally across many edge devices. Federated bilevel optimization is an emerging mathematical framework for solving these hierarchical optimization problems while preserving data privacy. However, existing approaches are not designed for practical wireless environments, where unreliable communications, limited radio resources, constrained device capabilities, and dynamic operating conditions fundamentally affect optimization performance. This project develops the scientific foundations of communication-aware federated bilevel optimization over wireless networks to enable reliable, scalable, and adaptive edge intelligence. The project prepares the future workforce by integrating research outcomes into undergraduate and graduate courses at Washington State University and Universi"
NSF,health insurance claims,Collaborative Research: Human-Inspired Cyber-Physical Security in Human-Robot Interactions,Iowa State University,IA,Jundi Liu,"M3X - Mind, Machine, and Motor",312413,,01/01/2027,12/31/2029,False,2625054,"This grant supports research on the safety and security of intelligent robots, advancing the safe deployment of robotic systems in manufacturing, healthcare, transportation, defense, and other public environments. Intelligent robots are increasingly expected to work near people and respond to physical contact, changing surroundings, and unexpected behavior. However, most existing human-robot interaction research assumes that people will cooperate with robots. As such, most robot security research represents an attacker as an abstract computer algorithm or an external disturbance. These approaches do not adequately explain the possibility that instead a person may observe a robot, identify a weakness, interfere with it, and change strategies in response to the robot’s behavior. This award supports fundamental research to understand and defend against adversarial physical interactions between humans and robots. The research will develop models of human decision making, methods for identifying realistic robot vulnerabilities, and control strategies that allow robots to resist and recover from disruptive actions. The results will contribute to the safer use of mobile robots of all kind"
NSF,health insurance claims,Collaborative Research: Human-Inspired Cyber-Physical Security in Human-Robot Interactions,University of Washington,WA,Dan Li,"M3X - Mind, Machine, and Motor",187587,,01/01/2027,12/31/2029,False,2625055,"This grant supports research on the safety and security of intelligent robots, advancing the safe deployment of robotic systems in manufacturing, healthcare, transportation, defense, and other public environments. Intelligent robots are increasingly expected to work near people and respond to physical contact, changing surroundings, and unexpected behavior. However, most existing human-robot interaction research assumes that people will cooperate with robots. As such, most robot security research represents an attacker as an abstract computer algorithm or an external disturbance. These approaches do not adequately explain the possibility that instead a person may observe a robot, identify a weakness, interfere with it, and change strategies in response to the robot’s behavior. This award supports fundamental research to understand and defend against adversarial physical interactions between humans and robots. The research will develop models of human decision making, methods for identifying realistic robot vulnerabilities, and control strategies that allow robots to resist and recover from disruptive actions. The results will contribute to the safer use of mobile robots of all kind"
NSF,health insurance claims,Collaborative Research: Autonomous Smart Capsule for Targeted Drug Delivery in Inflammatory Bowel Disease,California Institute of Technology,CA,Wei Gao,CSCS: Circuits and Systems for,245000,,01/01/2027,12/31/2029,False,2626690,"This project addresses a critical health challenge affecting millions of patients: inflammatory bowel disease (IBD). Current treatments often rely on systemic therapies that can cause unwanted side effects and fail to deliver medication precisely where it is needed. The proposed solution is a fully integrated wireless smart capsule which represents a transformative leap in how IBD and other gastrointestinal diseases are managed. By enabling real-time monitoring and targeted therapy, the capsule promises to improve treatment outcomes, reduce adverse effects, and enhance patient adherence to treatment. Its minimally invasive design offers a comfortable, non-invasive alternative to injections or endoscopic procedures, making it more accessible and patient-friendly. Beyond direct health benefits, the project is poised to reduce healthcare costs associated with chronic disease management and drive innovation across multiple fields, including materials science, microelectronics, robotics, and biomedical engineering. The integration of research with educational and outreach activities will enrich STEM education, fostering a new generation of skilled professionals capable of advancing medi"
NSF,health insurance claims,Collaborative Research: Autonomous Smart Capsule for Targeted Drug Delivery in Inflammatory Bowel Disease,University of Texas at Austin,TX,Yaoyao Jia,CSCS: Circuits and Systems for,255000,,01/01/2027,12/31/2029,False,2626689,"This project addresses a critical health challenge affecting millions of patients: inflammatory bowel disease (IBD). Current treatments often rely on systemic therapies that can cause unwanted side effects and fail to deliver medication precisely where it is needed. The proposed solution is a fully integrated wireless smart capsule which represents a transformative leap in how IBD and other gastrointestinal diseases are managed. By enabling real-time monitoring and targeted therapy, the capsule promises to improve treatment outcomes, reduce adverse effects, and enhance patient adherence to treatment. Its minimally invasive design offers a comfortable, non-invasive alternative to injections or endoscopic procedures, making it more accessible and patient-friendly. Beyond direct health benefits, the project is poised to reduce healthcare costs associated with chronic disease management and drive innovation across multiple fields, including materials science, microelectronics, robotics, and biomedical engineering. The integration of research with educational and outreach activities will enrich STEM education, fostering a new generation of skilled professionals capable of advancing medi"
NSF,health insurance claims,Collaborative Research: A Subspace Optimization Framework for Resource-Efficient and Private Fine-Tuning of Large Language Models,Pennsylvania State Univ University Park,PA,Ying Sun,CSCS: Circuits and Systems for,270000,,01/01/2027,12/31/2029,False,2619078,"Large language models (LLMs) have transformed artificial intelligence (AI) applications by enabling advanced language understanding, content generation, and decision-making across many domains. However, adapting these general-purpose models to specialized tasks often requires substantial computing resources and access to sensitive, domain-specific data. These requirements can limit the ability of small organizations, universities, healthcare institutions, and other resource-constrained users to benefit from recent advances in AI. This project addresses this challenge by developing methods that make LLM adaptation more resource efficient while protecting sensitive information. The research contributes to societal benefits by broadening access to advanced AI tools, strengthening the protection of sensitive information, and reducing the financial and energy costs of model adaptation. The project also supports the development of the national AI workforce through new course content, laboratory modules, and hands-on research experiences for undergraduate and graduate students. Through established pre-college outreach activities at the participating institutions, project-based learning al"
NSF,health insurance claims,Collaborative Research: Federated Bilevel Optimization over Wireless Networks,Washington State University,WA,Xuanyu Cao,CSCS: Circuits and Systems for,220000,,01/01/2027,12/31/2029,False,2624439,"Emerging edge intelligence systems are transforming applications such as AI-native wireless networks, autonomous systems, smart manufacturing, and personalized healthcare by enabling distributed devices to collaboratively learn and make decisions. These systems rely on hierarchical decision-making over resource-constrained wireless networks, where global objectives depend on coordinated optimization performed locally across many edge devices. Federated bilevel optimization is an emerging mathematical framework for solving these hierarchical optimization problems while preserving data privacy. However, existing approaches are not designed for practical wireless environments, where unreliable communications, limited radio resources, constrained device capabilities, and dynamic operating conditions fundamentally affect optimization performance. This project develops the scientific foundations of communication-aware federated bilevel optimization over wireless networks to enable reliable, scalable, and adaptive edge intelligence. The project prepares the future workforce by integrating research outcomes into undergraduate and graduate courses at Washington State University and Universi"
NSF,health insurance claims,Travel: Student Travel Support for 2027 IEEE Radio & Wireless Week,University of Texas at El Paso,TX,Davi V Q Rodrigues,CSCS: Circuits and Systems for,25000,,01/01/2027,07/31/2027,False,2629880,"The IEEE Radio & Wireless Week (RWW) covers a broad range of emerging research topics in radio wireless technologies, from theory to practical implementation, from integrated chips to large-scale systems, from kilohertz (kHz) to terahertz (THz), and from communications to sensing and space applications. It is sponsored by the IEEE Microwave Theory and Technology Society, with technical co-sponsorships from the IEEE Antennas and Propagation Society, the IEEE Aerospace and Electronic Systems Society, and the IEEE Geoscience and Remote Sensing Society. The conference serves as a vital platform for unveiling cutting-edge research and emerging trends in wireless technologies, including 5G/6G, the Internet of Things (IoT), AI-driven networks, and healthcare applications. The 22nd annual IEEE RWW will be held in Tampa, Florida on January 17-20, 2027. To support the training of the next-generation scientists and engineers working on 5G/6G Wireless, this NSF grant will provide travel support for 25 students to present their research papers at the conference and learn the cutting-edge research and development of wireless technologies, systems, and applications. The travel grants will be awar"
NSF,health insurance claims,Collaborative Research: RET Site: Linking Polymer Engineering with Rural STEM Education to Catalyze Community Engagement,University of Oklahoma Norman Campus,OK,Mark Nanny,RES EXP FOR TEACHERS(RET)-SITE,383734,,12/01/2026,11/30/2029,False,2601587,"The University of Oklahoma (OU) and East Central University (ECU) in Ada, Oklahoma, are partnering on a three-year program designed to support science, technology, engineering, and mathematics (STEM) teachers in distant-rural Oklahoma communities. Distant-rural communities are those located beyond a reasonable daily commuting distance from a major research university. Many distant-rural schools face unique and severe challenges, including limited access to research opportunities, professional development, and scientific equipment. This RET program will support distant-rural STEM teachers in overcoming these problems through hands-on research of cutting-edge engineering topics as well as creating STEM lessons specifically designed for their rural students. Through team-based lesson development with educators and peer-teachers, along with scientific equipment support through the ECU Lending Library, distant-rural teachers will strengthen STEM education within their schools and communities. By connecting cutting-edge engineering research with rural STEM education, this program aims to expand opportunities for teachers and students, strengthen local schools, and build a stronger fo"
NSF,health insurance claims,REU Site: Applied and Computational Mathematics,University of California-Los Angeles,CA,Hayden Schaeffer,RSCH EXPER FOR UNDERGRAD SITES,431112,,12/01/2026,11/30/2029,False,2548181,"The University of California, Los Angeles Research Experiences for Undergraduates (REU) Site will provide intensive summer research opportunities in applied and computational mathematics. Each year, the program will support twelve undergraduate participants in an eight-week research experience that explores how mathematics is used to address emerging challenges in science and technology. Through faculty mentorship and collaborative research, students will develop the analytical, computational, and communication skills needed for graduate study and STEM careers. By engaging participants in research and professional development, the program contributes to the preparation of a highly trained scientific workforce and broadens pathways into advanced study and research careers. The summer experience will culminate in student presentations that communicate research outcomes to the broader scientific community. Research projects will investigate mathematical and computational questions arising from rapidly developing areas such as artificial intelligence, quantum information science, biotechnology, healthcare, and the physical sciences. Working in small teams with UCLA faculty mentors,"
NSF,health insurance claims,Collaborative Research: RET Site: Linking Polymer Engineering with Rural STEM Education to Catalyze Community Engagement,East Central University,OK,Darcy Tessman,RES EXP FOR TEACHERS(RET)-SITE,216262,,12/01/2026,11/30/2029,False,2601588,"The University of Oklahoma (OU) and East Central University (ECU) in Ada, Oklahoma, are partnering on a three-year program designed to support science, technology, engineering, and mathematics (STEM) teachers in distant-rural Oklahoma communities. Distant-rural communities are those located beyond a reasonable daily commuting distance from a major research university. Many distant-rural schools face unique and severe challenges, including limited access to research opportunities, professional development, and scientific equipment. This RET program will support distant-rural STEM teachers in overcoming these problems through hands-on research of cutting-edge engineering topics as well as creating STEM lessons specifically designed for their rural students. Through team-based lesson development with educators and peer-teachers, along with scientific equipment support through the ECU Lending Library, distant-rural teachers will strengthen STEM education within their schools and communities. By connecting cutting-edge engineering research with rural STEM education, this program aims to expand opportunities for teachers and students, strengthen local schools, and build a stronger fo"
NSF,health insurance claims,NSF AI Institute TILOS: Advancing AI and Optimization for Intelligent Systems,University of California-San Diego,CA,Yusu Wang,AI Research Institutes,3000000,,11/01/2026,10/31/2031,False,2622219,"TILOS Phase II targets next-generation artificial intelligence (AI) research and education by focusing on physically embedded real-world intelligence. Embedded intelligence integrates AI, and even larger foundation models, with physical embodiment to allow real-time decision making, control, and interaction within complex environments. This is critical to areas such as transportation, manufacturing, healthcare, energy systems, and scientific instruments. The project builds upon its first five years to move beyond learning-enabled optimization toward a new scientific paradigm for embedded intelligent systems, where optimization is central to how AI learns, scales, coordinates, and operates in complex real-world environments. The Institute has significant broader impact activities through translation, education and workforce development, outreach, community building, and open-source release of new frameworks for AI and optimization. By leveraging its strong relationship with leading industry partners across sectors critical to the national economy, the institute further accelerates knowledge transfer to the private sector, provides interdisciplinary student training in AI application"
NSF,health insurance claims,FDT-BioTech: Composable Digital Twins for Clinical Trials Projections,Arizona State University,AZ,Sandeep Gupta,MSPA-INTERDISCIPLINARY,799999,,11/01/2026,10/31/2029,False,2625904,"Medical clinical trials often span many years, during which the standard of care continues to evolve. When physicians adopt new procedures alongside an experimental therapy or device, the final trial results may no longer reveal how much patient benefit arose from the intervention itself and how much resulted from changes in clinical practice. Because patients cannot ethically be denied improved care, this challenge is difficult to avoid and is frequently recognized only after substantial time and resources have been invested. This project will develop computational models that reconstruct how a clinical trial would have unfolded had medical practice remained unchanged, thereby recovering actionable evidence from studies that might otherwise prove inconclusive. The research will create a clinical-trial world model built from patient-specific digital twins—computational representations calibrated to an individual's clinical measurements—that separate the effects of therapies, procedures, and other interventions. The framework will replay completed trials under alternative treatment scenarios and quantify the confidence associated with each outcome. The methods will be evaluated usin"
NSF,health insurance claims,Enabling Monolayer NanoElectroMechanical Systems through Engineered Piezoelectric Actuation in 2D Materials,Carnegie Mellon University,PA,Gianluca Piazza,"EPMQD: Electronic, Photonic, M",460000,,10/15/2026,09/30/2029,False,2610788,"“Enabling Monolayer NanoElectroMechanical Systems through Engineered Piezoelectric Actuation in 2D Materials” Abstract: Modern technologies increasingly depend on sensors and actuators that are smaller, faster, and more energy efficient. However, conventional microelectromechanical systems (MEMS) are approaching fundamental limits in miniaturization and performance. This project investigates a new class of atomically thin materials that can convert electrical signals into mechanical motion and vice versa, enabling devices that are orders of magnitude thinner than today’s technologies. In particular, the research focuses on two-dimensional (2D) piezoelectric materials whose electromechanical properties can emerge or become significantly enhanced when materials are reduced to a single atomic layer. By establishing a scientific foundation for these materials and demonstrating their use in practical devices, the project seeks to enable a new generation of nanoelectromechanical systems (NEMS) with applications in healthcare, communications, robotics, and quantum technologies. A key demonstration will explore the use of atomically thin mechanical structures to convert weak electrical"
NSF,health insurance claims,Collaborative Research: A Predictive Device Physics Framework for High-Performance Organic Electrochemical Transistors,Princeton University,NJ,Iain McCulloch,"EPMQD: Electronic, Photonic, M",306340,,10/15/2026,09/30/2029,False,2611214,"Collaborative Research: A Predictive Device Physics Framework for High-Performance Organic Electrochemical Transistors Abstract The next generation of medical implants, wearable health monitors and other personalized healthcare technologies requires electronic devices that can interface with soft, living biological systems. Organic Electrochemical Transistors (OECTs) are well positioned to perform this task as they can translate biological signals, which rely on the flow of ions, into electrical currents. However, because these devices operate differently than traditional electronics, the mechanisms governing their operation is not fully understood and progress relies on costly, time-consuming trial-and-error approaches to design new materials and device architectures. This project, a collaboration between Wake Forest University and Princeton University, will develop a fundamental understanding of how OECTs operate and use that knowledge to create a predictive, simulation-guided design framework for high-performance OECTs. This work directly benefits the U.S. healthcare and technology sectors by enabling the rapid development of stable, high-performance bioelectronics for healt"
NSF,health insurance claims,"REU Site: AI in Sensing, Robotics, and Healthcare (AI-CARE)",Johns Hopkins University,MD,Muyinatu Bell,EWFD-Eng Workforce Development,505423,,10/15/2026,09/30/2029,False,2545697,"During a ten-week summer session, undergraduate participants from institutions nationwide will engage in exciting and challenging projects in multiple engineering disciplines. Each participant will be matched with a research project in one of the many laboratories at Johns Hopkins University (JHU) working at the intersection of artificial intelligence (AI) with robotics, sensing, and/or healthcare. These students will work closely with teams composed of a professor, postdoctoral fellow and/or graduate student, other undergraduate students and, possibly, high school students and/or K-12 educators. These research projects aim to help healthcare providers improve patient care, including projects that help surgeons make operations more effective and less error-prone or help individuals with disabilities regain previously lost functions after limb amputation or stroke. Undergraduate participants will also receive training in technical writing, oral presentations, and research ethics, which will include AI ethics. They will tour laboratories at JHU and the Johns Hopkins Hospital (JHH), the Applied Physics Laboratory, and local robotics and biotech companies. They will have opportunities "
NSF,health insurance claims,Collaborative Research: A Predictive Device Physics Framework for High-Performance Organic Electrochemical Transistors,Wake Forest University,NC,Oana Jurchescu,"EPMQD: Electronic, Photonic, M",306341,,10/15/2026,09/30/2029,False,2611213,"Collaborative Research: A Predictive Device Physics Framework for High-Performance Organic Electrochemical Transistors Abstract The next generation of medical implants, wearable health monitors and other personalized healthcare technologies requires electronic devices that can interface with soft, living biological systems. Organic Electrochemical Transistors (OECTs) are well positioned to perform this task as they can translate biological signals, which rely on the flow of ions, into electrical currents. However, because these devices operate differently than traditional electronics, the mechanisms governing their operation is not fully understood and progress relies on costly, time-consuming trial-and-error approaches to design new materials and device architectures. This project, a collaboration between Wake Forest University and Princeton University, will develop a fundamental understanding of how OECTs operate and use that knowledge to create a predictive, simulation-guided design framework for high-performance OECTs. This work directly benefits the U.S. healthcare and technology sectors by enabling the rapid development of stable, high-performance bioelectronics for healt"
NSF,health insurance claims,Collaborative Research: Innovative Materials for Promoting Accessibility Curriculum and Teaching,CUNY Brooklyn College,NY,Devorah Kletenik,IUSE,339688,,10/15/2026,09/30/2029,False,2539862,"This project aims to serve the national interest by improving accessibility education in undergraduate computing and building a community of practice to support instructors. As software increasingly shapes participation in education, employment, and healthcare, digital accessibility has become an important computing competency. This creates opportunities to further integrate accessibility concepts and practices into undergraduate computing curricula. This Level 2 Engaged Student Learning project seeks to advance accessibility education in undergraduate computing through research, evidence-based instructional innovation, and faculty support. It plans to investigate how experiential learning opportunities can motivate students, increase accessibility awareness, and foster intentions to design accessible software in the future. Expected outcomes include empirically informed instructional resources, evidence-based guidance for teaching accessibility in undergraduate computing, and broader dissemination and adoption of these resources through a community of practice and open educational materials. The goals of this project are to (a) advance the understanding of the challenges that i"
NSF,health insurance claims,Collaborative Research: Innovative Materials for Promoting Accessibility Curriculum and Teaching,University of Illinois at Urbana-Champaign,IL,Rachel Adler,IUSE,357108,,10/15/2026,09/30/2029,False,2539863,"This project aims to serve the national interest by improving accessibility education in undergraduate computing and building a community of practice to support instructors. As software increasingly shapes participation in education, employment, and healthcare, digital accessibility has become an important computing competency. This creates opportunities to further integrate accessibility concepts and practices into undergraduate computing curricula. This Level 2 Engaged Student Learning project seeks to advance accessibility education in undergraduate computing through research, evidence-based instructional innovation, and faculty support. It plans to investigate how experiential learning opportunities can motivate students, increase accessibility awareness, and foster intentions to design accessible software in the future. Expected outcomes include empirically informed instructional resources, evidence-based guidance for teaching accessibility in undergraduate computing, and broader dissemination and adoption of these resources through a community of practice and open educational materials. The goals of this project are to (a) advance the understanding of the challenges that i"
NSF,price transparency,Travel: NSF Student Travel Grant for 2027 ACM International Conference on Supporting Group Work (ACM GROUP),"PARKVIEW HOSPITAL, INC.",IN,Fayika Farhat Nova,HCC-Human-Centered Computing,10000,,11/15/2026,10/31/2027,False,2634845,"This award provides funding to support about 5 United States-based students to attend a doctoral consortium (DC) at the ACM 2027 International Conference on Supporting Group Work (Group 2027). The Group 2027 DC focuses on participating students' doctoral dissertations, which represent state-of-the-art research in the areas of organizational systems, artificial intelligence, information systems, social informatics, and computer-supported cooperative work. The DC provides both an opportunity for these projects to be shaped through intellectual exchange as well as an opportunity to communicate the character of the work to a key group of early career researchers. Bringing together students and experienced faculty, both during the DC and during the conference poster presentations, will foster interdisciplinary conversations that are valuable for both the participants and the Group community as a whole. Through a structured program both during the DC and the conference, students will gain a number of benefits in terms of valuable scholarly critique, career advice, and connections to senior researchers. Participating students and faculty will be chosen to represent a range of topical,"
NSF,price transparency,"REU Site: AI in Sensing, Robotics, and Healthcare (AI-CARE)",Johns Hopkins University,MD,Muyinatu Bell,EWFD-Eng Workforce Development,505423,,10/15/2026,09/30/2029,False,2545697,"During a ten-week summer session, undergraduate participants from institutions nationwide will engage in exciting and challenging projects in multiple engineering disciplines. Each participant will be matched with a research project in one of the many laboratories at Johns Hopkins University (JHU) working at the intersection of artificial intelligence (AI) with robotics, sensing, and/or healthcare. These students will work closely with teams composed of a professor, postdoctoral fellow and/or graduate student, other undergraduate students and, possibly, high school students and/or K-12 educators. These research projects aim to help healthcare providers improve patient care, including projects that help surgeons make operations more effective and less error-prone or help individuals with disabilities regain previously lost functions after limb amputation or stroke. Undergraduate participants will also receive training in technical writing, oral presentations, and research ethics, which will include AI ethics. They will tour laboratories at JHU and the Johns Hopkins Hospital (JHH), the Applied Physics Laboratory, and local robotics and biotech companies. They will have opportunities "
NSF,price transparency,"STTR Phase I: A New Class of Injection Molded Biosymbiotic Devices for Long-Term, Multimodal Physiological Monitoring","SENPHONIX, INC",MN,John Grant,STTR Phase I,304950,,10/01/2026,09/30/2027,True,2537968,"The broader impact of this Small Business Technology Transfer (STTR) Phase I project is to improve patient health outcomes through earlier detection of anomalies and to improve the efficiency of health care by helping nurses take and document vital signs automatically. The commercial impact is vast, since nurses can spend up to 20% (and in some cases more) of their time measuring vital signs manually. Helping to automate these processes can save hundreds of millions of dollars for hospital systems, in addition to directly addressing nursing shortages and nurse burnout. Current clinical grade medical wearables use adhesives and straps and are not suitable for long-term wear due to discomfort and a lack of patient convenience overall. Consumer-oriented watch and ring form factors are not useful for collecting clinical grade data, primarily because hands and wrists are not the ideal location to collect such data. This project will result in demonstration of adhesive-free, non-bulky, comfortable, clinical grade wearables that will lead to a large business enterprise serving multiple clinical segments. This Small Business Technology Transfer (STTR) Phase I project utilizes a lightwei"
NSF,price transparency,VINES: Track 1: REGAIN: Resilient and Energy-Efficient Generative AI for Secure Hospital Robotics over NextG Networks,Case Western Reserve University,OH,Gourav Datta,Use-Inspired NextG,592000,,10/01/2026,09/30/2029,False,2548952,"Hospitals are starting to adopt robots that assist surgeons, dispense medications, and take care of patients. These robots must respond promptly and continue functioning efficiently even during low or disrupted internet connections without compromising patient confidentiality. Thus, this research seeks to design robots capable of operating independently, powered by their own lightweight AI brains that would interact with powerful cloud computers only when required to exchange crucial information efficiently and save energy. Moreover, the robots will be capable of learning and adjusting to the situation, as well as collaborating effectively within the robot team. This project incorporates advanced wireless networks technology and artificial intelligence at the network edges to enable secure, real-time hospital robotics based on four integrated objectives. Specifically, the first objective is developing an energy-efficient method of synchronizing compact vision-language-action models and world models through the application of model distillation and event-driven model updates. The second objective involves developing adaptive coordination techniques to achieve privacy-awareness an"
NSF,price transparency,OSTEO: Engineering a predictive digital twin of bone metastasis,The Methodist Hospital Research Institute,TX,Stefano Casarin,Engineering of Biomed Systems,549705,,09/15/2026,08/31/2029,False,2607887,"Bone metastases (BMs) occur when cancer spreads to bone and are a life-threatening problem for about 40% of patients with renal cancer and 80% of patients with prostate cancer. BMs cause pain, weak bones, and fractures, and often require major surgery. Understanding how cancers affect bone health and fractures is challenging. While animal studies can help, they raise ethical concerns and are limited for quickly and efficiently addressing complex problems. Using advanced “digital twin” (DT) models of BM, scientists can learn more about how cancer weakens bones. This project will build a computational model - Osseous System Twin for Experimental Optimization (OSTEO) - that will bring together 3D images of bone, experimental cancer data, and bone-strength measurements on one platform. OSTEO will help better understand how BMs grow, how bones weaken, and when they are at risk for fracture. OSTEO will first be tested using data from experiments in mice to ensure accuracy. The model will then run simulations to help decide which lab studies can be most effective. OSTEO will be freely available with a point-and-click app for researchers, doctors, students, and teachers. Videos, handouts, "
NSF,price transparency,Collaborative Research: Privacy-Preserving Statistical Learning for High-Dimensional Spatial Omics,Brown University,RI,Ying Ma,"OFFICE OF MULTIDISCIPLINARY AC, STATISTICS",200000,,09/01/2026,08/31/2029,False,2610731,"Spatial genomics technologies can now measure gene expression while maintaining their tissue context, showing not only which cells are present, but also where they are located and how they interact with their surrounding environment. These spatial maps are especially important for diseases such as cancer, where the tumor microenvironment may influence disease progression, therapeutic resistance, and treatment response. However, a single hospital or research center often does not have enough patient samples to identify statistically reliable biological patterns, while privacy rules, data-use agreements, and institutional policies often prevent direct sharing of patient-level molecular data. This project will develop new statistical theories and computational methods that allow multiple hospitals and research laboratories to extract statistical insights from each other’s spatial genomics data without directly sharing sensitive patient information. The project will help researchers create a decentralized collaborative network to detect molecular spatial patterns from high dimensional raw measurements, measure how reliable those discoveries are based on statistical evidence, and protec"
NSF,price transparency,GCR: Understanding and Interrupting Cascading Heat Failures Along the I-10 Corridor,Arizona State University,AZ,Richard Rushforth,GCR-Growing Convergence Resear,899999,,09/01/2026,08/31/2031,False,2617920,"Extreme heat is the deadliest weather hazard in the United States, and the Sun Belt is both the nation’s hottest and fastest growing region. The danger comes not only from the heat itself but from the chain reaction it can set in motion. During a heat wave, a power outage can cut off cooling and increase demand for hospital care. Heat-related limits on outdoor work can delay repairs. Repeated costs and service failures can trap households, making it costly to stay and hard to leave. These pressures can also make communities harder to insure and erode the revenues that fund local services. Yet research and practice remain organized around individual systems rather than the failures that move between them. This project will bring together researchers, practitioners, and community leaders from across the Interstate 10 corridor to map how heat-related failures move across systems and test which interventions can keep one disruption from triggering the next. Rural communities will be included alongside urban communities in developing and testing the model so that the analysis and resulting tools reflect differences in work, infrastructure, access to health and emergency services, and lo"
NSF,price transparency,"GOALI: Conformalized, Risk-Adaptable Coordinated Control for Autonomous In-hospital DElivery Robots (AIDERs)",Regents of the University of Michigan - Ann Arbor,MI,Dimitra Panagou,"Dynamics, Control and System D",628685,,09/01/2026,08/31/2029,False,2609995,"Like many public places, hospitals are busy and dynamic. Doctors and nurses spend valuable time moving medications, medical equipment, meals, and supplies from one location to another. While some delivery robots already exist, they are limited in their ability to work safely and efficiently in crowded hallways where people, wheelchairs, stretchers, and unexpected events constantly change the environment. This Grant opportunity for Academic Liaison with Industry (GOALI) project will develop new analytical methods that allow teams of robots to work together, make intelligent decisions, and adapt to changing conditions as they transport supplies throughout a hospital or any other busy and unpredictable work environment. By helping with routine delivery tasks, these robots could free healthcare workers to spend more time caring for patients while improving the efficiency and reliability of hospital operations. The research supported by this grant will establish the foundations on how multi-agent systems (such as multi-robot systems) assess and adapt risk under nominal and emergency conditions, so that they can operate reliably in homes, museums, warehouses and stores, increasing produc"
NSF,price transparency,I-Corps: Translation potential of a conversational Artificial Intelligence (AI) system for post-discharge patient follow-up,Cornell University,NY,Angelique Taylor,I-Corps,50000,,09/01/2026,08/31/2027,False,2638447,"This I-Corps project is based on the development of an artificial intelligence (AI) system that automatically follows up with patients after hospital discharge. Manual nurse outreach cannot scale as care managers make up to 200 calls per day, while most discharges receive no structured follow-up, and the U.S. faces a shortfall of nurses. This technology conducts regular check-in conversations by phone call and text message, reinforcing care instructions, monitoring symptoms, and alerting care teams at the first sign of risk, without requiring an app, patient portal, or technology literacy. Automatic timely follow-up may support discharged patient recovery and free nurses for work that requires clinical judgment. The technology addresses hospital readmission penalties, care-management staffing shortages, and unbilled follow-up care revenue, with applications extending from heart-failure transitions of care to post-emergency-department follow-up, chronic disease management, and remote monitoring programs across hospitals, health systems, and value-based care organizations. This I-Corps project utilizes experiential learning coupled with first-hand investigation of the industry ec"
NSF,price transparency,CyberAI Innovation: Modular AI Security Education for the Public Sector Workforce,Winston-Salem State University,NC,Debzani Deb,CyberAICorps SFS,496376,,09/01/2026,08/31/2029,False,2622950,"Artificial intelligence (AI) tools support critical decisions in hospitals, schools, and government agencies, yet the people who oversee these systems are seldom trained to recognize when an AI tool is failing, being manipulated, or exposing sensitive data. Healthcare administrators, teachers, and public program managers increasingly manage technologies they were never prepared to evaluate. This project will address that gap at Winston-Salem State University, whose graduates largely enter healthcare, education, and public service sectors. Over the duration of this grant, the project will embed AI security concepts into courses students already take, so graduates can confidently question the AI systems they will manage. By strengthening a workforce that serves wider communities, the project advances the national interest in a secure digital society and broadens participation in cybersecurity education. The project will create four self-contained teaching units on AI security for existing Healthcare Management, Education, and Computer Science courses, without new programs or resources. Units will be designed to offer either in person or online so working professionals can particip"
NSF,price transparency,Collaborative Research: Privacy-Preserving Statistical Learning for High-Dimensional Spatial Omics,Northwestern University at Chicago,IL,Naichen Shi,STATISTICS,99999,,09/01/2026,08/31/2029,False,2610730,"Spatial genomics technologies can now measure gene expression while maintaining their tissue context, showing not only which cells are present, but also where they are located and how they interact with their surrounding environment. These spatial maps are especially important for diseases such as cancer, where the tumor microenvironment may influence disease progression, therapeutic resistance, and treatment response. However, a single hospital or research center often does not have enough patient samples to identify statistically reliable biological patterns, while privacy rules, data-use agreements, and institutional policies often prevent direct sharing of patient-level molecular data. This project will develop new statistical theories and computational methods that allow multiple hospitals and research laboratories to extract statistical insights from each other’s spatial genomics data without directly sharing sensitive patient information. The project will help researchers create a decentralized collaborative network to detect molecular spatial patterns from high dimensional raw measurements, measure how reliable those discoveries are based on statistical evidence, and protec"
NSF,price transparency,SBIR Phase II: Rapid Lift-Based Peel Separation Masked Inverted Stereolithography 3D Printing for Trauma and Emergency Procedural Planning,"METEORA3D, INCORPORATED",OH,Prashanth Ravi,SBIR Phase II,287034,,09/01/2026,08/31/2028,True,2605002,"The broader/commercial impact of this Small Business Innovation Research (SBIR) Phase II project includes the advancement of 3D printing technology that will support improvements in pre-surgical planning of trauma and emergency surgeries via faster delivery of 3D printed anatomical models to the surgeon. High-throughput 1-hour printing enables anatomical model availability for trauma and emergency surgeries that currently have overnight turnaround times. 3D printed anatomical models can help reduce average operating room time, leading to cost savings. This Small Business Innovation Research (SBIR) Phase II project enables 1-hour 3D printing of patient-specific anatomical models for the timely planning of trauma and emergency surgeries. Currently, 3D printing of these models takes overnight, which prevents their use in time-sensitive procedures. The Phase I effort de-risked the core technology and demonstrated 7.5X speed improvement. A physics-based approach is proposed in Phase II to address risks related to initial layer thickness, resin reflow, and model delicate feature issues identified during Phase I. The anticipated results include the resolution of thick first layers, re"
NSF,price transparency,I-Corps: Translation Potential of Edge-Artificial Intelligence (AI) Personalized Risk Prediction for International Travelers,University of Massachusetts Medical School,MA,Andres Colubri,I-Corps,50000,,09/01/2026,08/31/2027,False,2637790,"This I-Corps project is based on the development of a mobile health platform that uses artificial intelligence (AI) to provide infectious disease risk predictions for international travelers. Static travel advisories and pre-trip clinic consultations only consider what is known before travelers leave the airport. Once abroad, travelers have no reliable way to assess their risk based on their symptoms, locations, environmental conditions, and social exposure. This also hinders public health agencies, which lack real-time data on disease patterns among travelers. This technology is a privacy-preserving, on-device AI system that learns from each traveler's data to deliver tailored risk assessments without sending personal health information to external servers. The technology may benefit travelers, travel clinics, hospital systems, occupational health departments, and public health agencies. This I-Corps project utilizes experiential learning coupled with first-hand investigation of the industry ecosystem to assess the translation potential of an artificial intelligence (AI)-powered mobile platform for personalized health prediction for travelers. This technology comprises three "
NSF,price transparency,I-Corps: Translation potential of a transcatheter valve repair device for small anatomy patients,Cornell University,NY,Jonathan Butcher,I-Corps,50000,,09/01/2026,08/31/2027,False,2637000,"This I-Corps project is based on the development of a minimally invasive heart valve repair device for children and other small-anatomy patients. Children with congenital heart disease who develop “leaky valves” that allow blood to flow backward, may require repeated open-heart valve repairs or replacements throughout their lives, procedures that are invasive, technically challenging, and high risk. This technology offers a minimally invasive option delivered through a blood vessel to reduce valve leakage without opening the chest. Although catheter-based valve repair devices exist for adults, currently available systems are not designed for small anatomies, leaving many children too small or medically fragile for treatment. This technology may reduce or delay repeated open-heart surgery procedures, and may lessen recovery time, hospital burden, and risks for children. In addition, the technology may have application across multiple atrioventricular valves and other small-anatomy patient groups. This I-Corps project utilizes experiential learning coupled with first-hand investigation of the industry ecosystem to assess the translation potential of a transcatheter edge-to-edge "
NSF,price transparency,I-Corps: Translation potential of a medical device for intracoronary thrombectomy,University of Minnesota-Twin Cities,MN,Arthur Erdman,I-Corps,50000,,08/15/2026,07/31/2027,False,2629682,"This I-Corps project is based on the development of a medical device designed to improve the removal of blood clots during treatment of acute heart attacks. Current medical procedures often fail to remove a blood clot completely and can allow clot fragments to travel downstream, reducing blood flow to heart muscle and increasing the risk of additional heart injury and other serious complications such as stroke. In addition, because current procedures frequently leave residual clots, it often means costly, high-risk secondary procedures. This technology may be used to isolate and remove blood clots within a controlled tube-based environment, improving clot extraction while reducing unintended blocks of blood flow while lowering the likelihood of these secondary interventions. This technology has the potential to improve blood clot removal, reduce complications, shorten hospital stays, lower healthcare costs and improve patient outcomes. This I-Corps project utilizes experiential learning coupled with first-hand investigation of the industry ecosystem to assess the translation potential of a catheter-based intracoronary thrombectomy medical device. This technology combines ves"
NSF,price transparency,Development of Diazirine-based Amination Reactions,H. Lee Moffitt Cancer Center and Research Institute Hospital Inc,FL,Justin Lopchuk,Chemical Synthesis,450000,,08/01/2026,07/31/2029,False,2555763,"Dr. Justin Lopchuk of H. Lee Moffitt Cancer Center will develop a series of new chemical methods and reagents to form carbon-nitrogen (C-N) bonds. Compounds containing one or more nitrogen atoms are valuable in various materials, agricultural chemistry, chemical biology and across the pharmaceutical industry. These methods will support innovation in advanced manufacturing by the creation of novel technologies that convert simple, inexpensive feedstocks into high-value products. The broader impacts of the project will involve researcher education, lab experiences for aspiring scientists, and community outreach. Students conducting research will be cross-trained in organic synthesis, photochemistry, and electrochemistry, along with the opportunity to learn target-oriented synthesis. Through participation in the Moffitt Accelerating Research Careers in High School (MARCH) program, high school students will gain hands on experience in the lab, helping to propel them into college and careers in STEM. Outreach will be conducted by the laboratory team with patients and their caregivers to give a behind-the-scenes view into the research environment. This project seeks to develop diaziri"
NSF,price transparency,I-Corps:  Translation Potential of a Wearable Artificial Intelligence (AI)-Enabled Ultrasound Patch for Deep Vein Thrombosis Detection,Johns Hopkins University,MD,Amir Manbachi,I-Corps,50000,,08/01/2026,07/31/2027,False,2628969,"This I-Corps project is based on the development of a wearable ultrasound monitoring system designed to provide continuous assessment of blood flow and vascular function in hospitalized patients. Delayed recognition of clinically significant physiological changes remains a major challenge across healthcare settings, contributing to preventable complications, prolonged hospital stays, increased healthcare costs, and adverse patient outcomes. Millions of patients each year are at risk for conditions that require frequent monitoring, yet current approaches often rely on intermittent assessments that may miss important changes between evaluations. This technology aims to provide continuous monitoring through a wearable ultrasound device capable of automatically tracking vascular status and identifying clinically meaningful changes in real time. By enabling earlier recognition of complications and supporting more timely interventions, the technology has the potential to improve patient care, reduce healthcare costs, lessen demands on specialized personnel, and expand access to advanced monitoring capabilities. The technology may be used in critical care, surgical recovery, vascular heal"
NSF,price transparency,"CAREER: New data integration approaches for efficient and robust meta-estimation, model fusion and transfer learning",Regents of the University of Michigan - Ann Arbor,MI,Emily Hector,STATISTICS,169665,,08/01/2026,05/31/2029,False,2626045,"Statistical science aims to learn about natural phenomena by drawing generalizable conclusions from an aggregate of similar experimental observations. With the recent “Big Data” and “Open Science” revolutions, scientists have shifted their focus from aggregating individual observations to aggregating massive publicly available datasets. This endeavor is premised on the hope of improving the robustness and generalizability of findings by combining information from multiple datasets. For example, combining data on rare disease outcomes across the United States can paint a more reliable picture than basing conclusions only on a small number of cases in one hospital. Similarly, combining data on disease risk factors across the United States can distinguish local from national health trends. To date, statistical approaches to these data aggregation objectives have been limited to simple settings with limited practical utility. In response to this gap, this project develops new methods for aggregating information from multiple datasets in three distinct data integration problems grounded in scientific practice. The developed approaches are intuitive, principled and robust to substantial "
NSF,price transparency,SBIR Phase II: Rapid Sepsis Screening System Based on Pathogen DNA Extraction,"NEW ENGLAND HEMOLYTICS, INC.",CT,John Nobile,SBIR Phase II,1249902,,08/01/2026,07/31/2028,True,2537891,"The broader impact/commercial potential of this Small Business Innovation Research (SBIR) Phase II project will be to reduce the time that it takes to identify positive sepsis patients. The type of sepsis-causing pathogen will also be determined by this test, which will aid in guiding correct antibiotic treatment. The device under development is expected to reduce the need for cultures by directly testing a patient’s sample for infectious pathogens. Sepsis morbidity increases by about 7% for each hour that correct treatment is delayed, so the device under development in this project, which greatly reduces the diagnostic time, is reasonably expected to increase the survival rate for sepsis patients. This Small Business Innovation Research (SBIR) Phase II project intends to advance the commercialization of a diagnostic lab instrument that uses a novel method of extracting pathogens and their DNA (deoxyribonucleic acid). Additionally, a pathogen class-specific analytical DNA test is also being developed to classify the type of infection that may be identified from the extracted patient sample. This two-step sepsis screening test is simpler and far faster than any current test for"
NSF,price transparency,EAGER: Electromagnetic Detection of Brain Activity,Lehigh University,PA,Svetlana Tatic-Lucic,CSCS: Circuits and Systems for,250000,,07/15/2026,06/30/2028,False,2628803,"Noninvasive measurements of brain activity are widely used for medical diagnostics and scientific research. Widely used methods include functional magnetic resonance imaging (fMRI), electroencephalography (EEG), and functional near-infrared spectroscopy (fNIRS). While fMRI is capable of measuring activity in the entire brain, it requires the use of highly expensive instrumentation in a hospital setting. EEG and fNIRS are relatively portable and inexpensive, but are limited to the detection of neural activity that occurs in superficial layers of the brain. There is an unmet need for a method that is capable of detecting activity in brain regions inaccessible to EEG/fNIRS, but at lower cost and with higher portability than fMRI. Electromagnetic (EM) radiation at radio or microwave wavelengths is capable of penetrating deep into the brain. Propagation of EM waves through the brain is governed by tissue dielectric properties. It has been demonstrated that neural activity causes measurable changes in brain organoid dielectric properties. In this project, the activity-dependent changes in the dielectric properties of brain tissue will be used to develop a non-invasive method of"
NSF,price transparency,Enhanced 19F Magnetic Resonance Imaging Probes for Redox Sensing,University of Texas at Austin,TX,Emily Que,"CMFP-Chem Mech Funct, and Prop",654995,,07/15/2026,06/30/2029,False,2555951,"In this project, Professor Emily Que of the Department of Chemistry at the University of Texas at Austin and Professor Eric Gale of the Department of Radiology at Massachusetts General Hospital will develop magnetic resonance imaging agents for interrogating abnormal redox environments in biological systems including hypoxia and oxidative stress. The goal of this research is to utilize the magnetic and redox properties of iron (Fe) and cobalt (Co) to develop imaging agents for identifying redox environments associated with inflammation, cancer, and other pathologies. In the long term, these agents could enable new diagnostic approaches that help detect disease earlier and monitor how it responds to treatment. This interdisciplinary project draws from the fields of inorganic chemistry, chemical biology, magnetic resonance and will provide rigorous training for graduate and undergraduate scientists. Community college students will further be trained through summer research internships hosted at UT Austin. Fluorinated complexes of Co(II/III) and Fe(II/III) display magnetic resonance properties that are responsive to biologically relevant redox changes and can be exploited for the "
NSF,price transparency,CAREER: Bioengineering of a Human Blood-Spinal Cord Barrier-on-a-Chip,Children's Hospital Medical Center,OH,Ziyuan Guo,Engineering of Biomed Systems,600000,,07/01/2026,06/30/2031,False,2540176,"The human body has a protective shield between the bloodstream and the central nervous system (CNS). This shield includes the blood-spinal cord barrier (BSCB). The BSCB strictly controls which molecules enter the spinal cord. A damaged or compromised BSCB can contribute to neurological disorders, including spinal cord injuries and Amyotrophic Lateral Sclerosis (ALS). Studying these diseases or testing new treatments is challenging, because researchers do not have laboratory models that accurately mimic the BSCB. This CAREER project will bioengineer a ""BSCB-on-a-chip."" The project will use advanced stem cell technology and micro-engineering tools to create a three-dimensional (3D) model that replicates complex interactions between human spinal cord tissue and blood vessels. The BSCB-on-a-chip will help researchers understand how the spinal cord barrier develops and screen new drugs without extensive animal testing. The project will also provide interdisciplinary training for college students and early-career researchers in bioengineering and neuroscience. Additionally, the project team will lead outreach programs to spark interest in STEM fields among elementary and middle school st"
NSF,price transparency,CAREER: Mechanisms of Hidden Microbes: Secretion System Usage by Endofungal Bacteria,University of North Carolina at Charlotte,NC,Morgan Carter,"Cell, Dev, & Physio",1004780,,07/01/2026,06/30/2031,False,2541782,"Fungi pose challenges and opportunities in both the field and hospital, where they can cause devastating diseases, create useful compounds, and promote the well-being of other organisms. The roles of fungi as pathogens, beneficial species, and nutrient cyclers within ecosystems are dramatically affected by their relationship with other microbes present in the same place. Bacteria can even directly inhabit fungi, living internally within their cells and communicating with them through unknown molecules. This project seeks to understand how endofungal bacteria communicate with and control the fungi that they inhabit. The long-term goal of this research is to inform new biotechnology applications to control fungi causing disease and promote fungi providing benefits. Complementary educational goals will integrate undergraduate students in course-based and laboratory-based research experiences early in their college journeys, to improve their training as new scientists. Additionally, visitors to the campus botanical gardens will learn through short courses, informational booths, and new signage about the role of microbes in nature and biotechnology. Though bacteria and fungi interac"
NSF,price transparency,"IntBIO: Chromosomal behavior underlying enhancer network function revealed by genomic perturbation, live fluorescent imaging, and theoretical modeling",Stanford University,CA,Andrew Spakowitz,Molecular Biosciences,1000000,,07/01/2026,06/30/2029,False,2611082,"This project seeks to uncover the fundamental physical rules that govern how genes are switched on and off within our cells. Inside the cell's nucleus, our meter-long DNA is intricately folded into 3-dimensional compartments, and this 3D organization is critical for controlling protein production. Special DNA segments called “enhancers” act as remote-control switches, physically looping through space to form contacts that activate specific genes, a process essential for normal development and cellular function. However, when this process goes awry, it can lead to diseases like cancer. This research will focus on MYC, a critical gene that, when over-activated, drives the growth of many cancers. By combining advanced genetic tools (CRISPR) with high-resolution live-cell microscopy, the research team will directly observe the movement of genomic DNA in real time inside living cells, monitoring the dynamic interactions between enhancers and the MYC gene. To decipher the complex rules of this dance, the team will use a combination of physics-based computer simulations and data-driven models using artificial intelligence. Understanding this process is a crucial step toward new strategies"
NSF,price transparency,STTR Phase I: Anti-scarring Therapies for Vocal Fold Injury,"NOVO HEAL, INC.",NC,Yi Wang,STTR Phase I,305000,,07/01/2026,06/30/2027,True,2605017,"The broader impact/commercial potential of this Small Business Technology Transfer (STTR) Phase I project is significant, and successful commercialization will provide significant clinical benefits to millions of patients with vocal fold injuries in the United States each year, improving communication, employability, community participation, mental health and quality of life. Importantly, the product provides anti-scarring efficacy to help patients to achieve fewer interventions, shorter hospital stays, fewer complications, and lower overall costs. This Small Business Technology Transfer (STTR) Phase I project addresses the difficulty of restoring vocal fold micro-architecture by developing a treatment for voice injury. Injury factors include surgery, overuse, trauma, radiation, intubation, reflux, and infection. Vocal fold fibrosis leads to chronic dysphonia, currently with no approved therapy to restore the needed micro-architecture. The goal of this Phase I project is to develop a scalable, potency-verified vocal fold therapy with a proven safety profile and antifibrotic effects in large animals. To address this need, the team developed a vocal fold therapy, which inhibits T"
